Species,origin_status,invasion_status,mrt,Category
Acacia_mangium,Alien,2,40,CatA
Acacia_senegal,Alien,0,76,CatA
Acmella_oleracea,Alien,0,79,CatA
Amaranthus_blitum,Alien,0,117,CatA
Amaranthus_caudatus,Alien,0,166,CatA
Amaranthus_dubius,Alien,2,53,CatA
Amaranthus_hypochondriacus,Alien,2,166,CatA
Amaranthus_retroflexus,Alien,0,172,CatA
Amaranthus_viridis,Alien,0,159,CatA
Annona_glabra,Alien,1,79,CatA
Anredera_cordifolia,Alien,0,96,CatA
Arachis_hypogaea,Alien,1,157,CatA
Atriplex_hortensis,Alien,1,166,CatA
Avena_fatua,Alien,0,172,CatA
Basella_alba,Alien,0,134,CatA
Begonia_cucullata,Alien,0,121,CatA
Borago_officinalis,Alien,0,86,CatA
Brassica_juncea,Alien,1,137,CatA
Bunias_orientalis,Alien,0,90,CatA
Cajanus_cajan,Alien,0,169,CatA
Canavalia_ensiformis,Alien,1,105,CatA
Canna_indica,Alien,1,169,CatA
Capsella_bursapastoris,Alien,1,166,CatA
Carica_papaya,Alien,1,115,CatA
Carthamus_tinctorius,Alien,1,166,CatA
Chenopodium_giganteum,Alien,2,111,CatA
Chrysanthemum_segetum,Alien,0,121,CatA
Cichorium_intybus,Alien,2,166,CatA
Citrus_aurantiifolia,Alien,1,102,CatA
Clidemia_hirta,Alien,2,23,CatA
Corchorus_olitorius,Alien,0,169,CatA
Cordyline_fruticosa,Alien,1,103,CatA
Coriandrum_sativum,Alien,1,169,CatA
Crassocephalum_crepidioides,Alien,0,98,CatA
Cucumis_melo,Alien,1,123,CatA
Cyperus_rotundus,Alien,0,178,CatA
Diplotaxis_muralis,Alien,2,115,CatA
Eichhornia_crassipes,Alien,0,121,CatA
Elaeis_guineensis,Alien,1,68,CatA
Eleusine_coracana,Alien,1,136,CatA
Emilia_sonchifolia,Alien,1,169,CatA
Epiphyllum_oxypetalum,Alien,1,93,CatA
Erechtites_hieraciifolius,Alien,2,97,CatA
Foeniculum_vulgare,Alien,1,166,CatA
Helianthus_annuus,Alien,1,131,CatA
Helianthus_tuberosus,Alien,1,119,CatA
Hesperis_matronalis,Alien,1,92,CatA
Ipomoea_batatas,Alien,1,137,CatA
Ipomoea_eriocarpa,Alien,1,93,CatA
Ipomoea_turbinata,Alien,1,46,CatA
Lablab_purpureus,Alien,1,169,CatA
Lactuca_sativa,Alien,1,166,CatA
Limnocharis_flava,Alien,0,65,CatA
Linum_usitatissimum,Alien,1,170,CatA
Macrotyloma_uniflorum,Alien,1,89,CatA
Manihot_esculenta,Alien,1,117,CatA
Momordica_charantia,Alien,1,117,CatA
Moringa_oleifera,Alien,1,95,CatA
Muntingia_calabura,Alien,1,88,CatA
Nasturtium_officinale,Alien,0,114,CatA
Nopalea_cochenillifera,Alien,1,104,CatA
Nymphaea_alba,Alien,1,108,CatA
Ocimum_basilicum,Alien,0,121,CatA
Oenothera_glazioviana,Alien,0,162,CatA
Oenothera_stricta,Alien,2,105,CatA
Opuntia_ficusindica,Alien,0,82,CatA
Pachyrhizus_erosus,Alien,1,124,CatA
Passiflora_caerulea,Alien,0,111,CatA
Passiflora_edulis,Alien,0,106,CatA
Passiflora_foetida,Alien,0,169,CatA
Passiflora_morifolia,Alien,2,18,CatA
Passiflora_quadrangularis,Alien,0,71,CatA
Pennisetum_glaucum,Alien,1,126,CatA
Peperomia_pellucida,Alien,0,106,CatA
Pereskia_aculeata,Alien,2,121,CatA
Phalaris_canariensis,Alien,1,123,CatA
Phaseolus_coccineus,Alien,1,116,CatA
Physalis_angulata,Alien,0,179,CatA
Physalis_ixocarpa,Alien,2,65,CatA
Physalis_peruviana,Alien,2,105,CatA
Physalis_philadelphica,Alien,0,112,CatA
Physalis_pubescens,Alien,2,147,CatA
Phytolacca_americana,Alien,0,166,CatA
Pithecellobium_dulce,Alien,1,90,CatA
Portulaca_oleracea,Alien,1,169,CatA
Psidium_guajava,Alien,2,169,CatA
Punica_granatum,Alien,1,131,CatA
Ribes_nigrum,Alien,1,107,CatA
Ribes_uva-crispa,Alien,1,176,CatA
Rollinia_mucosa,Alien,1,2,CatA
Salicornia_bigelovii,Alien,2,21,CatA
Sechium_edule,Alien,1,92,CatA
Senna_occidentalis,Alien,0,169,CatA
Senna_tora,Alien,1,108,CatA
Sesbania_grandiflora,Alien,2,97,CatA
Silene_vulgaris,Alien,0,166,CatA
Solanum_betaceum,Alien,1,67,CatA
Solanum_capsicoides,Alien,0,145,CatA
Solanum_lycopersicum,Alien,1,97,CatA
Solanum_scabrum,Alien,2,106,CatA
Stellaria_media,Alien,0,148,CatA
Tacca_leontopetaloides,Alien,1,118,CatA
Talinum_fruticosum,Alien,2,104,CatA
Trifolium_incarnatum,Alien,2,96,CatA
Trigonella_foenumgraecum,Alien,1,108,CatA
Tropaeolum_majus,Alien,1,121,CatA
Veronica_peregrina,Alien,0,152,CatA
Xanthosoma_sagittifolium,Alien,0,24,CatA
Achillea_millefolium,Alien,2,166,CatB
Alliaria_petiolata,Alien,0,94,CatB
Armoracia_rusticana,Alien,1,96,CatB
Basella_alba,Alien,0,134,CatB
Bixa_orellana,Alien,1,122,CatB
Borago_officinalis,Alien,0,86,CatB
Brassica_juncea,Alien,1,137,CatB
Carica_papaya,Alien,1,115,CatB
Carthamus_tinctorius,Alien,1,166,CatB
Cenchrus_clandestinus,Alien,0,12,CatB
Cichorium_intybus,Alien,2,166,CatB
Cinchona_calisaya,Alien,1,90,CatB
Cinchona_pubescens,Alien,1,94,CatB
Citrus_aurantiifolia,Alien,1,102,CatB
Coriandrum_sativum,Alien,1,169,CatB
Curcuma_longa,Alien,1,126,CatB
Cymbopogon_nardus,Alien,2,112,CatB
Dysphania_ambrosioides,Alien,0,158,CatB
Eryngium_foetidum,Alien,2,125,CatB
Etlingera_elatior,Alien,1,86,CatB
Eucalyptus_globulus,Alien,0,107,CatB
Eutrema_japonicum,Alien,1,102,CatB
Foeniculum_vulgare,Alien,1,166,CatB
Ipomoea_batatas,Alien,1,137,CatB
Jasminum_sambac,Alien,1,115,CatB
Linum_usitatissimum,Alien,1,170,CatB
Lobularia_maritima,Alien,1,105,CatB
Mentha_spicata,Alien,1,109,CatB
Ocimum_basilicum,Alien,0,121,CatB
Oenothera_villosa,Alien,2,66,CatB
Piper_betle,Alien,1,115,CatB
Plantago_indica,Alien,1,85,CatB
Ribes_nigrum,Alien,1,107,CatB
Rosmarinus_officinalis,Alien,1,12,CatB
Salvia_sclarea,Alien,2,91,CatB
Saussurea_costus,Alien,1,67,CatB
Silybum_marianum,Alien,2,83,CatB
Tagetes_erecta,Alien,2,166,CatB
Tagetes_minuta,Alien,0,16,CatB
Tanacetum_vulgare,Alien,2,146,CatB
Trifolium_pratense,Alien,0,109,CatB
Trigonella_foenumgraecum,Alien,1,108,CatB
Acacia_mangium,Alien,2,40,CatC
Aeschynomene_americana,Alien,0,97,CatC
Albizia_lebbeck,Alien,0,169,CatC
Alternanthera_philoxeroides,Alien,0,130,CatC
Amaranthus_caudatus,Alien,0,166,CatC
Amaranthus_hypochondriacus,Alien,2,166,CatC
Amaranthus_retroflexus,Alien,0,172,CatC
Amaranthus_viridis,Alien,0,159,CatC
Amorpha_fruticosa,Alien,1,103,CatC
Arachis_hypogaea,Alien,1,157,CatC
Armoracia_rusticana,Alien,1,96,CatC
Arrhenatherum_elatius,Alien,0,96,CatC
Atriplex_canescens,Alien,0,94,CatC
Avena_fatua,Alien,0,172,CatC
Avena_sterilis,Alien,0,91,CatC
Axonopus_compressus,Alien,2,96,CatC
Axonopus_fissifolius,Alien,0,69,CatC
Brachiaria_brizantha,Alien,0,42,CatC
Brachiaria_eruciformis,Alien,0,95,CatC
Brachiaria_mutica,Alien,0,91,CatC
Bromus_arvensis,Alien,2,166,CatC
Bromus_catharticus,Alien,0,107,CatC
Bromus_pubescens,Alien,1,16,CatC
Buchloe_dactyloides,Alien,2,70,CatC
Cajanus_cajan,Alien,0,169,CatC
Calopogonium_mucunoides,Alien,0,97,CatC
Canavalia_ensiformis,Alien,1,105,CatC
Canna_indica,Alien,1,169,CatC
Carthamus_tinctorius,Alien,1,166,CatC
Cenchrus_purpureus,Alien,0,113,CatC
Centrosema_pubescens,Alien,0,97,CatC
Chloris_gayana,Alien,0,109,CatC
Clitoria_ternatea,Alien,2,129,CatC
Crotalaria_juncea,Alien,2,89,CatC
Crotalaria_lanceolata,Alien,2,87,CatC
Crotalaria_micans,Alien,2,112,CatC
Cynodon_plectostachyus,Alien,1,52,CatC
Cynosurus_cristatus,Alien,1,94,CatC
Cyperus_rotundus,Alien,0,178,CatC
Dactylis_glomerata,Alien,1,174,CatC
Desmanthus_virgatus,Alien,0,59,CatC
Desmodium_intortum,Alien,1,60,CatC
Desmodium_tortuosum,Alien,2,92,CatC
Digitaria_ciliaris,Alien,1,112,CatC
Eichhornia_crassipes,Alien,0,121,CatC
Eleusine_coracana,Alien,1,136,CatC
Eragrostis_ciliaris,Alien,1,110,CatC
Eragrostis_curvula,Alien,0,69,CatC
Erigeron_canadensis,Alien,0,162,CatC
Festuca_arundinacea,Alien,0,91,CatC
Gliricidia_sepium,Alien,2,34,CatC
Glyceria_maxima,Alien,2,124,CatC
Helianthus_annuus,Alien,1,131,CatC
Helianthus_tuberosus,Alien,1,119,CatC
Ipomoea_batatas,Alien,1,137,CatC
Ipomoea_eriocarpa,Alien,1,93,CatC
Lepidium_virginicum,Alien,0,112,CatC
Linum_usitatissimum,Alien,1,170,CatC
Lolium_multiflorum,Alien,2,107,CatC
Lolium_perenne,Alien,2,123,CatC
Lotus_corniculatus,Alien,1,166,CatC
Macroptilium_atropurpureum,Alien,2,54,CatC
Macroptilium_lathyroides,Alien,2,109,CatC
Macrotyloma_uniflorum,Alien,1,89,CatC
Medicago_minima,Alien,2,112,CatC
Medicago_polymorpha,Alien,0,121,CatC
Medicago_sativa,Alien,0,166,CatC
Melinis_minutiflora,Alien,2,92,CatC
Mimosa_diplotricha,Alien,2,95,CatC
Nopalea_cochenillifera,Alien,1,104,CatC
Opuntia_cochenillifera,Alien,2,38,CatC
Opuntia_ficusindica,Alien,0,82,CatC
Pachyrhizus_erosus,Alien,1,124,CatC
Panicum_maximum,Alien,0,114,CatC
Paspalidium_flavidum,Alien,1,86,CatC
Paspalum_conjugatum,Alien,0,110,CatC
Paspalum_dilatatum,Alien,0,103,CatC
Paspalum_distichum,Alien,0,101,CatC
Paspalum_notatum,Alien,2,110,CatC
Paspalum_urvillei,Alien,2,59,CatC
Pennisetum_clandestinum,Alien,2,64,CatC
Pennisetum_glaucum,Alien,1,126,CatC
Pennisetum_purpureum,Alien,2,113,CatC
Phalaris_canariensis,Alien,1,123,CatC
Phalaris_minor,Alien,2,97,CatC
Phleum_pratense,Alien,2,114,CatC
Pithecellobium_dulce,Alien,1,90,CatC
Plantago_lanceolata,Alien,1,123,CatC
Poa_compressa,Alien,1,119,CatC
Poa_pratensis,Alien,1,120,CatC
Poa_trivialis,Alien,1,97,CatC
Portulaca_oleracea,Alien,1,169,CatC
Sechium_edule,Alien,1,92,CatC
Securigera_varia,Alien,0,8,CatC
Sesbania_cannabina,Alien,0,112,CatC
Sesbania_grandiflora,Alien,2,97,CatC
Sesbania_sesban,Alien,2,104,CatC
Sinapis_alba,Alien,1,104,CatC
Sorghum_halepense,Alien,0,111,CatC
Spartina_alterniflora,Alien,0,90,CatC
Spartina_anglica,Alien,0,86,CatC
Spartina_patens,Alien,2,42,CatC
Spergula_arvensis,Alien,1,122,CatC
Stylosanthes_guianensis,Alien,2,60,CatC
Symphytum_officinale,Alien,2,94,CatC
Tagetes_erecta,Alien,2,166,CatC
Trifolium_alexandrinum,Alien,1,20,CatC
Trifolium_dubium,Alien,1,65,CatC
Trifolium_fragiferum,Alien,1,104,CatC
Trifolium_hybridum,Alien,2,120,CatC
Trifolium_incarnatum,Alien,2,96,CatC
Trifolium_medium,Alien,1,64,CatC
Trifolium_pratense,Alien,0,109,CatC
Trifolium_repens,Alien,0,166,CatC
Trigonella_foenumgraecum,Alien,1,108,CatC
Tripsacum_dactyloides,Alien,1,15,CatC
Ulex_europaeus,Alien,0,160,CatC
Vicia_villosa,Alien,0,115,CatC
Acacia_dealbata,Alien,0,83,CatD
Acacia_mearnsii,Alien,0,71,CatD
Acacia_senegal,Alien,0,76,CatD
Acer_negundo,Alien,2,131,CatD
Bidens_bipinnata,Alien,0,169,CatD
Borago_officinalis,Alien,0,86,CatD
Brassica_juncea,Alien,1,137,CatD
Bunias_orientalis,Alien,0,90,CatD
Carthamus_tinctorius,Alien,1,166,CatD
Cyanus_segetum,Alien,2,105,CatD
Eucalyptus_globulus,Alien,0,107,CatD
Gliricidia_sepium,Alien,2,34,CatD
Helianthus_annuus,Alien,1,131,CatD
Ipomoea_triloba,Alien,0,101,CatD
Lotus_corniculatus,Alien,1,166,CatD
Neonotonia_wightii,Alien,1,60,CatD
Oxalis_pescaprae,Alien,1,95,CatD
Robinia_pseudoacacia,Alien,0,145,CatD
Rosmarinus_officinalis,Alien,1,12,CatD
Salix_fragilis,Alien,1,98,CatD
Silphium_perfoliatum,Alien,0,76,CatD
Silybum_marianum,Alien,2,83,CatD
Solidago_canadensis,Alien,0,108,CatD
Tithonia_rotundifolia,Alien,0,96,CatD
Trifolium_dubium,Alien,1,65,CatD
Trifolium_hybridum,Alien,2,120,CatD
Trifolium_incarnatum,Alien,2,96,CatD
Trifolium_pratense,Alien,0,109,CatD
Trifolium_repens,Alien,0,166,CatD
Nopalea_cochenillifera,Alien,1,104,CatE
Acacia_dealbata,Alien,0,83,CatF
Acacia_decurrens,Alien,0,98,CatF
Acacia_mangium,Alien,2,40,CatF
Acacia_mearnsii,Alien,0,71,CatF
Acacia_senegal,Alien,0,76,CatF
Acer_negundo,Alien,2,131,CatF
Achillea_millefolium,Alien,2,166,CatF
Agave_americana,Alien,0,122,CatF
Agave_fourcroydes,Alien,1,112,CatF
Agave_sisalana,Alien,2,132,CatF
Albizia_lebbeck,Alien,0,169,CatF
Amorpha_fruticosa,Alien,1,103,CatF
Annona_glabra,Alien,1,79,CatF
Arachis_hypogaea,Alien,1,157,CatF
Armoracia_rusticana,Alien,1,96,CatF
Berberis_thunbergii,Alien,1,133,CatF
Bixa_orellana,Alien,1,122,CatF
Canna_indica,Alien,1,169,CatF
Cannabis_sativa,Alien,0,157,CatF
Capsella_bursapastoris,Alien,1,166,CatF
Carica_papaya,Alien,1,115,CatF
Carthamus_tinctorius,Alien,1,166,CatF
Cascabela_thevetia,Alien,1,105,CatF
Cereus_repandus,Alien,1,18,CatF
Chenopodium_giganteum,Alien,2,111,CatF
Chrysopogon_zizanioides,Alien,2,86,CatF
Cinchona_pubescens,Alien,1,94,CatF
Citrus_aurantiifolia,Alien,1,102,CatF
Corchorus_olitorius,Alien,0,169,CatF
Coriandrum_sativum,Alien,1,169,CatF
Cosmos_bipinnatus,Alien,0,120,CatF
Cosmos_sulphureus,Alien,0,100,CatF
Cota_tinctoria,Alien,1,91,CatF
Crotalaria_juncea,Alien,2,89,CatF
Curcuma_longa,Alien,1,126,CatF
Cymbopogon_nardus,Alien,2,112,CatF
Cyperus_rotundus,Alien,0,178,CatF
Dalbergia_sissoo,Alien,1,164,CatF
Datura_stramonium,Alien,0,163,CatF
Dolichandra_unguiscati,Alien,0,182,CatF
Dysphania_ambrosioides,Alien,0,158,CatF
Elaeis_guineensis,Alien,1,68,CatF
Eleusine_coracana,Alien,1,136,CatF
Eucalyptus_globulus,Alien,0,107,CatF
Eucalyptus_robusta,Alien,0,132,CatF
Euphorbia_cyathophora,Alien,0,94,CatF
Euphorbia_lathyris,Alien,1,136,CatF
Furcraea_foetida,Alien,1,112,CatF
Gliricidia_sepium,Alien,2,34,CatF
Helianthus_annuus,Alien,1,131,CatF
Impatiens_balsamina,Alien,0,105,CatF
Indigofera_suffruticosa,Alien,2,161,CatF
Ipomoea_batatas,Alien,1,137,CatF
Iresine_herbstii,Alien,1,101,CatF
Jasminum_sambac,Alien,1,115,CatF
Linum_usitatissimum,Alien,1,170,CatF
Manihot_esculenta,Alien,1,117,CatF
Martynia_annua,Alien,2,58,CatF
Mentha_spicata,Alien,1,109,CatF
Mirabilis_jalapa,Alien,0,174,CatF
Morinda_lucida,Alien,1,21,CatF
Moringa_oleifera,Alien,1,95,CatF
Muntingia_calabura,Alien,1,88,CatF
Nopalea_cochenillifera,Alien,1,104,CatF
Ochrosia_elliptica,Alien,0,92,CatF
Ocimum_basilicum,Alien,0,121,CatF
Oenothera_biennis,Alien,2,123,CatF
Oenothera_stricta,Alien,2,105,CatF
Opuntia_cochenillifera,Alien,2,38,CatF
Opuntia_ficusindica,Alien,0,82,CatF
Pachyrhizus_erosus,Alien,1,124,CatF
Parthenium_argentatum,Alien,2,71,CatF
Passiflora_edulis,Alien,0,106,CatF
Phytolacca_americana,Alien,0,166,CatF
Pithecellobium_dulce,Alien,1,90,CatF
Portulaca_oleracea,Alien,1,169,CatF
Rauvolfia_tetraphylla,Alien,1,62,CatF
Ribes_nigrum,Alien,1,107,CatF
Robinia_pseudoacacia,Alien,0,145,CatF
Rosmarinus_officinalis,Alien,1,12,CatF
Salix_fragilis,Alien,1,98,CatF
Salvia_sclarea,Alien,2,91,CatF
Sansevieria_trifasciata,Alien,2,104,CatF
Saponaria_officinalis,Alien,1,110,CatF
Saussurea_costus,Alien,1,67,CatF
Sesbania_cannabina,Alien,0,112,CatF
Sesbania_grandiflora,Alien,2,97,CatF
Sida_acuta,Alien,0,118,CatF
Spartina_anglica,Alien,0,86,CatF
Symphytum_officinale,Alien,2,94,CatF
Tagetes_erecta,Alien,2,166,CatF
Tagetes_minuta,Alien,0,16,CatF
Tanacetum_vulgare,Alien,2,146,CatF
Trigonella_foenumgraecum,Alien,1,108,CatF
Vachellia_nilotica,Alien,2,50,CatF
Waltheria_indica,Alien,0,179,CatF
Acacia_dealbata,Alien,0,83,CatG
Acacia_decurrens,Alien,0,98,CatG
Acacia_mangium,Alien,2,40,CatG
Acacia_mearnsii,Alien,0,71,CatG
Acacia_senegal,Alien,0,76,CatG
Albizia_lebbeck,Alien,0,169,CatG
Arachis_hypogaea,Alien,1,157,CatG
Cajanus_cajan,Alien,0,169,CatG
Cereus_repandus,Alien,1,18,CatG
Cuphea_carthagenensis,Alien,0,62,CatG
Elaeis_guineensis,Alien,1,68,CatG
Eucalyptus_globulus,Alien,0,107,CatG
Euphorbia_lathyris,Alien,1,136,CatG
Gliricidia_sepium,Alien,2,34,CatG
Helianthus_annuus,Alien,1,131,CatG
Helianthus_tuberosus,Alien,1,119,CatG
Moringa_oleifera,Alien,1,95,CatG
Muntingia_calabura,Alien,1,88,CatG
Opuntia_ficusindica,Alien,0,82,CatG
Pithecellobium_dulce,Alien,1,90,CatG
Robinia_pseudoacacia,Alien,0,145,CatG
Salicornia_bigelovii,Alien,2,21,CatG
Salix_fragilis,Alien,1,98,CatG
Senna_siamea,Alien,1,101,CatG
Sesbania_cannabina,Alien,0,112,CatG
Sesbania_grandiflora,Alien,2,97,CatG
Sesbania_sesban,Alien,2,104,CatG
Silphium_perfoliatum,Alien,0,76,CatG
Spartina_anglica,Alien,0,86,CatG
Vachellia_nilotica,Alien,2,50,CatG
Argyreia_nervosa,Alien,1,104,CatH
Euphorbia_pulcherrima,Alien,0,102,CatH
Nicotiana_alata,Alien,1,106,CatH
Piper_betle,Alien,1,115,CatH
Senna_occidentalis,Alien,0,169,CatH
Tagetes_erecta,Alien,2,166,CatH
Achillea_millefolium,Alien,2,166,CatI
Agave_americana,Alien,0,122,CatI
Ageratina_adenophora,Alien,0,87,CatI
Ageratina_riparia,Alien,1,20,CatI
Amaranthus_palmeri,Alien,0,37,CatI
Amaranthus_powellii,Alien,0,28,CatI
Amaranthus_retroflexus,Alien,0,172,CatI
Ambrosia_artemisiifolia,Alien,0,92,CatI
Ambrosia_trifida,Alien,0,113,CatI
Ammi_majus,Alien,0,96,CatI
Anagallis_arvensis,Alien,1,122,CatI
Arachis_hypogaea,Alien,1,157,CatI
Argemone_mexicana,Alien,0,169,CatI
Armoracia_rusticana,Alien,1,96,CatI
Atriplex_canescens,Alien,0,94,CatI
Atropa_bella-donna,Alien,0,101,CatI
Avena_fatua,Alien,0,172,CatI
Avena_sterilis,Alien,0,91,CatI
Brassica_juncea,Alien,1,137,CatI
Brugmansia_suaveolens,Alien,0,99,CatI
Bryophyllum_daigremontianum,Alien,2,58,CatI
Bryophyllum_delagoense,Alien,2,9,CatI
Bryophyllum_pinnatum,Alien,0,161,CatI
Caesalpinia_pulcherrima,Alien,1,169,CatI
Caladium_bicolor,Alien,1,79,CatI
Calotropis_procera,Alien,0,138,CatI
Canavalia_ensiformis,Alien,1,105,CatI
Capsella_bursapastoris,Alien,1,166,CatI
Cascabela_thevetia,Alien,1,105,CatI
Cenchrus_clandestinus,Alien,0,12,CatI
Cestrum_nocturnum,Alien,2,124,CatI
Cichorium_intybus,Alien,2,166,CatI
Citrus_aurantiifolia,Alien,1,102,CatI
Conium_maculatum,Alien,0,120,CatI
Crotalaria_incana,Alien,2,70,CatI
Crotalaria_juncea,Alien,2,89,CatI
Cynodon_plectostachyus,Alien,1,52,CatI
Dactylis_glomerata,Alien,1,174,CatI
Datura_stramonium,Alien,0,163,CatI
Derris_elliptica,Alien,0,88,CatI
Dieffenbachia_seguine,Alien,1,69,CatI
Digitalis_purpurea,Alien,1,119,CatI
Duranta_erecta,Alien,1,126,CatI
Dysphania_ambrosioides,Alien,0,158,CatI
Erodium_moschatum,Alien,1,30,CatI
Eupatorium_adenophorum,Alien,1,60,CatI
Euphorbia_cyathophora,Alien,0,94,CatI
Euphorbia_heterophylla,Alien,0,115,CatI
Euphorbia_lathyris,Alien,1,136,CatI
Euphorbia_maculata,Alien,0,108,CatI
Euphorbia_marginata,Alien,2,115,CatI
Euphorbia_milii,Alien,1,109,CatI
Euphorbia_neriifolia,Alien,1,116,CatI
Euphorbia_nutans,Alien,2,16,CatI
Euphorbia_peplus,Alien,0,97,CatI
Euphorbia_prostrata,Alien,0,101,CatI
Euphorbia_pulcherrima,Alien,0,102,CatI
Euphorbia_tithymaloides,Alien,1,94,CatI
Festuca_arundinacea,Alien,0,91,CatI
Festuca_rubra,Alien,0,125,CatI
Glyceria_maxima,Alien,2,124,CatI
Gomphrena_celosioides,Alien,2,122,CatI
Grindelia_squarrosa,Alien,2,86,CatI
Helenium_autumnale,Alien,2,113,CatI
Helianthus_annuus,Alien,1,131,CatI
Helianthus_tuberosus,Alien,1,119,CatI
Heliotropium_europaeum,Alien,0,145,CatI
Hippobroma_longiflora,Alien,0,93,CatI
Holcus_lanatus,Alien,2,120,CatI
Hordeum_jubatum,Alien,0,96,CatI
Indigofera_suffruticosa,Alien,2,161,CatI
Ipomoea_purpurea,Alien,0,132,CatI
Kalanchoe_tubiflora,Alien,1,48,CatI
Lactuca_sativa,Alien,1,166,CatI
Lactuca_serriola,Alien,0,137,CatI
Lantana_montevidensis,Alien,2,100,CatI
Linum_usitatissimum,Alien,1,170,CatI
Lolium_multiflorum,Alien,2,107,CatI
Lolium_perenne,Alien,2,123,CatI
Lolium_rigidum,Alien,1,121,CatI
Lolium_temulentum,Alien,0,74,CatI
Lotus_corniculatus,Alien,1,166,CatI
Medicago_sativa,Alien,0,166,CatI
Momordica_charantia,Alien,1,117,CatI
Oxalis_latifolia,Alien,0,16,CatI
Oxalis_pescaprae,Alien,1,95,CatI
Pachyrhizus_erosus,Alien,1,124,CatI
Panicum_maximum,Alien,0,114,CatI
Papaver_nudicaule,Alien,1,161,CatI
Parthenium_argentatum,Alien,2,71,CatI
Parthenium_hysterophorus,Alien,0,96,CatI
Parthenocissus_quinquefolia,Alien,2,122,CatI
Paspalum_dilatatum,Alien,0,103,CatI
Paspalum_distichum,Alien,0,101,CatI
Pennisetum_clandestinum,Alien,2,64,CatI
Phalaris_minor,Alien,2,97,CatI
Phaseolus_coccineus,Alien,1,116,CatI
Phleum_pratense,Alien,2,114,CatI
Physalis_peruviana,Alien,2,105,CatI
Phytolacca_americana,Alien,0,166,CatI
Portulaca_oleracea,Alien,1,169,CatI
Raphanus_raphanistrum,Alien,2,106,CatI
Rapistrum_rugosum,Alien,0,34,CatI
Rivina_humilis,Alien,2,99,CatI
Robinia_pseudoacacia,Alien,0,145,CatI
Rudbeckia_hirta,Alien,0,121,CatI
Rudbeckia_laciniata,Alien,0,106,CatI
Saponaria_officinalis,Alien,1,110,CatI
Secale_cereale,Alien,0,112,CatI
Securigera_varia,Alien,0,8,CatI
Senna_bicapsularis,Alien,0,30,CatI
Senna_didymobotrya,Alien,0,59,CatI
Senna_occidentalis,Alien,0,169,CatI
Silybum_marianum,Alien,2,83,CatI
Sinapis_arvensis,Alien,1,57,CatI
Sisyrinchium_micranthum,Alien,1,112,CatI
Solanum_aculeatissimum,Alien,0,133,CatI
Solanum_carolinense,Alien,2,65,CatI
Solanum_elaeagnifolium,Alien,0,21,CatI
Solanum_lycopersicum,Alien,1,97,CatI
Solanum_mauritianum,Alien,2,21,CatI
Solanum_pseudocapsicum,Alien,2,123,CatI
Solanum_seaforthianum,Alien,1,112,CatI
Soliva_sessilis,Alien,0,32,CatI
Sorghum_halepense,Alien,0,111,CatI
Sphagneticola_trilobata,Alien,0,46,CatI
Stellaria_media,Alien,0,148,CatI
Symphytum_officinale,Alien,2,94,CatI
Tagetes_minuta,Alien,0,16,CatI
Tanacetum_vulgare,Alien,2,146,CatI
Tephrosia_vogelii,Alien,1,97,CatI
Trifolium_hybridum,Alien,2,120,CatI
Trifolium_incarnatum,Alien,2,96,CatI
Trifolium_pratense,Alien,0,109,CatI
Trifolium_repens,Alien,0,166,CatI
Vaccaria_hispanica,Alien,0,116,CatI
Vachellia_nilotica,Alien,2,50,CatI
Xanthium_spinosum,Alien,0,91,CatI
Acmella_oleracea,Alien,0,79,CatJ
Derris_elliptica,Alien,0,88,CatJ
Eschscholzia_californica,Alien,1,101,CatJ
Euphorbia_milii,Alien,1,109,CatJ
Justicia_adhatoda,Alien,2,172,CatJ
Peperomia_pellucida,Alien,0,106,CatJ
Tagetes_erecta,Alien,2,166,CatJ
Tagetes_minuta,Alien,0,16,CatJ
Tanacetum_vulgare,Alien,2,146,CatJ
Tephrosia_vogelii,Alien,1,97,CatJ
Acacia_senegal,Alien,0,76,CatK
Acanthospermum_australe,Alien,1,86,CatK
Acanthospermum_hispidum,Alien,0,86,CatK
Achillea_millefolium,Alien,2,166,CatK
Acmella_oleracea,Alien,0,79,CatK
Agave_americana,Alien,0,122,CatK
Agave_sisalana,Alien,2,132,CatK
Ageratum_houstonianum,Alien,0,162,CatK
Albizia_lebbeck,Alien,0,169,CatK
Alliaria_petiolata,Alien,0,94,CatK
Alternanthera_bettzickiana,Alien,1,105,CatK
Alternanthera_philoxeroides,Alien,0,130,CatK
Alternanthera_pungens,Alien,0,67,CatK
Amaranthus_albus,Alien,0,107,CatK
Amaranthus_caudatus,Alien,0,166,CatK
Amaranthus_dubius,Alien,2,53,CatK
Amaranthus_hybridus,Alien,0,174,CatK
Amaranthus_hypochondriacus,Alien,2,166,CatK
Amaranthus_retroflexus,Alien,0,172,CatK
Amaranthus_viridis,Alien,0,159,CatK
Ambrosia_artemisiifolia,Alien,0,92,CatK
Ammi_majus,Alien,0,96,CatK
Anagallis_arvensis,Alien,1,122,CatK
Andrographis_paniculata,Alien,1,98,CatK
Annona_glabra,Alien,1,79,CatK
Anredera_cordifolia,Alien,0,96,CatK
Arachis_hypogaea,Alien,1,157,CatK
Argemone_mexicana,Alien,0,169,CatK
Argyreia_nervosa,Alien,1,104,CatK
Armoracia_rusticana,Alien,1,96,CatK
Atropa_bella-donna,Alien,0,101,CatK
Avena_fatua,Alien,0,172,CatK
Basella_alba,Alien,0,134,CatK
Berberis_thunbergii,Alien,1,133,CatK
Bidens_bipinnata,Alien,0,169,CatK
Bidens_frondosa,Alien,0,122,CatK
Bixa_orellana,Alien,1,122,CatK
Borago_officinalis,Alien,0,86,CatK
Bougainvillea_glabra,Alien,1,100,CatK
Bougainvillea_spectabilis,Alien,1,106,CatK
Brachiaria_brizantha,Alien,0,42,CatK
Brassica_juncea,Alien,1,137,CatK
Bryophyllum_pinnatum,Alien,0,161,CatK
Caesalpinia_pulcherrima,Alien,1,169,CatK
Cajanus_cajan,Alien,0,169,CatK
Caladium_bicolor,Alien,1,79,CatK
Calotropis_procera,Alien,0,138,CatK
Canavalia_ensiformis,Alien,1,105,CatK
Canna_indica,Alien,1,169,CatK
Cannabis_sativa,Alien,0,157,CatK
Capsella_bursapastoris,Alien,1,166,CatK
Cardamine_flexuosa,Alien,0,137,CatK
Carica_papaya,Alien,1,115,CatK
Carthamus_tinctorius,Alien,1,166,CatK
Cascabela_thevetia,Alien,1,105,CatK
Cestrum_nocturnum,Alien,2,124,CatK
Chenopodium_hybridum,Alien,0,158,CatK
Chromolaena_odorata,Alien,0,88,CatK
Chrysopogon_zizanioides,Alien,2,86,CatK
Cichorium_intybus,Alien,2,166,CatK
Cinchona_calisaya,Alien,1,90,CatK
Cinchona_officinalis,Alien,1,94,CatK
Cinchona_pubescens,Alien,1,94,CatK
Citrus_aurantiifolia,Alien,1,102,CatK
Clitoria_ternatea,Alien,2,129,CatK
Conium_maculatum,Alien,0,120,CatK
Corchorus_olitorius,Alien,0,169,CatK
Coriandrum_sativum,Alien,1,169,CatK
Cosmos_bipinnatus,Alien,0,120,CatK
Crassocephalum_crepidioides,Alien,0,98,CatK
Crotalaria_juncea,Alien,2,89,CatK
Crotalaria_micans,Alien,2,112,CatK
Cucumis_melo,Alien,1,123,CatK
Cuphea_carthagenensis,Alien,0,62,CatK
Curcuma_longa,Alien,1,126,CatK
Cyanus_segetum,Alien,2,105,CatK
Cymbopogon_nardus,Alien,2,112,CatK
Cyperus_rotundus,Alien,0,178,CatK
Dahlia_pinnata,Alien,1,131,CatK
Dalbergia_sissoo,Alien,1,164,CatK
Datura_inoxia,Alien,2,117,CatK
Datura_stramonium,Alien,0,163,CatK
Dieffenbachia_seguine,Alien,1,69,CatK
Digitalis_purpurea,Alien,1,119,CatK
Dolichandra_unguiscati,Alien,0,182,CatK
Duranta_erecta,Alien,1,126,CatK
Dysphania_ambrosioides,Alien,0,158,CatK
Eclipta_prostrata,Alien,1,169,CatK
Eichhornia_crassipes,Alien,0,121,CatK
Elaeis_guineensis,Alien,1,68,CatK
Elephantopus_tomentosus,Alien,0,94,CatK
Emilia_sonchifolia,Alien,1,169,CatK
Erigeron_annuus,Alien,0,136,CatK
Erigeron_bonariensis,Alien,0,169,CatK
Erigeron_canadensis,Alien,0,162,CatK
Erigeron_philadelphicus,Alien,0,87,CatK
Erigeron_strigosus,Alien,0,67,CatK
Eryngium_foetidum,Alien,2,125,CatK
Eschscholzia_californica,Alien,1,101,CatK
Eucalyptus_globulus,Alien,0,107,CatK
Eucalyptus_robusta,Alien,0,132,CatK
Eupatorium_cannabinum,Alien,0,119,CatK
Euphorbia_antiquorum,Alien,0,105,CatK
Euphorbia_cyathophora,Alien,0,94,CatK
Euphorbia_dentata,Alien,0,46,CatK
Euphorbia_hypericifolia,Alien,0,137,CatK
Euphorbia_hyssopifolia,Alien,0,133,CatK
Euphorbia_lathyris,Alien,1,136,CatK
Euphorbia_milii,Alien,1,109,CatK
Euphorbia_neriifolia,Alien,1,116,CatK
Euphorbia_peplus,Alien,0,97,CatK
Euphorbia_prostrata,Alien,0,101,CatK
Euphorbia_pulcherrima,Alien,0,102,CatK
Euphorbia_tithymaloides,Alien,1,94,CatK
Eutrema_japonicum,Alien,1,102,CatK
Flaveria_bidentis,Alien,0,32,CatK
Foeniculum_vulgare,Alien,1,166,CatK
Galium_aparine,Alien,2,137,CatK
Geranium_carolinianum,Alien,0,104,CatK
Gliricidia_sepium,Alien,2,34,CatK
Gomphrena_globosa,Alien,1,120,CatK
Grindelia_squarrosa,Alien,2,86,CatK
Helianthus_annuus,Alien,1,131,CatK
Helianthus_tuberosus,Alien,1,119,CatK
Heliotropium_europaeum,Alien,0,145,CatK
Hyptis_brevipes,Alien,0,97,CatK
Hyptis_suaveolens,Alien,0,104,CatK
Impatiens_balsamina,Alien,0,105,CatK
Indigofera_suffruticosa,Alien,2,161,CatK
Ipomoea_batatas,Alien,1,137,CatK
Ipomoea_mauritiana,Alien,0,90,CatK
Ipomoea_nil,Alien,0,123,CatK
Ipomoea_purpurea,Alien,0,132,CatK
Ipomoea_turbinata,Alien,1,46,CatK
Iresine_herbstii,Alien,1,101,CatK
Jasminum_sambac,Alien,1,115,CatK
Justicia_adhatoda,Alien,2,172,CatK
Justicia_gendarussa,Alien,0,170,CatK
Lablab_purpureus,Alien,1,169,CatK
Lactuca_serriola,Alien,0,137,CatK
Lepidium_virginicum,Alien,0,112,CatK
Leucanthemum_vulgare,Alien,0,112,CatK
Linum_usitatissimum,Alien,1,170,CatK
Lolium_temulentum,Alien,0,74,CatK
Ludwigia_hyssopifolia,Alien,1,95,CatK
Macrotyloma_uniflorum,Alien,1,89,CatK
Malvastrum_coromandelianum,Alien,0,161,CatK
Matricaria_matricarioides,Alien,1,72,CatK
Medicago_sativa,Alien,0,166,CatK
Mentha_spicata,Alien,1,109,CatK
Mirabilis_jalapa,Alien,0,174,CatK
Momordica_charantia,Alien,1,117,CatK
Morinda_lucida,Alien,1,21,CatK
Moringa_oleifera,Alien,1,95,CatK
Myosotis_arvensis,Alien,1,20,CatK
Nasturtium_officinale,Alien,0,114,CatK
Nicandra_physalodes,Alien,0,179,CatK
Nymphaea_alba,Alien,1,108,CatK
Ochrosia_elliptica,Alien,0,92,CatK
Ocimum_basilicum,Alien,0,121,CatK
Oenothera_biennis,Alien,2,123,CatK
Oenothera_glazioviana,Alien,0,162,CatK
Oenothera_rosea,Alien,0,86,CatK
Oenothera_stricta,Alien,2,105,CatK
Oenothera_villosa,Alien,2,66,CatK
Opuntia_ficusindica,Alien,0,82,CatK
Parthenocissus_quinquefolia,Alien,2,122,CatK
Passiflora_caerulea,Alien,0,111,CatK
Passiflora_edulis,Alien,0,106,CatK
Passiflora_foetida,Alien,0,169,CatK
Passiflora_quadrangularis,Alien,0,71,CatK
Peperomia_pellucida,Alien,0,106,CatK
Petiveria_alliacea,Alien,0,87,CatK
Phalaris_canariensis,Alien,1,123,CatK
Phyllanthus_amarus,Alien,2,106,CatK
Phyllanthus_niruri,Alien,2,108,CatK
Physalis_ixocarpa,Alien,2,65,CatK
Physalis_peruviana,Alien,2,105,CatK
Physalis_philadelphica,Alien,0,112,CatK
Phytolacca_americana,Alien,0,166,CatK
Piper_betle,Alien,1,115,CatK
Pithecellobium_dulce,Alien,1,90,CatK
Plantago_indica,Alien,1,85,CatK
Plantago_lanceolata,Alien,1,123,CatK
Plumeria_rubra,Alien,1,138,CatK
Porophyllum_ruderale,Alien,0,4,CatK
Portulaca_grandiflora,Alien,1,131,CatK
Portulaca_oleracea,Alien,1,169,CatK
Portulaca_pilosa,Alien,0,112,CatK
Pseudelephantopus_spicatus,Alien,0,97,CatK
Psidium_guajava,Alien,2,169,CatK
Punica_granatum,Alien,1,131,CatK
Pyrostegia_venusta,Alien,1,101,CatK
Ranunculus_arvensis,Alien,0,94,CatK
Raphanus_raphanistrum,Alien,2,106,CatK
Rauvolfia_tetraphylla,Alien,1,62,CatK
Ribes_uva-crispa,Alien,1,176,CatK
Robinia_pseudoacacia,Alien,0,145,CatK
Rosmarinus_officinalis,Alien,1,12,CatK
Salix_fragilis,Alien,1,98,CatK
Salvia_coccinea,Alien,2,105,CatK
Salvia_sclarea,Alien,2,91,CatK
Sanvitalia_procumbens,Alien,1,101,CatK
Saponaria_officinalis,Alien,1,110,CatK
Saussurea_costus,Alien,1,67,CatK
Scoparia_dulcis,Alien,0,169,CatK
Secale_cereale,Alien,0,112,CatK
Sechium_edule,Alien,1,92,CatK
Senna_alata,Alien,2,113,CatK
Senna_obtusifolia,Alien,0,105,CatK
Senna_occidentalis,Alien,0,169,CatK
Senna_tora,Alien,1,108,CatK
Sesbania_grandiflora,Alien,2,97,CatK
Sesbania_sesban,Alien,2,104,CatK
Sida_acuta,Alien,0,118,CatK
Silphium_perfoliatum,Alien,0,76,CatK
Silybum_marianum,Alien,2,83,CatK
Sinapis_alba,Alien,1,104,CatK
Sisymbrium_officinale,Alien,1,96,CatK
Solanum_aculeatissimum,Alien,0,133,CatK
Solanum_capsicoides,Alien,0,145,CatK
Solanum_carolinense,Alien,2,65,CatK
Solanum_erianthum,Alien,0,165,CatK
Solanum_lycopersicum,Alien,1,97,CatK
Solanum_mauritianum,Alien,2,21,CatK
Solanum_rostratum,Alien,0,127,CatK
Solanum_viarum,Alien,2,118,CatK
Solidago_canadensis,Alien,0,108,CatK
Sonchus_oleraceus,Alien,0,174,CatK
Stachytarpheta_jamaicensis,Alien,0,104,CatK
Stellaria_media,Alien,0,148,CatK
Symphytum_officinale,Alien,2,94,CatK
Tacca_leontopetaloides,Alien,1,118,CatK
Tagetes_erecta,Alien,2,166,CatK
Tagetes_minuta,Alien,0,16,CatK
Tanacetum_vulgare,Alien,2,146,CatK
Trifolium_pratense,Alien,0,109,CatK
Trifolium_repens,Alien,0,166,CatK
Trigonella_foenumgraecum,Alien,1,108,CatK
Tropaeolum_majus,Alien,1,121,CatK
Vaccaria_hispanica,Alien,0,116,CatK
Vachellia_nilotica,Alien,2,50,CatK
Veronica_peregrina,Alien,0,152,CatK
Voacanga_africana,Alien,0,50,CatK
Acacia_dealbata,Alien,0,83,CatL
Acacia_decurrens,Alien,0,98,CatL
Acacia_longifolia,Alien,0,82,CatL
Acacia_mangium,Alien,2,40,CatL
Acacia_mearnsii,Alien,0,71,CatL
Acacia_senegal,Alien,0,76,CatL
Acer_negundo,Alien,2,131,CatL
Achillea_millefolium,Alien,2,166,CatL
Acmella_oleracea,Alien,0,79,CatL
Aeschynomene_americana,Alien,0,97,CatL
Agave_americana,Alien,0,122,CatL
Agave_sisalana,Alien,2,132,CatL
Ageratina_adenophora,Alien,0,87,CatL
Ageratina_riparia,Alien,1,20,CatL
Ageratum_houstonianum,Alien,0,162,CatL
Albizia_lebbeck,Alien,0,169,CatL
Alternanthera_bettzickiana,Alien,1,105,CatL
Alternanthera_paronychioides,Alien,2,102,CatL
Alternanthera_philoxeroides,Alien,0,130,CatL
Alyssum_alyssoides,Alien,0,94,CatL
Amaranthus_caudatus,Alien,0,166,CatL
Amaranthus_hypochondriacus,Alien,2,166,CatL
Amaranthus_retroflexus,Alien,0,172,CatL
Amberboa_moschata,Alien,1,166,CatL
Ammi_majus,Alien,0,96,CatL
Amorpha_fruticosa,Alien,1,103,CatL
Anredera_cordifolia,Alien,0,96,CatL
Anredera_vesicaria,Alien,0,45,CatL
Antigonon_leptopus,Alien,2,106,CatL
Arachis_hypogaea,Alien,1,157,CatL
Argyreia_nervosa,Alien,1,104,CatL
Arrhenatherum_elatius,Alien,0,96,CatL
Asparagus_densiflorus,Alien,0,103,CatL
Atriplex_canescens,Alien,0,94,CatL
Atriplex_nummularia,Alien,0,28,CatL
Axonopus_compressus,Alien,2,96,CatL
Axonopus_fissifolius,Alien,0,69,CatL
Basella_alba,Alien,0,134,CatL
Begonia_cucullata,Alien,0,121,CatL
Berberis_thunbergii,Alien,1,133,CatL
Borago_officinalis,Alien,0,86,CatL
Bougainvillea_glabra,Alien,1,100,CatL
Bougainvillea_spectabilis,Alien,1,106,CatL
Brachiaria_mutica,Alien,0,91,CatL
Brassica_juncea,Alien,1,137,CatL
Bromus_arvensis,Alien,2,166,CatL
Bromus_pubescens,Alien,1,16,CatL
Brugmansia_suaveolens,Alien,0,99,CatL
Bryophyllum_daigremontianum,Alien,2,58,CatL
Bryophyllum_delagoense,Alien,2,9,CatL
Bryophyllum_pinnatum,Alien,0,161,CatL
Buchloe_dactyloides,Alien,2,70,CatL
Cabomba_caroliniana,Alien,0,29,CatL
Caesalpinia_pulcherrima,Alien,1,169,CatL
Cajanus_cajan,Alien,0,169,CatL
Caladium_bicolor,Alien,1,79,CatL
Callisia_repens,Alien,0,19,CatL
Calopogonium_mucunoides,Alien,0,97,CatL
Canavalia_ensiformis,Alien,1,105,CatL
Canna_indica,Alien,1,169,CatL
Carthamus_tinctorius,Alien,1,166,CatL
Cascabela_thevetia,Alien,1,105,CatL
Cassia_floribunda,Alien,1,104,CatL
Cenchrus_clandestinus,Alien,0,12,CatL
Cenchrus_purpureus,Alien,0,113,CatL
Centrosema_pubescens,Alien,0,97,CatL
Cereus_repandus,Alien,1,18,CatL
Cestrum_nocturnum,Alien,2,124,CatL
Chloris_gayana,Alien,0,109,CatL
Chromolaena_odorata,Alien,0,88,CatL
Chrysanthemum_segetum,Alien,0,121,CatL
Chrysopogon_zizanioides,Alien,2,86,CatL
Citrus_aurantiifolia,Alien,1,102,CatL
Clarkia_pulchella,Alien,2,84,CatL
Cleoserrata_speciosa,Alien,1,104,CatL
Clidemia_hirta,Alien,2,23,CatL
Clitoria_ternatea,Alien,2,129,CatL
Codiaeum_variegatum,Alien,1,100,CatL
Conium_maculatum,Alien,0,120,CatL
Cordyline_fruticosa,Alien,1,103,CatL
Coreopsis_basalis,Alien,0,83,CatL
Coreopsis_grandiflora,Alien,2,97,CatL
Coreopsis_lanceolata,Alien,0,113,CatL
Coreopsis_tinctoria,Alien,0,121,CatL
Cosmos_bipinnatus,Alien,0,120,CatL
Cosmos_sulphureus,Alien,0,100,CatL
Cota_tinctoria,Alien,1,91,CatL
Crotalaria_juncea,Alien,2,89,CatL
Crotalaria_lanceolata,Alien,2,87,CatL
Crotalaria_micans,Alien,2,112,CatL
Crotalaria_trichotoma,Alien,2,91,CatL
Cyanus_segetum,Alien,2,105,CatL
Cymbalaria_muralis,Alien,2,71,CatL
Cyperus_prolifer,Alien,1,20,CatL
Cyperus_rotundus,Alien,0,178,CatL
Dactylis_glomerata,Alien,1,174,CatL
Dahlia_pinnata,Alien,1,131,CatL
Dalbergia_sissoo,Alien,1,164,CatL
Datura_inoxia,Alien,2,117,CatL
Datura_stramonium,Alien,0,163,CatL
Deutzia_crenata,Alien,1,100,CatL
Dieffenbachia_seguine,Alien,1,69,CatL
Digitalis_purpurea,Alien,1,119,CatL
Digitaria_ciliaris,Alien,1,112,CatL
Dolichandra_unguiscati,Alien,0,182,CatL
Duranta_erecta,Alien,1,126,CatL
Echinocystis_lobata,Alien,2,6,CatL
Egeria_densa,Alien,2,30,CatL
Eichhornia_crassipes,Alien,0,121,CatL
Elaeis_guineensis,Alien,1,68,CatL
Emilia_sonchifolia,Alien,1,169,CatL
Epiphyllum_oxypetalum,Alien,1,93,CatL
Eragrostis_curvula,Alien,0,69,CatL
Erigeron_karvinskianus,Alien,1,73,CatL
Erigeron_speciosus,Alien,2,35,CatL
Eschscholzia_californica,Alien,1,101,CatL
Etlingera_elatior,Alien,1,86,CatL
Eucalyptus_exserta,Alien,0,100,CatL
Eucalyptus_globulus,Alien,0,107,CatL
Eupatorium_adenophorum,Alien,1,60,CatL
Eupatorium_cannabinum,Alien,0,119,CatL
Euphorbia_antiquorum,Alien,0,105,CatL
Euphorbia_cyathophora,Alien,0,94,CatL
Euphorbia_marginata,Alien,2,115,CatL
Euphorbia_milii,Alien,1,109,CatL
Euphorbia_neriifolia,Alien,1,116,CatL
Euphorbia_pulcherrima,Alien,0,102,CatL
Euphorbia_tithymaloides,Alien,1,94,CatL
Festuca_arundinacea,Alien,0,91,CatL
Festuca_rubra,Alien,0,125,CatL
Furcraea_foetida,Alien,1,112,CatL
Gaillardia_aristata,Alien,0,107,CatL
Gaillardia_pulchella,Alien,0,114,CatL
Gliricidia_sepium,Alien,2,34,CatL
Glyceria_maxima,Alien,2,124,CatL
Gomphrena_globosa,Alien,1,120,CatL
Gymnocoronis_spilanthoides,Alien,2,19,CatL
Helenium_autumnale,Alien,2,113,CatL
Helianthus_annuus,Alien,1,131,CatL
Helianthus_laetiflorus,Alien,1,55,CatL
Hesperis_matronalis,Alien,1,92,CatL
Hippeastrum_vittatum,Alien,0,100,CatL
Holcus_lanatus,Alien,2,120,CatL
Homalocladium_platycladum,Alien,1,144,CatL
Impatiens_balsamina,Alien,0,105,CatL
Impatiens_walleriana,Alien,2,131,CatL
Indigofera_suffruticosa,Alien,2,161,CatL
Ipomoea_alba,Alien,2,93,CatL
Ipomoea_hederifolia,Alien,2,80,CatL
Ipomoea_indica,Alien,2,169,CatL
Ipomoea_nil,Alien,0,123,CatL
Ipomoea_purpurea,Alien,0,132,CatL
Ipomoea_quamoclit,Alien,0,105,CatL
Ipomoea_turbinata,Alien,1,46,CatL
Iresine_herbstii,Alien,1,101,CatL
Jasminum_sambac,Alien,1,115,CatL
Justicia_adhatoda,Alien,2,172,CatL
Justicia_gendarussa,Alien,0,170,CatL
Kalanchoe_tubiflora,Alien,1,48,CatL
Lactuca_serriola,Alien,0,137,CatL
Lantana_montevidensis,Alien,2,100,CatL
Leucanthemum_vulgare,Alien,0,112,CatL
Lilium_hansonii,Alien,1,73,CatL
Lobularia_maritima,Alien,1,105,CatL
Lolium_multiflorum,Alien,2,107,CatL
Lolium_perenne,Alien,2,123,CatL
Lonicera_sempervirens,Alien,1,89,CatL
Lotus_corniculatus,Alien,1,166,CatL
Macroptilium_atropurpureum,Alien,2,54,CatL
Macroptilium_lathyroides,Alien,2,109,CatL
Macrotyloma_uniflorum,Alien,1,89,CatL
Malachra_capitata,Alien,1,35,CatL
Martynia_annua,Alien,2,58,CatL
Medicago_polymorpha,Alien,0,121,CatL
Melinis_minutiflora,Alien,2,92,CatL
Melinis_repens,Alien,0,92,CatL
Merremia_tuberosa,Alien,2,58,CatL
Mimosa_diplotricha,Alien,2,95,CatL
Mirabilis_jalapa,Alien,0,174,CatL
Moringa_oleifera,Alien,1,95,CatL
Muntingia_calabura,Alien,1,88,CatL
Myriophyllum_aquaticum,Alien,0,26,CatL
Neptunia_plena,Alien,2,59,CatL
Nicandra_physalodes,Alien,0,179,CatL
Nicotiana_alata,Alien,1,106,CatL
Nopalea_cochenillifera,Alien,1,104,CatL
Nothoscordum_gracile,Alien,2,11,CatL
Nymphaea_alba,Alien,1,108,CatL
Ochrosia_elliptica,Alien,0,92,CatL
Oenothera_biennis,Alien,2,123,CatL
Oenothera_drummondii,Alien,0,99,CatL
Oenothera_glazioviana,Alien,0,162,CatL
Oenothera_speciosa,Alien,2,45,CatL
Oenothera_stricta,Alien,2,105,CatL
Opuntia_cochenillifera,Alien,2,38,CatL
Opuntia_ficusindica,Alien,0,82,CatL
Oxalis_bowiei,Alien,2,45,CatL
Oxalis_latifolia,Alien,0,16,CatL
Oxalis_pescaprae,Alien,1,95,CatL
Pachyrhizus_erosus,Alien,1,124,CatL
Papaver_nudicaule,Alien,1,161,CatL
Parthenocissus_quinquefolia,Alien,2,122,CatL
Paspalum_dilatatum,Alien,0,103,CatL
Paspalum_distichum,Alien,0,101,CatL
Paspalum_notatum,Alien,2,110,CatL
Passiflora_caerulea,Alien,0,111,CatL
Passiflora_edulis,Alien,0,106,CatL
Passiflora_morifolia,Alien,2,18,CatL
Passiflora_suberosa,Alien,0,115,CatL
Pennisetum_clandestinum,Alien,2,64,CatL
Pennisetum_glaucum,Alien,1,126,CatL
Pennisetum_purpureum,Alien,2,113,CatL
Pereskia_aculeata,Alien,2,121,CatL
Petunia_hybrida,Alien,1,109,CatL
Phaseolus_coccineus,Alien,1,116,CatL
Phleum_pratense,Alien,2,114,CatL
Physalis_peruviana,Alien,2,105,CatL
Phytolacca_americana,Alien,0,166,CatL
Pilea_microphylla,Alien,0,105,CatL
Pithecellobium_dulce,Alien,1,90,CatL
Pleioblastus_gramineus,Alien,1,105,CatL
Plumeria_rubra,Alien,1,138,CatL
Poa_annua,Alien,1,166,CatL
Poa_compressa,Alien,1,119,CatL
Poa_pratensis,Alien,1,120,CatL
Poa_trivialis,Alien,1,97,CatL
Portulaca_grandiflora,Alien,1,131,CatL
Punica_granatum,Alien,1,131,CatL
Pyrostegia_venusta,Alien,1,101,CatL
Rhus_typhina,Alien,2,97,CatL
Ribes_multiflorum,Alien,1,90,CatL
Ribes_uva-crispa,Alien,1,176,CatL
Rivina_humilis,Alien,2,99,CatL
Robinia_pseudoacacia,Alien,0,145,CatL
Rosmarinus_officinalis,Alien,1,12,CatL
Rudbeckia_hirta,Alien,0,121,CatL
Rudbeckia_laciniata,Alien,0,106,CatL
Ruellia_simplex,Alien,1,61,CatL
Salix_fragilis,Alien,1,98,CatL
Salvia_coccinea,Alien,2,105,CatL
Sansevieria_trifasciata,Alien,2,104,CatL
Sanvitalia_procumbens,Alien,1,101,CatL
Saponaria_officinalis,Alien,1,110,CatL
Securigera_varia,Alien,0,8,CatL
Sedum_mexicanum,Alien,1,90,CatL
Senna_alata,Alien,2,113,CatL
Senna_bicapsularis,Alien,0,30,CatL
Senna_corymbosa,Alien,0,40,CatL
Senna_didymobotrya,Alien,0,59,CatL
Senna_occidentalis,Alien,0,169,CatL
Senna_siamea,Alien,1,101,CatL
Sesbania_cannabina,Alien,0,112,CatL
Sesbania_grandiflora,Alien,2,97,CatL
Sesbania_sesban,Alien,2,104,CatL
Silene_armeria,Alien,1,132,CatL
Silene_gallica,Alien,2,115,CatL
Silybum_marianum,Alien,2,83,CatL
Solanum_aculeatissimum,Alien,0,133,CatL
Solanum_capsicoides,Alien,0,145,CatL
Solanum_chrysotrichum,Alien,0,139,CatL
Solanum_mauritianum,Alien,2,21,CatL
Solanum_pseudocapsicum,Alien,2,123,CatL
Solanum_seaforthianum,Alien,1,112,CatL
Solanum_sisymbriifolium,Alien,2,121,CatL
Solanum_wrightii,Alien,1,169,CatL
Solidago_canadensis,Alien,0,108,CatL
Sorghum_halepense,Alien,0,111,CatL
Spartina_alterniflora,Alien,0,90,CatL
Spartina_anglica,Alien,0,86,CatL
Spartina_patens,Alien,2,42,CatL
Sphagneticola_trilobata,Alien,0,46,CatL
Stylosanthes_guianensis,Alien,2,60,CatL
Symphytum_officinale,Alien,2,94,CatL
Tacca_leontopetaloides,Alien,1,118,CatL
Tagetes_erecta,Alien,2,166,CatL
Tagetes_minuta,Alien,0,16,CatL
Talinum_fruticosum,Alien,2,104,CatL
Tanacetum_parthenifolium,Alien,0,89,CatL
Tanacetum_vulgare,Alien,2,146,CatL
Tephrosia_candida,Alien,2,94,CatL
Tephrosia_noctiflora,Alien,1,60,CatL
Tephrosia_vogelii,Alien,1,97,CatL
Thunbergia_alata,Alien,2,169,CatL
Tithonia_diversifolia,Alien,0,112,CatL
Tithonia_rotundifolia,Alien,0,96,CatL
Torenia_fournieri,Alien,0,113,CatL
Tradescantia_fluminensis,Alien,0,86,CatL
Tradescantia_pallida,Alien,0,63,CatL
Tradescantia_zebrina,Alien,0,113,CatL
Trifolium_alexandrinum,Alien,1,20,CatL
Trifolium_dubium,Alien,1,65,CatL
Trifolium_hybridum,Alien,2,120,CatL
Trifolium_incarnatum,Alien,2,96,CatL
Trifolium_medium,Alien,1,64,CatL
Trifolium_pratense,Alien,0,109,CatL
Trifolium_repens,Alien,0,166,CatL
Tripsacum_dactyloides,Alien,1,15,CatL
Tropaeolum_majus,Alien,1,121,CatL
Ulex_europaeus,Alien,0,160,CatL
Ulmus_laevis,Alien,1,72,CatL
Vaccaria_hispanica,Alien,0,116,CatL
Vachellia_nilotica,Alien,2,50,CatL
Vallisneria_americana,Alien,1,43,CatL
Verbena_bonariensis,Alien,2,102,CatL
Verbena_bracteata,Alien,2,43,CatL
Verbena_stricta,Alien,2,5,CatL
Vicia_villosa,Alien,0,115,CatL
Vulpia_myuros,Alien,1,86,CatL
Waltheria_indica,Alien,0,179,CatL
Zephyranthes_candida,Alien,0,103,CatL
Zephyranthes_carinata,Alien,0,104,CatL
Zinnia_elegans,Alien,0,131,CatL
Hordeum_bulbosum,Alien,1,98,CatM
