Species,origin_status,invasion_status,mrt,Category
Acacia_decurrens,Alien,0,98,CatA
Amaranthus_caudatus,Alien,0,166,CatA
Atropa_bella-donna,Alien,0,101,CatA
Axonopus_compressus,Alien,2,96,CatA
Axonopus_fissifolius,Alien,0,69,CatA
Berberis_thunbergii,Alien,1,133,CatA
Bromus_catharticus,Alien,0,107,CatA
Buchloe_dactyloides,Alien,2,70,CatA
Cajanus_cajan,Alien,0,169,CatA
Cannabis_sativa,Alien,0,157,CatA
Chrysopogon_zizanioides,Alien,2,86,CatA
Crotalaria_micans,Alien,2,112,CatA
Crotalaria_ochroleuca,Alien,2,70,CatA
Crotalaria_trichotoma,Alien,2,91,CatA
Cyperus_rotundus,Alien,0,178,CatA
Datura_inoxia,Alien,2,117,CatA
Datura_stramonium,Alien,0,163,CatA
Digitalis_purpurea,Alien,1,119,CatA
Eragrostis_curvula,Alien,0,69,CatA
Euphorbia_dentata,Alien,0,46,CatA
Euphorbia_neriifolia,Alien,1,116,CatA
Lablab_purpureus,Alien,1,169,CatA
Lolium_multiflorum,Alien,2,107,CatA
Lolium_perenne,Alien,2,123,CatA
Medicago_polymorpha,Alien,0,121,CatA
Medicago_sativa,Alien,0,166,CatA
Melilotus_officinalis,Alien,0,166,CatA
Melinis_minutiflora,Alien,2,92,CatA
Nicandra_physalodes,Alien,0,179,CatA
Ocimum_basilicum,Alien,0,121,CatA
Opuntia_ficusindica,Alien,0,82,CatA
Panicum_maximum,Alien,0,114,CatA
Parthenocissus_quinquefolia,Alien,2,122,CatA
Pennisetum_clandestinum,Alien,2,64,CatA
Pennisetum_polystachion,Alien,0,61,CatA
Physalis_philadelphica,Alien,0,112,CatA
Phytolacca_americana,Alien,0,166,CatA
Poa_compressa,Alien,1,119,CatA
Poa_pratensis,Alien,1,120,CatA
Rhus_typhina,Alien,2,97,CatA
Senna_hirsuta,Alien,2,95,CatA
Senna_occidentalis,Alien,0,169,CatA
Senna_surattensis,Alien,1,169,CatA
Sesbania_cannabina,Alien,0,112,CatA
Sicyos_angulatus,Alien,2,35,CatA
Sida_acuta,Alien,0,118,CatA
Silybum_marianum,Alien,2,83,CatA
Sinapis_alba,Alien,1,104,CatA
Solanum_erianthum,Alien,0,165,CatA
Spartina_alterniflora,Alien,0,90,CatA
Spartina_anglica,Alien,0,86,CatA
Spermacoce_alata,Alien,0,85,CatA
Sphagneticola_trilobata,Alien,0,46,CatA
Tephrosia_candida,Alien,2,94,CatA
Tephrosia_noctiflora,Alien,1,60,CatA
Tephrosia_vogelii,Alien,1,97,CatA
Tithonia_diversifolia,Alien,0,112,CatA
Trifolium_dubium,Alien,1,65,CatA
Trifolium_hybridum,Alien,2,120,CatA
Veronica_peregrina,Alien,0,152,CatA
Vicia_sativa,Alien,2,137,CatA
Acacia_dealbata,Alien,0,83,CatB
Acacia_mangium,Alien,2,40,CatB
Acacia_mearnsii,Alien,0,71,CatB
Acacia_senegal,Alien,0,76,CatB
Acer_negundo,Alien,2,131,CatB
Achillea_millefolium,Alien,2,166,CatB
Acmella_oleracea,Alien,0,79,CatB
Agave_americana,Alien,0,122,CatB
Agave_fourcroydes,Alien,1,112,CatB
Agave_sisalana,Alien,2,132,CatB
Ageratina_adenophora,Alien,0,87,CatB
Ageratum_houstonianum,Alien,0,162,CatB
Albizia_lebbeck,Alien,0,169,CatB
Alternanthera_bettzickiana,Alien,1,105,CatB
Alternanthera_philoxeroides,Alien,0,130,CatB
Amaranthus_caudatus,Alien,0,166,CatB
Amaranthus_hypochondriacus,Alien,2,166,CatB
Amaranthus_retroflexus,Alien,0,172,CatB
Amorpha_fruticosa,Alien,1,103,CatB
Andrographis_paniculata,Alien,1,98,CatB
Annona_glabra,Alien,1,79,CatB
Anredera_cordifolia,Alien,0,96,CatB
Anthemis_arvensis,Alien,2,122,CatB
Antigonon_leptopus,Alien,2,106,CatB
Arachis_hypogaea,Alien,1,157,CatB
Argemone_mexicana,Alien,0,169,CatB
Argyreia_nervosa,Alien,1,104,CatB
Armoracia_rusticana,Alien,1,96,CatB
Arrhenatherum_elatius,Alien,0,96,CatB
Asparagus_densiflorus,Alien,0,103,CatB
Asparagus_setaceus,Alien,1,100,CatB
Atriplex_hortensis,Alien,1,166,CatB
Basella_alba,Alien,0,134,CatB
Berberis_thunbergii,Alien,1,133,CatB
Bixa_orellana,Alien,1,122,CatB
Borago_officinalis,Alien,0,86,CatB
Bougainvillea_glabra,Alien,1,100,CatB
Bougainvillea_spectabilis,Alien,1,106,CatB
Brachiaria_mutica,Alien,0,91,CatB
Brassica_juncea,Alien,1,137,CatB
Bromus_arvensis,Alien,2,166,CatB
Bromus_catharticus,Alien,0,107,CatB
Brugmansia_suaveolens,Alien,0,99,CatB
Bryophyllum_pinnatum,Alien,0,161,CatB
Cabomba_caroliniana,Alien,0,29,CatB
Caesalpinia_pulcherrima,Alien,1,169,CatB
Cajanus_cajan,Alien,0,169,CatB
Caladium_bicolor,Alien,1,79,CatB
Calopogonium_mucunoides,Alien,0,97,CatB
Canavalia_ensiformis,Alien,1,105,CatB
Canna_indica,Alien,1,169,CatB
Cannabis_sativa,Alien,0,157,CatB
Carica_papaya,Alien,1,115,CatB
Carthamus_tinctorius,Alien,1,166,CatB
Cassia_floribunda,Alien,1,104,CatB
Chenopodium_giganteum,Alien,2,111,CatB
Chloris_gayana,Alien,0,109,CatB
Chrysanthemum_segetum,Alien,0,121,CatB
Chrysopogon_zizanioides,Alien,2,86,CatB
Cichorium_intybus,Alien,2,166,CatB
Cinchona_calisaya,Alien,1,90,CatB
Cinchona_officinalis,Alien,1,94,CatB
Cinchona_pubescens,Alien,1,94,CatB
Clarkia_pulchella,Alien,2,84,CatB
Cleome_rutidosperma,Alien,0,64,CatB
Cleoserrata_speciosa,Alien,1,104,CatB
Clitoria_ternatea,Alien,2,129,CatB
Codiaeum_variegatum,Alien,1,100,CatB
Corchorus_olitorius,Alien,0,169,CatB
Cordyline_fruticosa,Alien,1,103,CatB
Coreopsis_basalis,Alien,0,83,CatB
Coreopsis_grandiflora,Alien,2,97,CatB
Coreopsis_lanceolata,Alien,0,113,CatB
Coreopsis_tinctoria,Alien,0,121,CatB
Coriandrum_sativum,Alien,1,169,CatB
Cosmos_bipinnatus,Alien,0,120,CatB
Cosmos_sulphureus,Alien,0,100,CatB
Crotalaria_incana,Alien,2,70,CatB
Crotalaria_juncea,Alien,2,89,CatB
Crotalaria_trichotoma,Alien,2,91,CatB
Cuphea_carthagenensis,Alien,0,62,CatB
Curcuma_longa,Alien,1,126,CatB
Cyanus_segetum,Alien,2,105,CatB
Cymbalaria_muralis,Alien,2,71,CatB
Cymbopogon_nardus,Alien,2,112,CatB
Dahlia_pinnata,Alien,1,131,CatB
Dalbergia_sissoo,Alien,1,164,CatB
Datura_inoxia,Alien,2,117,CatB
Datura_stramonium,Alien,0,163,CatB
Derris_elliptica,Alien,0,88,CatB
Desmanthus_pernambucanus,Alien,2,3,CatB
Deutzia_crenata,Alien,1,100,CatB
Dieffenbachia_seguine,Alien,1,69,CatB
Duranta_erecta,Alien,1,126,CatB
Eclipta_prostrata,Alien,1,169,CatB
Eichhornia_crassipes,Alien,0,121,CatB
Elaeis_guineensis,Alien,1,68,CatB
Eleusine_coracana,Alien,1,136,CatB
Emilia_fosbergii,Alien,1,24,CatB
Emilia_sonchifolia,Alien,1,169,CatB
Epiphyllum_oxypetalum,Alien,1,93,CatB
Erigeron_annuus,Alien,0,136,CatB
Erigeron_canadensis,Alien,0,162,CatB
Eryngium_foetidum,Alien,2,125,CatB
Eschscholzia_californica,Alien,1,101,CatB
Etlingera_elatior,Alien,1,86,CatB
Eucalyptus_exserta,Alien,0,100,CatB
Eucalyptus_globulus,Alien,0,107,CatB
Eucalyptus_robusta,Alien,0,132,CatB
Euphorbia_antiquorum,Alien,0,105,CatB
Euphorbia_cyathophora,Alien,0,94,CatB
Euphorbia_marginata,Alien,2,115,CatB
Euphorbia_milii,Alien,1,109,CatB
Euphorbia_neriifolia,Alien,1,116,CatB
Euphorbia_pulcherrima,Alien,0,102,CatB
Euphorbia_serpens,Alien,0,97,CatB
Festuca_arundinacea,Alien,0,91,CatB
Foeniculum_vulgare,Alien,1,166,CatB
Gaillardia_pulchella,Alien,0,114,CatB
Galinsoga_quadriradiata,Alien,0,79,CatB
Gaura_biennis,Alien,1,120,CatB
Gaura_lindheimeri,Alien,1,112,CatB
Gomphrena_celosioides,Alien,2,122,CatB
Gomphrena_globosa,Alien,1,120,CatB
Gymnocoronis_spilanthoides,Alien,2,19,CatB
Helenium_autumnale,Alien,2,113,CatB
Helenium_bigelovii,Alien,0,59,CatB
Helianthus_annuus,Alien,1,131,CatB
Helianthus_tuberosus,Alien,1,119,CatB
Hippeastrum_vittatum,Alien,0,100,CatB
Holcus_lanatus,Alien,2,120,CatB
Homalocladium_platycladum,Alien,1,144,CatB
Hordeum_bulbosum,Alien,1,98,CatB
Hydrocotyle_vulgaris,Alien,1,43,CatB
Impatiens_balsamina,Alien,0,105,CatB
Indigofera_suffruticosa,Alien,2,161,CatB
Ipomoea_alba,Alien,2,93,CatB
Ipomoea_batatas,Alien,1,137,CatB
Ipomoea_hederifolia,Alien,2,80,CatB
Ipomoea_nil,Alien,0,123,CatB
Ipomoea_purpurea,Alien,0,132,CatB
Ipomoea_quamoclit,Alien,0,105,CatB
Ipomoea_triloba,Alien,0,101,CatB
Iresine_herbstii,Alien,1,101,CatB
Jacquemontia_tamnifolia,Alien,0,41,CatB
Jasminum_sambac,Alien,1,115,CatB
Justicia_adhatoda,Alien,2,172,CatB
Justicia_gendarussa,Alien,0,170,CatB
Lablab_purpureus,Alien,1,169,CatB
Lactuca_sativa,Alien,1,166,CatB
Lantana_montevidensis,Alien,2,100,CatB
Leucanthemum_vulgare,Alien,0,112,CatB
Limnocharis_flava,Alien,0,65,CatB
Linum_usitatissimum,Alien,1,170,CatB
Lobularia_maritima,Alien,1,105,CatB
Lolium_multiflorum,Alien,2,107,CatB
Lolium_perenne,Alien,2,123,CatB
Lolium_persicum,Alien,0,91,CatB
Lonicera_sempervirens,Alien,1,89,CatB
Macroptilium_atropurpureum,Alien,2,54,CatB
Macroptilium_lathyroides,Alien,2,109,CatB
Macrotyloma_uniflorum,Alien,1,89,CatB
Manihot_esculenta,Alien,1,117,CatB
Medicago_polymorpha,Alien,0,121,CatB
Melilotus_officinalis,Alien,0,166,CatB
Melinis_repens,Alien,0,92,CatB
Mentha_spicata,Alien,1,109,CatB
Mikania_micrantha,Alien,0,103,CatB
Mimosa_diplotricha,Alien,2,95,CatB
Mirabilis_jalapa,Alien,0,174,CatB
Momordica_charantia,Alien,1,117,CatB
Moringa_oleifera,Alien,1,95,CatB
Mussaenda_erythrophylla,Alien,1,103,CatB
Nasturtium_officinale,Alien,0,114,CatB
Nicandra_physalodes,Alien,0,179,CatB
Nicotiana_alata,Alien,1,106,CatB
Ochrosia_elliptica,Alien,0,92,CatB
Oenothera_glazioviana,Alien,0,162,CatB
Oenothera_laciniata,Alien,2,99,CatB
Oenothera_oakesiana,Alien,2,8,CatB
Oenothera_parviflora,Alien,2,104,CatB
Oenothera_rosea,Alien,0,86,CatB
Oenothera_stricta,Alien,2,105,CatB
Oenothera_tetraptera,Alien,2,87,CatB
Oenothera_villosa,Alien,2,66,CatB
Opuntia_cochenillifera,Alien,2,38,CatB
Opuntia_ficusindica,Alien,0,82,CatB
Oxalis_bowiei,Alien,2,45,CatB
Oxalis_pescaprae,Alien,1,95,CatB
Oxalis_triangularis,Alien,0,13,CatB
Oxybaphus_nyctagineus,Alien,2,12,CatB
Pachyrhizus_erosus,Alien,1,124,CatB
Parthenium_argentatum,Alien,2,71,CatB
Parthenocissus_quinquefolia,Alien,2,122,CatB
Paspalum_dilatatum,Alien,0,103,CatB
Paspalum_notatum,Alien,2,110,CatB
Paspalum_urvillei,Alien,2,59,CatB
Passiflora_caerulea,Alien,0,111,CatB
Passiflora_edulis,Alien,0,106,CatB
Passiflora_foetida,Alien,0,169,CatB
Passiflora_quadrangularis,Alien,0,71,CatB
Passiflora_suberosa,Alien,0,115,CatB
Pennisetum_polystachion,Alien,0,61,CatB
Pennisetum_purpureum,Alien,2,113,CatB
Petunia_hybrida,Alien,1,109,CatB
Phaseolus_coccineus,Alien,1,116,CatB
Phleum_pratense,Alien,2,114,CatB
Physalis_peruviana,Alien,2,105,CatB
Physalis_philadelphica,Alien,0,112,CatB
Physalis_pubescens,Alien,2,147,CatB
Phytolacca_americana,Alien,0,166,CatB
Pilea_microphylla,Alien,0,105,CatB
Piper_betle,Alien,1,115,CatB
Pithecellobium_dulce,Alien,1,90,CatB
Pleioblastus_gramineus,Alien,1,105,CatB
Plumeria_rubra,Alien,1,138,CatB
Poa_pratensis,Alien,1,120,CatB
Poa_trivialis,Alien,1,97,CatB
Polygala_paniculata,Alien,1,96,CatB
Portulaca_grandiflora,Alien,1,131,CatB
Portulaca_pilosa,Alien,0,112,CatB
Prunella_grandiflora,Alien,1,62,CatB
Psidium_guajava,Alien,2,169,CatB
Punica_granatum,Alien,1,131,CatB
Pyrostegia_venusta,Alien,1,101,CatB
Rauvolfia_tetraphylla,Alien,1,62,CatB
Ribes_multiflorum,Alien,1,90,CatB
Rivina_humilis,Alien,2,99,CatB
Robinia_pseudoacacia,Alien,0,145,CatB
Rosmarinus_officinalis,Alien,1,12,CatB
Rudbeckia_hirta,Alien,0,121,CatB
Rudbeckia_laciniata,Alien,0,106,CatB
Salvia_coccinea,Alien,2,105,CatB
Sansevieria_trifasciata,Alien,2,104,CatB
Sanvitalia_procumbens,Alien,1,101,CatB
Saponaria_officinalis,Alien,1,110,CatB
Saussurea_costus,Alien,1,67,CatB
Secale_cereale,Alien,0,112,CatB
Sechium_edule,Alien,1,92,CatB
Senna_alata,Alien,2,113,CatB
Senna_bicapsularis,Alien,0,30,CatB
Senna_fruticosa,Alien,0,79,CatB
Senna_surattensis,Alien,1,169,CatB
Sesbania_cannabina,Alien,0,112,CatB
Sesbania_grandiflora,Alien,2,97,CatB
Sesbania_sesban,Alien,2,104,CatB
Sicyos_angulatus,Alien,2,35,CatB
Silene_armeria,Alien,1,132,CatB
Silene_gallica,Alien,2,115,CatB
Silphium_perfoliatum,Alien,0,76,CatB
Sisyrinchium_rosulatum,Alien,1,95,CatB
Smallanthus_uvedalia,Alien,0,41,CatB
Solanum_pseudocapsicum,Alien,2,123,CatB
Solanum_sisymbriifolium,Alien,2,121,CatB
Solanum_wrightii,Alien,1,169,CatB
Solidago_canadensis,Alien,0,108,CatB
Spermacoce_alata,Alien,0,85,CatB
Sphagneticola_trilobata,Alien,0,46,CatB
Stachys_arvensis,Alien,2,158,CatB
Stylosanthes_guianensis,Alien,2,60,CatB
Symphytum_officinale,Alien,2,94,CatB
Synedrella_nodiflora,Alien,0,114,CatB
Tacca_leontopetaloides,Alien,1,118,CatB
Tagetes_erecta,Alien,2,166,CatB
Tanacetum_parthenifolium,Alien,0,89,CatB
Tetragonia_tetragonioides,Alien,0,103,CatB
Tithonia_diversifolia,Alien,0,112,CatB
Torenia_fournieri,Alien,0,113,CatB
Tridax_procumbens,Alien,0,94,CatB
Trifolium_alexandrinum,Alien,1,20,CatB
Trifolium_dubium,Alien,1,65,CatB
Trifolium_incarnatum,Alien,2,96,CatB
Trifolium_medium,Alien,1,64,CatB
Trifolium_pratense,Alien,0,109,CatB
Trifolium_repens,Alien,0,166,CatB
Trigonella_foenumgraecum,Alien,1,108,CatB
Tropaeolum_majus,Alien,1,121,CatB
Ulex_europaeus,Alien,0,160,CatB
Ulmus_laevis,Alien,1,72,CatB
Vaccaria_hispanica,Alien,0,116,CatB
Veronica_hederifolia,Alien,0,94,CatB
Veronica_persica,Alien,0,116,CatB
Vicia_villosa,Alien,0,115,CatB
Waltheria_indica,Alien,0,179,CatB
Zephyranthes_candida,Alien,0,103,CatB
Zephyranthes_carinata,Alien,0,104,CatB
Zinnia_elegans,Alien,0,131,CatB
Zinnia_peruviana,Alien,0,103,CatB
Acanthospermum_hispidum,Alien,0,86,CatC
Amaranthus_albus,Alien,0,107,CatC
Amaranthus_blitum,Alien,0,117,CatC
Amaranthus_hybridus,Alien,0,174,CatC
Amaranthus_palmeri,Alien,0,37,CatC
Amaranthus_polygonoides,Alien,0,43,CatC
Amaranthus_retroflexus,Alien,0,172,CatC
Amaranthus_viridis,Alien,0,159,CatC
Ambrosia_artemisiifolia,Alien,0,92,CatC
Argemone_mexicana,Alien,0,169,CatC
Aster_subulatus,Alien,0,101,CatC
Avena_fatua,Alien,0,172,CatC
Bidens_bipinnata,Alien,0,169,CatC
Bidens_frondosa,Alien,0,122,CatC
Capsella_bursapastoris,Alien,1,166,CatC
Cardamine_flexuosa,Alien,0,137,CatC
Cenchrus_echinatus,Alien,0,104,CatC
Cerastium_glomeratum,Alien,0,119,CatC
Chenopodium_hybridum,Alien,0,158,CatC
Chromolaena_odorata,Alien,0,88,CatC
Crotalaria_lanceolata,Alien,2,87,CatC
Crotalaria_micans,Alien,2,112,CatC
Cyclospermum_leptophyllum,Alien,0,122,CatC
Cyperus_rotundus,Alien,0,178,CatC
Dinebra_retroflexa,Alien,2,122,CatC
Ehrharta_erecta,Alien,2,24,CatC
Erechtites_hieraciifolius,Alien,2,97,CatC
Erigeron_annuus,Alien,0,136,CatC
Erigeron_bonariensis,Alien,0,169,CatC
Erigeron_canadensis,Alien,0,162,CatC
Erigeron_sumatrensis,Alien,0,112,CatC
Euphorbia_nutans,Alien,2,16,CatC
Galinsoga_quadriradiata,Alien,0,79,CatC
Geranium_carolinianum,Alien,0,104,CatC
Heliotropium_ellipticum,Alien,0,91,CatC
Heliotropium_europaeum,Alien,0,145,CatC
Hyptis_suaveolens,Alien,0,104,CatC
Lepidium_campestre,Alien,0,97,CatC
Lepidium_densiflorum,Alien,2,131,CatC
Lolium_persicum,Alien,0,91,CatC
Martynia_annua,Alien,2,58,CatC
Medicago_polymorpha,Alien,0,121,CatC
Parthenium_hysterophorus,Alien,0,96,CatC
Paspalum_urvillei,Alien,2,59,CatC
Peperomia_pellucida,Alien,0,106,CatC
Physalis_angulata,Alien,0,179,CatC
Plantago_lanceolata,Alien,1,123,CatC
Plantago_virginica,Alien,0,88,CatC
Portulaca_oleracea,Alien,1,169,CatC
Salvia_coccinea,Alien,2,105,CatC
Setaria_parviflora,Alien,2,169,CatC
Sicyos_angulatus,Alien,2,35,CatC
Sinapis_alba,Alien,1,104,CatC
Solanum_aculeatissimum,Alien,0,133,CatC
Solanum_capsicoides,Alien,0,145,CatC
Solanum_carolinense,Alien,2,65,CatC
Solanum_erianthum,Alien,0,165,CatC
Solanum_rostratum,Alien,0,127,CatC
Solanum_sarrachoides,Alien,2,43,CatC
Soliva_anthemifolia,Alien,0,110,CatC
Sonchus_oleraceus,Alien,0,174,CatC
Sorghum_halepense,Alien,0,111,CatC
Stellaria_pallida,Alien,0,92,CatC
Veronica_arvensis,Alien,0,112,CatC
Veronica_peregrina,Alien,0,152,CatC
Vicia_villosa,Alien,0,115,CatC
Xanthium_spinosum,Alien,0,91,CatC
Acanthospermum_hispidum,Alien,0,86,CatD
Amaranthus_albus,Alien,0,107,CatD
Amaranthus_blitoides,Alien,2,165,CatD
Amaranthus_hybridus,Alien,0,174,CatD
Amaranthus_palmeri,Alien,0,37,CatD
Amaranthus_polygonoides,Alien,0,43,CatD
Amaranthus_viridis,Alien,0,159,CatD
Ambrosia_artemisiifolia,Alien,0,92,CatD
Aster_subulatus,Alien,0,101,CatD
Bidens_bipinnata,Alien,0,169,CatD
Bidens_frondosa,Alien,0,122,CatD
Cenchrus_echinatus,Alien,0,104,CatD
Chromolaena_odorata,Alien,0,88,CatD
Dysphania_ambrosioides,Alien,0,158,CatD
Ehrharta_erecta,Alien,2,24,CatD
Erigeron_annuus,Alien,0,136,CatD
Erigeron_bonariensis,Alien,0,169,CatD
Erigeron_canadensis,Alien,0,162,CatD
Erigeron_philadelphicus,Alien,0,87,CatD
Erigeron_strigosus,Alien,0,67,CatD
Erigeron_sumatrensis,Alien,0,112,CatD
Euphorbia_heterophylla,Alien,0,115,CatD
Euphorbia_hypericifolia,Alien,0,137,CatD
Euphorbia_maculata,Alien,0,108,CatD
Heliotropium_ellipticum,Alien,0,91,CatD
Heliotropium_europaeum,Alien,0,145,CatD
Lepidium_campestre,Alien,0,97,CatD
Lepidium_densiflorum,Alien,2,131,CatD
Lepidium_virginicum,Alien,0,112,CatD
Martynia_annua,Alien,2,58,CatD
Medicago_polymorpha,Alien,0,121,CatD
Plantago_aristata,Alien,2,123,CatD
Plantago_lanceolata,Alien,1,123,CatD
Plantago_virginica,Alien,0,88,CatD
Setaria_parviflora,Alien,2,169,CatD
Sicyos_angulatus,Alien,2,35,CatD
Soliva_anthemifolia,Alien,0,110,CatD
Sonchus_oleraceus,Alien,0,174,CatD
Stellaria_pallida,Alien,0,92,CatD
Triodanis_perfoliata,Alien,2,64,CatD
Veronica_arvensis,Alien,0,112,CatD
Veronica_peregrina,Alien,0,152,CatD
Veronica_persica,Alien,0,116,CatD
Vicia_villosa,Alien,0,115,CatD
Xanthium_spinosum,Alien,0,91,CatD
Euphorbia_hypericifolia,Alien,0,137,CatF
Ipomoea_indica,Alien,2,169,CatF
Sonchus_asper,Alien,2,118,CatF
Sonchus_oleraceus,Alien,0,174,CatF
