Species,invasion_status,mrt,Category
Acacia_dealbata,0,83,Shrub
Acacia_decurrens,0,98,Tree
Acacia_longifolia,0,82,Tree
Acacia_mangium,2,40,Tree
Acacia_mearnsii,0,71,Tree
Acacia_senegal,0,76,Tree
Acanthospermum_australe,1,86,Herb
Acanthospermum_hispidum,0,86,Herb
Acer_negundo,2,131,Tree
Achillea_millefolium,2,166,Herb
Acmella_ciliata,1,50,Herb
Acmella_oleracea,0,79,Herb
Acmella_radicans,0,20,Herb
Acmella_uliginosa,1,54,Herb
Aeschynomene_americana,0,97,Herb
Agave_americana,0,122,Herb
Agave_fourcroydes,1,112,Shrub
Agave_sisalana,2,132,Herb
Agave_vivipara,1,105,Herb
Ageratina_adenophora,0,87,Herb
Ageratina_riparia,1,20,Herb
Ageratum_houstonianum,0,162,Herb
Agrostis_avenacea,1,16,Herb
Albizia_lebbeck,0,169,Tree
Alliaria_petiolata,0,94,Herb
Alopecurus_myosuroides,1,125,Herb
Alternanthera_bettzickiana,1,105,Herb
Alternanthera_paronychioides,2,102,Herb
Alternanthera_philoxeroides,0,130,Herb
Alternanthera_pungens,0,67,Herb
Alternanthera_reineckii,1,18,Herb
Alyssum_alyssoides,0,94,Herb
Amaranthus_albus,0,107,Herb
Amaranthus_blitoides,2,165,Herb
Amaranthus_blitum,0,117,Herb
Amaranthus_caudatus,0,166,Herb
Amaranthus_dubius,2,53,Herb
Amaranthus_hybridus,0,174,Herb
Amaranthus_hypochondriacus,2,166,Herb
Amaranthus_palmeri,0,37,Herb
Amaranthus_polygonoides,0,43,Herb
Amaranthus_powellii,0,28,Herb
Amaranthus_retroflexus,0,172,Herb
Amaranthus_standleyanus,2,19,Herb
Amaranthus_tenuifolius,2,12,Herb
Amaranthus_tuberculatus,0,18,Herb
Amaranthus_viridis,0,159,Herb
Amberboa_moschata,1,166,Herb
Ambrosia_artemisiifolia,0,92,Herb
Ambrosia_psilostachya,0,30,Herb
Ambrosia_trifida,0,113,Herb
Ammannia_coccinea,0,35,Herb
Ammi_majus,0,96,Herb
Amorpha_fruticosa,1,103,Shrub
Anagallis_arvensis,1,122,Herb
Andrographis_paniculata,1,98,Herb
Annona_glabra,1,79,Tree
Anredera_cordifolia,0,96,Herb
Anredera_vesicaria,0,45,Herb
Anthemis_arvensis,2,122,Herb
Anthriscus_caucalis,2,113,Herb
Antigonon_leptopus,2,106,Shrub
Arachis_duranensis,1,31,Herb
Arachis_hypogaea,1,157,Herb
Argemone_mexicana,0,169,Herb
Argyreia_nervosa,1,104,Herb
Armoracia_rusticana,1,96,Herb
Arrhenatherum_elatius,0,96,Herb
Asparagus_densiflorus,0,103,Shrub
Asparagus_setaceus,1,100,Shrub
Aster_subulatus,0,101,Herb
Atriplex_canescens,0,94,Shrub
Atriplex_hortensis,1,166,Herb
Atriplex_nummularia,0,28,Herb
Atropa_bella-donna,0,101,Herb
Avena_fatua,0,172,Herb
Avena_sterilis,0,91,Herb
Axonopus_compressus,2,96,Herb
Axonopus_fissifolius,0,69,Herb
Bacopa_caroliniana,1,18,Herb
Barleria_noctiflora,1,44,Shrub
Basella_alba,0,134,Herb
Begonia_cucullata,0,121,Herb
Berberis_thunbergii,1,133,Shrub
Bidens_bipinnata,0,169,Herb
Bidens_frondosa,0,122,Herb
Bixa_orellana,1,122,Tree
Blechum_pyramidatum,1,126,Herb
Boerhavia_erecta,1,63,Herb
Borago_officinalis,0,86,Herb
Bougainvillea_glabra,1,100,Shrub
Bougainvillea_spectabilis,1,106,Shrub
Brachiaria_brizantha,0,42,Herb
Brachiaria_eruciformis,0,95,Herb
Brachiaria_mutica,0,91,Herb
Brassica_juncea,1,137,Herb
Bromus_arvensis,2,166,Herb
Bromus_catharticus,0,107,Herb
Bromus_pubescens,1,16,Herb
Bromus_rigidus,1,89,Herb
Brugmansia_suaveolens,0,99,Shrub
Bryophyllum_daigremontianum,2,58,Herb
Bryophyllum_delagoense,2,9,Herb
Bryophyllum_pinnatum,0,161,Herb
Buchloe_dactyloides,2,70,Herb
Bunias_orientalis,0,90,Herb
Cabomba_caroliniana,0,29,Herb
Caesalpinia_pulcherrima,1,169,Shrub
Cajanus_cajan,0,169,Shrub
Caladium_bicolor,1,79,Herb
Callisia_repens,0,19,Herb
Callitriche_peploides,1,31,Herb
Calopogonium_mucunoides,0,97,Herb
Calotropis_procera,0,138,Shrub
Calyptocarpus_vialis,0,40,Herb
Canavalia_ensiformis,1,105,Herb
Canna_indica,1,169,Herb
Cannabis_sativa,0,157,Herb
Capsella_bursapastoris,1,166,Herb
Cardamine_flexuosa,0,137,Herb
Carica_papaya,1,115,Tree
Carthamus_tinctorius,1,166,Herb
Cascabela_thevetia,1,105,Shrub
Cassia_floribunda,1,104,Shrub
Cenchrus_caliculatus,0,50,Herb
Cenchrus_clandestinus,0,12,Herb
Cenchrus_echinatus,0,104,Herb
Cenchrus_incertus,0,7,Herb
Cenchrus_purpureus,0,113,Herb
Cenchrus_spinifex,0,43,Herb
Centaurea_diffusa,2,113,Herb
Centrosema_pubescens,0,97,Herb
Cerastium_fontanum,1,114,Herb
Cerastium_glomeratum,0,119,Herb
Cereus_repandus,1,18,Shrub
Cestrum_nocturnum,2,124,Shrub
Chenopodium_giganteum,2,111,Herb
Chenopodium_hybridum,0,158,Herb
Chloris_barbata,2,126,Herb
Chloris_gayana,0,109,Herb
Chromolaena_odorata,0,88,Herb
Chrysanthemum_segetum,0,121,Herb
Chrysopogon_zizanioides,2,86,Herb
Cichorium_intybus,2,166,Herb
Cinchona_calisaya,1,90,Tree
Cinchona_officinalis,1,94,Tree
Cinchona_pubescens,1,94,Tree
Citrus_aurantiifolia,1,102,Tree
Clarkia_pulchella,2,84,Herb
Cleome_rutidosperma,0,64,Herb
Cleoserrata_speciosa,1,104,Herb
Clidemia_hirta,2,23,Shrub
Clitoria_falcata,1,27,Herb
Clitoria_ternatea,2,129,Herb
Codiaeum_variegatum,1,100,Shrub
Conium_maculatum,0,120,Herb
Conyza_sumatrensis,0,172,Herb
Corchorus_olitorius,0,169,Herb
Cordyline_fruticosa,1,103,Herb
Coreopsis_basalis,0,83,Herb
Coreopsis_grandiflora,2,97,Herb
Coreopsis_lanceolata,0,113,Herb
Coreopsis_tinctoria,0,121,Herb
Coriandrum_sativum,1,169,Herb
Cosmos_bipinnatus,0,120,Herb
Cosmos_sulphureus,0,100,Herb
Cota_tinctoria,1,91,Herb
Crassocephalum_crepidioides,0,98,Herb
Crassocephalum_rubens,0,89,Herb
Crepis_tectorum,0,118,Herb
Crotalaria_incana,2,70,Herb
Crotalaria_juncea,2,89,Herb
Crotalaria_lanceolata,2,87,Herb
Crotalaria_micans,2,112,Shrub
Crotalaria_ochroleuca,2,70,Herb
Crotalaria_trichotoma,2,91,Herb
Croton_bonplandianus,1,18,Shrub
Croton_hirtus,0,7,Herb
Cucumis_melo,1,123,Herb
Cuphea_carthagenensis,0,62,Herb
Curcuma_longa,1,126,Herb
Cuscuta_approximata,0,166,Herb
Cuscuta_campestris,0,71,Herb
Cuscuta_epilinum,0,96,Herb
Cyanus_segetum,2,105,Herb
Cyclospermum_leptophyllum,0,122,Herb
Cymbalaria_muralis,2,71,Herb
Cymbopogon_nardus,2,112,Herb
Cynodon_plectostachyus,1,52,Herb
Cynosurus_cristatus,1,94,Herb
Cyperus_esculentus,0,94,Herb
Cyperus_prolifer,1,20,Herb
Cyperus_rotundus,0,178,Herb
Cyperus_surinamensis,2,21,Herb
Dactylis_glomerata,1,174,Herb
Dahlia_pinnata,1,131,Herb
Dalbergia_sissoo,1,164,Tree
Datura_inoxia,2,117,Herb
Datura_stramonium,0,163,Herb
Derris_elliptica,0,88,Herb
Deschampsia_atropurpurea,1,16,Herb
Desmanthus_pernambucanus,2,3,Herb
Desmanthus_virgatus,0,59,Herb
Desmodium_intortum,1,60,Herb
Desmodium_scorpiurus,1,107,Herb
Desmodium_tortuosum,2,92,Herb
Deutzia_crenata,1,100,Shrub
Dianthus_sylvestris,1,69,Herb
Dichanthium_annulatum,1,159,Herb
Dieffenbachia_seguine,1,69,Herb
Digitalis_purpurea,1,119,Herb
Digitaria_ciliaris,1,112,Herb
Dinebra_retroflexa,2,122,Herb
Diodia_virginiana,2,36,Herb
Diplotaxis_muralis,2,115,Herb
Dolichandra_unguiscati,0,182,Herb
Duranta_erecta,1,126,Shrub
Dysphania_ambrosioides,0,158,Herb
Dysphania_pumilio,0,29,Herb
Echinocystis_lobata,2,6,Herb
Eclipta_prostrata,1,169,Herb
Egeria_densa,2,30,Herb
Ehrharta_erecta,2,24,Herb
Eichhornia_crassipes,0,121,Herb
Elaeis_guineensis,1,68,Shrub
Elatine_americana,1,69,Herb
Elephantopus_tomentosus,0,94,Herb
Eleusine_coracana,1,136,Herb
Eleutheranthera_ruderalis,2,26,Herb
Eleutherine_bulbosa,1,86,Herb
Emilia_fosbergii,1,24,Herb
Emilia_sonchifolia,1,169,Herb
Epiphyllum_oxypetalum,1,93,Shrub
Eragrostis_ciliaris,1,110,Herb
Eragrostis_curvula,0,69,Herb
Erechtites_hieracifolia,1,97,Herb
Erechtites_hieraciifolius,2,97,Herb
Erechtites_valerianifolia,1,98,Herb
Erechtites_valerianifolius,0,100,Herb
Erigeron_annuus,0,136,Herb
Erigeron_bellioides,1,112,Herb
Erigeron_bonariensis,0,169,Herb
Erigeron_canadensis,0,162,Herb
Erigeron_karvinskianus,1,73,Herb
Erigeron_philadelphicus,0,87,Herb
Erigeron_speciosus,2,35,Herb
Erigeron_strigosus,0,67,Herb
Erigeron_sumatrensis,0,112,Herb
Erodium_moschatum,1,30,Herb
Eryngium_foetidum,2,125,Herb
Erysimum_repandum,0,108,Herb
Erythrina_bidwillii,1,105,Tree
Eschscholzia_californica,1,101,Herb
Etlingera_elatior,1,86,Herb
Eucalyptus_exserta,0,100,Tree
Eucalyptus_globulus,0,107,Tree
Eucalyptus_robusta,0,132,Tree
Eupatorium_adenophorum,1,60,Herb
Eupatorium_cannabinum,0,119,Herb
Euphorbia_antiquorum,0,105,Tree
Euphorbia_cyathophora,0,94,Herb
Euphorbia_dentata,0,46,Herb
Euphorbia_graminea,1,17,Herb
Euphorbia_heterophylla,0,115,Herb
Euphorbia_hypericifolia,0,137,Herb
Euphorbia_hyssopifolia,0,133,Herb
Euphorbia_lathyris,1,136,Herb
Euphorbia_maculata,0,108,Herb
Euphorbia_marginata,2,115,Herb
Euphorbia_milii,1,109,Shrub
Euphorbia_neriifolia,1,116,Shrub
Euphorbia_nutans,2,16,Herb
Euphorbia_peplus,0,97,Herb
Euphorbia_prostrata,0,101,Herb
Euphorbia_pulcherrima,0,102,Shrub
Euphorbia_serpens,0,97,Herb
Euphorbia_tithymaloides,1,94,Shrub
Eutrema_japonicum,1,102,Herb
Evolvulus_nummularius,0,66,Herb
Fallopia_scandens,2,98,Herb
Festuca_arundinacea,0,91,Herb
Festuca_rubra,0,125,Herb
Flaveria_bidentis,0,32,Herb
Foeniculum_vulgare,1,166,Herb
Furcraea_foetida,1,112,Herb
Gaillardia_aristata,0,107,Herb
Gaillardia_pulchella,0,114,Herb
Galinsoga_quadriradiata,0,79,Herb
Galium_aparine,2,137,Herb
Gaura_biennis,1,120,Herb
Gaura_lindheimeri,1,112,Herb
Gaura_mollis,0,92,Herb
Geranium_carolinianum,0,104,Herb
Geranium_molle,1,103,Herb
Gliricidia_sepium,2,34,Tree
Glyceria_maxima,2,124,Herb
Gnaphalium_calviceps,1,24,Herb
Gnaphalium_coarctatum,1,24,Herb
Gnaphalium_pensylvanicum,1,101,Herb
Gnaphalium_polycaulon,1,115,Herb
Gnaphalium_purpureum,1,169,Herb
Gomphrena_celosioides,2,122,Herb
Gomphrena_globosa,1,120,Herb
Grindelia_squarrosa,2,86,Herb
Gymnocoronis_spilanthoides,2,19,Herb
Helenium_autumnale,2,113,Herb
Helenium_bigelovii,0,59,Herb
Helianthus_annuus,1,131,Herb
Helianthus_laetiflorus,1,55,Herb
Helianthus_tuberosus,1,119,Herb
Heliotropium_ellipticum,0,91,Herb
Heliotropium_europaeum,0,145,Herb
Herissantia_crispa,0,90,Herb
Hesperis_matronalis,1,92,Herb
Hippeastrum_striatum,1,90,Herb
Hippeastrum_vittatum,0,100,Herb
Hippobroma_longiflora,0,93,Herb
Holcus_lanatus,2,120,Herb
Homalocladium_platycladum,1,144,Shrub
Hordeum_bulbosum,1,98,Herb
Hordeum_jubatum,0,96,Herb
Hydrocotyle_verticillata,0,14,Herb
Hydrocotyle_vulgaris,1,43,Herb
Hypochaeris_radicata,1,103,Herb
Hyptis_brevipes,0,97,Herb
Hyptis_capitata,0,101,Herb
Hyptis_pectinata,2,22,Herb
Hyptis_suaveolens,0,104,Herb
Impatiens_balsamina,0,105,Herb
Impatiens_walleriana,2,131,Herb
Indigofera_suffruticosa,2,161,Shrub
Ipomoea_alba,2,93,Herb
Ipomoea_batatas,1,137,Herb
Ipomoea_carnea,0,94,Herb
Ipomoea_cordatotriloba,2,12,Herb
Ipomoea_eriocarpa,1,93,Herb
Ipomoea_hederifolia,2,80,Herb
Ipomoea_indica,2,169,Herb
Ipomoea_lacunosa,0,39,Herb
Ipomoea_mauritiana,0,90,Herb
Ipomoea_nil,0,123,Herb
Ipomoea_purpurea,0,132,Herb
Ipomoea_quamoclit,0,105,Herb
Ipomoea_trifida,1,39,Herb
Ipomoea_triloba,0,101,Herb
Ipomoea_turbinata,1,46,Herb
Ipomoea_wrightii,2,38,Herb
Iresine_herbstii,1,101,Herb
Iva_xanthiifolia,0,40,Herb
Jacquemontia_tamnifolia,0,41,Herb
Jasminum_sambac,1,115,Herb
Justicia_adhatoda,2,172,Shrub
Justicia_comata,1,16,Herb
Justicia_gendarussa,0,170,Shrub
Kalanchoe_tubiflora,1,48,Herb
Kickxia_elatine,2,169,Herb
Kyllinga_polyphylla,1,40,Herb
Lablab_purpureus,1,169,Herb
Lactuca_sativa,1,166,Herb
Lactuca_serriola,0,137,Herb
Lagascea_mollis,1,22,Herb
Lamium_purpureum,1,19,Herb
Lantana_montevidensis,2,100,Shrub
Lepidium_bonariense,0,13,Herb
Lepidium_campestre,0,97,Herb
Lepidium_densiflorum,2,131,Herb
Lepidium_didymum,0,115,Herb
Lepidium_virginicum,0,112,Herb
Leucanthemum_vulgare,0,112,Herb
Lilium_hansonii,1,73,Herb
Limnocharis_flava,0,65,Herb
Lindernia_dubia,1,69,Herb
Lindernia_rotundifolia,2,17,Herb
Linum_striatum,1,108,Herb
Linum_usitatissimum,1,170,Herb
Lobularia_maritima,1,105,Herb
Lolium_multiflorum,2,107,Herb
Lolium_perenne,2,123,Herb
Lolium_persicum,0,91,Herb
Lolium_remotum,2,46,Herb
Lolium_rigidum,1,121,Herb
Lolium_temulentum,0,74,Herb
Lonicera_sempervirens,1,89,Shrub
Lotus_corniculatus,1,166,Herb
Ludwigia_hyssopifolia,1,95,Herb
Ludwigia_leptocarpa,2,11,Herb
Macroptilium_atropurpureum,2,54,Herb
Macroptilium_lathyroides,2,109,Herb
Macrotyloma_uniflorum,1,89,Herb
Malachra_capitata,1,35,Herb
Malvastrum_americanum,2,67,Herb
Malvastrum_coromandelianum,0,161,Shrub
Manihot_esculenta,1,117,Shrub
Martynia_annua,2,58,Herb
Matricaria_matricarioides,1,72,Herb
Mecardonia_procumbens,0,23,Herb
Medicago_minima,2,112,Herb
Medicago_polymorpha,0,121,Herb
Medicago_sativa,0,166,Herb
Melilotus_officinalis,0,166,Herb
Melinis_minutiflora,2,92,Herb
Melinis_repens,0,92,Herb
Melothria_pendula,2,21,Herb
Mentha_spicata,1,109,Herb
Merremia_tuberosa,2,58,Herb
Mikania_micrantha,0,103,Herb
Mimosa_bimucronata,0,102,Shrub
Mimosa_diplotricha,2,95,Herb
Mimosa_invisa,0,97,Herb
Mimosa_pigra,2,24,Herb
Mirabilis_jalapa,0,174,Herb
Mitracarpus_hirtus,0,43,Herb
Mollugo_verticillata,1,86,Herb
Momordica_charantia,1,117,Herb
Morinda_lucida,1,21,Herb
Moringa_oleifera,1,95,Tree
Muntingia_calabura,1,88,Tree
Mussaenda_erythrophylla,1,103,Shrub
Myosotis_arvensis,1,20,Herb
Myriophyllum_aquaticum,0,26,Herb
Nasturtium_officinale,0,114,Herb
Neonotonia_wightii,1,60,Herb
Neptunia_plena,2,59,Herb
Nicandra_physalodes,0,179,Herb
Nicotiana_alata,1,106,Herb
Nicotiana_plumbaginifolia,1,86,Herb
Nopalea_cochenillifera,1,104,Shrub
Nothoscordum_gracile,2,11,Herb
Nymphaea_alba,1,108,Herb
Nymphaea_capensis,1,22,Herb
Ochrosia_elliptica,0,92,Tree
Ocimum_basilicum,0,121,Herb
Oenothera_biennis,2,123,Herb
Oenothera_curtiflora,0,98,Herb
Oenothera_drummondii,0,99,Herb
Oenothera_glazioviana,0,162,Herb
Oenothera_laciniata,2,99,Herb
Oenothera_oakesiana,2,8,Herb
Oenothera_odorata,1,96,Herb
Oenothera_parviflora,2,104,Herb
Oenothera_rosea,0,86,Herb
Oenothera_speciosa,2,45,Herb
Oenothera_stricta,2,105,Herb
Oenothera_tetraptera,2,87,Herb
Oenothera_villosa,2,66,Herb
Opuntia_cochenillifera,2,38,Tree
Opuntia_ficusindica,0,82,Shrub
Orobanche_brassicae,0,45,Herb
Oxalis_bowiei,2,45,Herb
Oxalis_debilis,0,169,Herb
Oxalis_latifolia,0,16,Herb
Oxalis_pescaprae,1,95,Herb
Oxalis_triangularis,0,13,Herb
Oxybaphus_nyctagineus,2,12,Herb
Pachyrhizus_erosus,1,124,Herb
Panicum_dichotomiflorum,0,114,Herb
Panicum_maximum,0,114,Herb
Papaver_nudicaule,1,161,Herb
Parapholis_incurva,0,68,Herb
Parthenium_argentatum,2,71,Herb
Parthenium_hysterophorus,0,96,Herb
Parthenocissus_quinquefolia,2,122,Shrub
Paspalidium_flavidum,1,86,Herb
Paspalum_conjugatum,0,110,Herb
Paspalum_dilatatum,0,103,Herb
Paspalum_distichum,0,101,Herb
Paspalum_fimbriatum,2,51,Herb
Paspalum_notatum,2,110,Herb
Paspalum_paniculatum,2,19,Herb
Paspalum_urvillei,2,59,Herb
Paspalum_virgatum,2,107,Herb
Passiflora_caerulea,0,111,Herb
Passiflora_edulis,0,106,Herb
Passiflora_foetida,0,169,Herb
Passiflora_morifolia,2,18,Shrub
Passiflora_quadrangularis,0,71,Herb
Passiflora_suberosa,0,115,Herb
Pennisetum_clandestinum,2,64,Herb
Pennisetum_glaucum,1,126,Herb
Pennisetum_polystachion,0,61,Herb
Pennisetum_purpureum,2,113,Herb
Peperomia_pellucida,0,106,Herb
Pereskia_aculeata,2,121,Shrub
Petiveria_alliacea,0,87,Shrub
Petunia_hybrida,1,109,Herb
Phalaris_canariensis,1,123,Herb
Phalaris_minor,2,97,Herb
Phalaris_paradoxa,2,64,Herb
Phaseolus_coccineus,1,116,Herb
Phaseolus_vulgaris,1,152,Herb
Phleum_pratense,2,114,Herb
Phyllanthus_amarus,2,106,Herb
Phyllanthus_debilis,2,61,Herb
Phyllanthus_niruri,2,108,Herb
Phyllanthus_tenellus,2,26,Herb
Physalis_angulata,0,179,Herb
Physalis_ixocarpa,2,65,Herb
Physalis_lagascae,0,117,Herb
Physalis_peruviana,2,105,Herb
Physalis_philadelphica,0,112,Herb
Physalis_pubescens,2,147,Herb
Phytolacca_americana,0,166,Herb
Pilea_microphylla,0,105,Herb
Piper_betle,1,115,Herb
Pithecellobium_dulce,1,90,Tree
Plantago_aristata,2,123,Herb
Plantago_indica,1,85,Herb
Plantago_lanceolata,1,123,Herb
Plantago_virginica,0,88,Herb
Pleioblastus_gramineus,1,105,Tree
Pluchea_carolinensis,0,25,Shrub
Pluchea_sagittalis,0,24,Herb
Plumeria_rubra,1,138,Tree
Poa_annua,1,166,Herb
Poa_compressa,1,119,Herb
Poa_pratensis,1,120,Herb
Poa_trivialis,1,97,Herb
Polygala_paniculata,1,96,Herb
Porophyllum_ruderale,0,4,Herb
Portulaca_grandiflora,1,131,Herb
Portulaca_oleracea,1,169,Herb
Portulaca_pilosa,0,112,Herb
Potamogeton_vaseyi,1,91,Herb
Praxelis_clematidea,0,34,Herb
Prunella_grandiflora,1,62,Herb
Pseudelephantopus_spicatus,0,97,Herb
Psidium_guajava,2,169,Tree
Punica_granatum,1,131,Shrub
Pupalia_micrantha,1,16,Herb
Pyrostegia_venusta,1,101,Shrub
Ranunculus_arvensis,0,94,Herb
Ranunculus_muricatus,0,96,Herb
Ranunculus_sardous,2,30,Herb
Raphanus_raphanistrum,2,106,Herb
Rapistrum_rugosum,0,34,Herb
Rauvolfia_tetraphylla,1,62,Shrub
Reseda_lutea,0,98,Herb
Rhus_typhina,2,97,Tree
Rhynchospora_submarginata,1,86,Herb
Ribes_multiflorum,1,90,Shrub
Ribes_nigrum,1,107,Shrub
Ribes_uva-crispa,1,176,Shrub
Richardia_brasiliensis,0,64,Herb
Richardia_scabra,0,90,Herb
Rivina_humilis,2,99,Shrub
Robinia_pseudoacacia,0,145,Tree
Rollinia_mucosa,1,2,Tree
Rorippa_amphibia,0,7,Herb
Rorippa_austriaca,1,32,Herb
Rosmarinus_officinalis,1,12,Shrub
Rotala_ramosior,1,86,Herb
Rudbeckia_hirta,0,121,Herb
Rudbeckia_laciniata,0,106,Herb
Ruellia_simplex,1,61,Herb
Ruellia_tuberosa,0,92,Herb
Sagittaria_graminea,2,64,Herb
Salicornia_bigelovii,2,21,Herb
Salix_fragilis,1,98,Tree
Salvia_coccinea,2,105,Herb
Salvia_sclarea,2,91,Herb
Salvia_tiliifolia,0,42,Herb
Sansevieria_trifasciata,2,104,Herb
Sanvitalia_procumbens,1,101,Herb
Saponaria_officinalis,1,110,Herb
Saussurea_costus,1,67,Herb
Sclerocarpus_africanus,1,46,Herb
Scoparia_dulcis,0,169,Herb
Secale_cereale,0,112,Herb
Sechium_edule,1,92,Herb
Securigera_varia,0,8,Herb
Sedum_mexicanum,1,90,Herb
Senecio_inaequidens,1,17,Herb
Senecio_radicans,1,34,Herb
Senna_alata,2,113,Shrub
Senna_bicapsularis,0,30,Shrub
Senna_corymbosa,0,40,Shrub
Senna_didymobotrya,0,59,Shrub
Senna_fruticosa,0,79,Shrub
Senna_hirsuta,2,95,Shrub
Senna_obtusifolia,0,105,Shrub
Senna_occidentalis,0,169,Herb
Senna_siamea,1,101,Tree
Senna_surattensis,1,169,Tree
Senna_tora,1,108,Herb
Sesbania_cannabina,0,112,Herb
Sesbania_grandiflora,2,97,Herb
Sesbania_herbacea,0,112,Herb
Sesbania_sesban,2,104,Herb
Setaria_parviflora,2,169,Herb
Setaria_sphacelata,2,112,Herb
Sherardia_arvensis,2,94,Herb
Sicyos_angulatus,2,35,Herb
Sida_acuta,0,118,Herb
Silene_armeria,1,132,Herb
Silene_gallica,2,115,Herb
Silene_vulgaris,0,166,Herb
Silphium_perfoliatum,0,76,Herb
Silybum_marianum,2,83,Herb
Sinapis_alba,1,104,Herb
Sinapis_arvensis,1,57,Herb
Sisymbrium_altissimum,1,120,Herb
Sisymbrium_irio,1,91,Herb
Sisymbrium_officinale,1,96,Herb
Sisymbrium_orientale,1,42,Herb
Sisyrinchium_atlanticum,1,92,Herb
Sisyrinchium_micranthum,1,112,Herb
Sisyrinchium_rosulatum,1,95,Herb
Smallanthus_uvedalia,0,41,Herb
Solanum_aculeatissimum,0,133,Herb
Solanum_betaceum,1,67,Tree
Solanum_capsicoides,0,145,Herb
Solanum_carolinense,2,65,Herb
Solanum_chrysotrichum,0,139,Shrub
Solanum_donianum,1,108,Shrub
Solanum_elaeagnifolium,0,21,Shrub
Solanum_erianthum,0,165,Tree
Solanum_lycopersicum,1,97,Herb
Solanum_mauritianum,2,21,Shrub
Solanum_pseudocapsicum,2,123,Herb
Solanum_rostratum,0,127,Herb
Solanum_sarrachoides,2,43,Herb
Solanum_scabrum,2,106,Herb
Solanum_seaforthianum,1,112,Herb
Solanum_sisymbriifolium,2,121,Herb
Solanum_viarum,2,118,Shrub
Solanum_wrightii,1,169,Shrub
Solidago_altissima,1,92,Herb
Solidago_canadensis,0,108,Herb
Soliva_anthemifolia,0,110,Herb
Soliva_sessilis,0,32,Herb
Sonchus_arvensis,0,143,Herb
Sonchus_asper,2,118,Herb
Sonchus_oleraceus,0,174,Herb
Sonneratia_apetala,2,27,Tree
Sorghum_halepense,0,111,Herb
Spartina_alterniflora,0,90,Herb
Spartina_anglica,0,86,Herb
Spartina_patens,2,42,Herb
Spergula_arvensis,1,122,Herb
Spermacoce_alata,0,85,Herb
Spermacoce_ocymifolia,1,16,Herb
Spermacoce_remota,0,41,Herb
Sphagneticola_trilobata,0,46,Herb
Spilanthes_acmella,1,100,Herb
Sporobolus_pyramidatus,2,97,Herb
Sporobolus_tenuissimus,1,17,Herb
Stachys_arvensis,2,158,Herb
Stachytarpheta_cayennensis,2,55,Herb
Stachytarpheta_jamaicensis,0,104,Herb
Stachytarpheta_urticifolia,0,169,Herb
Stellaria_media,0,148,Herb
Stellaria_pallida,0,92,Herb
Stemodia_verticillata,0,13,Herb
Stylosanthes_guianensis,2,60,Shrub
Symphytum_officinale,2,94,Herb
Synedrella_nodiflora,0,114,Herb
Tacca_leontopetaloides,1,118,Herb
Tagetes_erecta,2,166,Herb
Tagetes_minuta,0,16,Herb
Talinum_fruticosum,2,104,Herb
Tanacetum_parthenifolium,0,89,Herb
Tanacetum_vulgare,2,146,Herb
Taraxacum_campylodes,0,46,Herb
Tarlmounia_elliptica,1,27,Shrub
Tephrosia_candida,2,94,Shrub
Tephrosia_noctiflora,1,60,Shrub
Tephrosia_vogelii,1,97,Herb
Tetragonia_tetragonioides,0,103,Herb
Thunbergia_affinis,1,33,Shrub
Thunbergia_alata,2,169,Shrub
Tinantia_erecta,0,8,Herb
Tithonia_diversifolia,0,112,Herb
Tithonia_rotundifolia,0,96,Herb
Torenia_fournieri,0,113,Herb
Tradescantia_fluminensis,0,86,Herb
Tradescantia_pallida,0,63,Herb
Tradescantia_zebrina,0,113,Herb
Tribulus_cistoides,1,100,Herb
Tridax_procumbens,0,94,Herb
Trifolium_alexandrinum,1,20,Herb
Trifolium_dubium,1,65,Herb
Trifolium_eximium,1,63,Herb
Trifolium_fragiferum,1,104,Herb
Trifolium_hybridum,2,120,Herb
Trifolium_incarnatum,2,96,Herb
Trifolium_medium,1,64,Herb
Trifolium_pratense,0,109,Herb
Trifolium_repens,0,166,Herb
Trigonella_foenumgraecum,1,108,Herb
Trigonella_hamosa,1,23,Herb
Triodanis_perfoliata,2,64,Herb
Tripsacum_dactyloides,1,15,Herb
Tropaeolum_majus,1,121,Herb
Ulex_europaeus,0,160,Shrub
Ulmus_laevis,1,72,Tree
Vaccaria_hispanica,0,116,Herb
Vachellia_nilotica,2,50,Tree
Vallisneria_americana,1,43,Herb
Verbena_bonariensis,2,102,Herb
Verbena_bracteata,2,43,Herb
Verbena_brasiliensis,2,31,Herb
Verbena_stricta,2,5,Herb
Veronica_arvensis,0,112,Herb
Veronica_hederifolia,0,94,Herb
Veronica_peregrina,0,152,Herb
Veronica_persica,0,116,Herb
Vicia_sativa,2,137,Herb
Vicia_villosa,0,115,Herb
Viola_arvensis,1,46,Herb
Voacanga_africana,0,50,Tree
Vulpia_myuros,1,86,Herb
Waltheria_indica,0,179,Shrub
Xanthium_spinosum,0,91,Herb
Xanthium_strumarium,0,169,Herb
Xanthosoma_sagittifolium,0,24,Herb
Zea_mexicana,1,118,Herb
Zephyranthes_candida,0,103,Herb
Zephyranthes_carinata,0,104,Herb
Zephyranthes_minuta,0,95,Herb
Zinnia_elegans,0,131,Herb
Zinnia_peruviana,0,103,Herb
