Species,invasion_status,mrt,Category
Acacia_dealbata,0,83,CatA
Acacia_decurrens,0,98,CatA
Acacia_longifolia,0,82,CatA
Acacia_mangium,2,40,CatA
Acacia_mearnsii,0,71,CatA
Acacia_senegal,0,76,CatA
Acanthospermum_australe,1,86,CatA
Acanthospermum_hispidum,0,86,CatA
Acer_negundo,2,131,CatA
Achillea_millefolium,2,166,CatA
Acmella_uliginosa,1,54,CatA
Aeschynomene_americana,0,97,CatA
Agave_americana,0,122,CatA
Agave_sisalana,2,132,CatA
Agave_vivipara,1,105,CatA
Ageratina_adenophora,0,87,CatA
Ageratina_riparia,1,20,CatA
Ageratum_houstonianum,0,162,CatA
Albizia_lebbeck,0,169,CatA
Alliaria_petiolata,0,94,CatA
Alopecurus_myosuroides,1,125,CatA
Alternanthera_bettzickiana,1,105,CatA
Alternanthera_philoxeroides,0,130,CatA
Alyssum_alyssoides,0,94,CatA
Amaranthus_albus,0,107,CatA
Amaranthus_blitum,0,117,CatA
Amaranthus_caudatus,0,166,CatA
Amaranthus_dubius,2,53,CatA
Amaranthus_hybridus,0,174,CatA
Amaranthus_palmeri,0,37,CatA
Amaranthus_retroflexus,0,172,CatA
Amaranthus_tuberculatus,0,18,CatA
Amaranthus_viridis,0,159,CatA
Ambrosia_artemisiifolia,0,92,CatA
Ambrosia_psilostachya,0,30,CatA
Ambrosia_trifida,0,113,CatA
Ammi_majus,0,96,CatA
Amorpha_fruticosa,1,103,CatA
Anagallis_arvensis,1,122,CatA
Andrographis_paniculata,1,98,CatA
Annona_glabra,1,79,CatA
Anredera_cordifolia,0,96,CatA
Anredera_vesicaria,0,45,CatA
Anthemis_arvensis,2,122,CatA
Antigonon_leptopus,2,106,CatA
Argemone_mexicana,0,169,CatA
Argyreia_nervosa,1,104,CatA
Armoracia_rusticana,1,96,CatA
Arrhenatherum_elatius,0,96,CatA
Asparagus_densiflorus,0,103,CatA
Asparagus_setaceus,1,100,CatA
Aster_subulatus,0,101,CatA
Atriplex_canescens,0,94,CatA
Atriplex_hortensis,1,166,CatA
Atropa_bella-donna,0,101,CatA
Avena_fatua,0,172,CatA
Avena_sterilis,0,91,CatA
Axonopus_compressus,2,96,CatA
Axonopus_fissifolius,0,69,CatA
Basella_alba,0,134,CatA
Begonia_cucullata,0,121,CatA
Berberis_thunbergii,1,133,CatA
Bidens_bipinnata,0,169,CatA
Bidens_frondosa,0,122,CatA
Bixa_orellana,1,122,CatA
Boerhavia_erecta,1,63,CatA
Borago_officinalis,0,86,CatA
Bougainvillea_spectabilis,1,106,CatA
Brachiaria_eruciformis,0,95,CatA
Brassica_juncea,1,137,CatA
Bromus_arvensis,2,166,CatA
Bromus_catharticus,0,107,CatA
Bromus_pubescens,1,16,CatA
Bromus_rigidus,1,89,CatA
Brugmansia_suaveolens,0,99,CatA
Buchloe_dactyloides,2,70,CatA
Bunias_orientalis,0,90,CatA
Caesalpinia_pulcherrima,1,169,CatA
Caladium_bicolor,1,79,CatA
Callisia_repens,0,19,CatA
Calopogonium_mucunoides,0,97,CatA
Calotropis_procera,0,138,CatA
Calyptocarpus_vialis,0,40,CatA
Canavalia_ensiformis,1,105,CatA
Canna_indica,1,169,CatA
Capsella_bursapastoris,1,166,CatA
Cardamine_flexuosa,0,137,CatA
Carica_papaya,1,115,CatA
Cascabela_thevetia,1,105,CatA
Cassia_floribunda,1,104,CatA
Cenchrus_echinatus,0,104,CatA
Cenchrus_purpureus,0,113,CatA
Cenchrus_spinifex,0,43,CatA
Centaurea_diffusa,2,113,CatA
Cerastium_fontanum,1,114,CatA
Cestrum_nocturnum,2,124,CatA
Chenopodium_giganteum,2,111,CatA
Chloris_barbata,2,126,CatA
Chloris_gayana,0,109,CatA
Chromolaena_odorata,0,88,CatA
Chrysanthemum_segetum,0,121,CatA
Chrysopogon_zizanioides,2,86,CatA
Cinchona_pubescens,1,94,CatA
Clarkia_pulchella,2,84,CatA
Cleome_rutidosperma,0,64,CatA
Clidemia_hirta,2,23,CatA
Clitoria_ternatea,2,129,CatA
Codiaeum_variegatum,1,100,CatA
Conium_maculatum,0,120,CatA
Conyza_sumatrensis,0,172,CatA
Corchorus_olitorius,0,169,CatA
Cordyline_fruticosa,1,103,CatA
Coreopsis_basalis,0,83,CatA
Coreopsis_grandiflora,2,97,CatA
Coreopsis_lanceolata,0,113,CatA
Coreopsis_tinctoria,0,121,CatA
Coriandrum_sativum,1,169,CatA
Cosmos_bipinnatus,0,120,CatA
Cosmos_sulphureus,0,100,CatA
Cota_tinctoria,1,91,CatA
Crassocephalum_crepidioides,0,98,CatA
Crassocephalum_rubens,0,89,CatA
Crepis_tectorum,0,118,CatA
Crotalaria_incana,2,70,CatA
Crotalaria_juncea,2,89,CatA
Crotalaria_lanceolata,2,87,CatA
Crotalaria_ochroleuca,2,70,CatA
Crotalaria_trichotoma,2,91,CatA
Croton_hirtus,0,7,CatA
Cucumis_melo,1,123,CatA
Cuphea_carthagenensis,0,62,CatA
Cuscuta_approximata,0,166,CatA
Cuscuta_campestris,0,71,CatA
Cyclospermum_leptophyllum,0,122,CatA
Cymbopogon_nardus,2,112,CatA
Cynodon_plectostachyus,1,52,CatA
Cynosurus_cristatus,1,94,CatA
Cyperus_esculentus,0,94,CatA
Cyperus_rotundus,0,178,CatA
Dactylis_glomerata,1,174,CatA
Dalbergia_sissoo,1,164,CatA
Datura_inoxia,2,117,CatA
Datura_stramonium,0,163,CatA
Derris_elliptica,0,88,CatA
Desmanthus_pernambucanus,2,3,CatA
Desmanthus_virgatus,0,59,CatA
Desmodium_intortum,1,60,CatA
Dichanthium_annulatum,1,159,CatA
Dieffenbachia_seguine,1,69,CatA
Digitalis_purpurea,1,119,CatA
Digitaria_ciliaris,1,112,CatA
Dinebra_retroflexa,2,122,CatA
Diplotaxis_muralis,2,115,CatA
Dolichandra_unguiscati,0,182,CatA
Duranta_erecta,1,126,CatA
Dysphania_ambrosioides,0,158,CatA
Dysphania_pumilio,0,29,CatA
Echinocystis_lobata,2,6,CatA
Eclipta_prostrata,1,169,CatA
Ehrharta_erecta,2,24,CatA
Eichhornia_crassipes,0,121,CatA
Elaeis_guineensis,1,68,CatA
Elatine_americana,1,69,CatA
Elephantopus_tomentosus,0,94,CatA
Eleutheranthera_ruderalis,2,26,CatA
Emilia_fosbergii,1,24,CatA
Emilia_sonchifolia,1,169,CatA
Epiphyllum_oxypetalum,1,93,CatA
Eragrostis_ciliaris,1,110,CatA
Eragrostis_curvula,0,69,CatA
Erechtites_hieracifolia,1,97,CatA
Erechtites_hieraciifolius,2,97,CatA
Erechtites_valerianifolia,1,98,CatA
Erechtites_valerianifolius,0,100,CatA
Erigeron_annuus,0,136,CatA
Erigeron_bellioides,1,112,CatA
Erigeron_bonariensis,0,169,CatA
Erigeron_canadensis,0,162,CatA
Erigeron_karvinskianus,1,73,CatA
Erigeron_philadelphicus,0,87,CatA
Erigeron_sumatrensis,0,112,CatA
Erodium_moschatum,1,30,CatA
Erysimum_repandum,0,108,CatA
Etlingera_elatior,1,86,CatA
Eucalyptus_globulus,0,107,CatA
Eucalyptus_robusta,0,132,CatA
Eupatorium_adenophorum,1,60,CatA
Eupatorium_cannabinum,0,119,CatA
Euphorbia_cyathophora,0,94,CatA
Euphorbia_dentata,0,46,CatA
Euphorbia_graminea,1,17,CatA
Euphorbia_heterophylla,0,115,CatA
Euphorbia_hypericifolia,0,137,CatA
Euphorbia_hyssopifolia,0,133,CatA
Euphorbia_lathyris,1,136,CatA
Euphorbia_maculata,0,108,CatA
Euphorbia_marginata,2,115,CatA
Euphorbia_milii,1,109,CatA
Euphorbia_neriifolia,1,116,CatA
Euphorbia_nutans,2,16,CatA
Euphorbia_peplus,0,97,CatA
Euphorbia_pulcherrima,0,102,CatA
Euphorbia_serpens,0,97,CatA
Euphorbia_tithymaloides,1,94,CatA
Evolvulus_nummularius,0,66,CatA
Festuca_arundinacea,0,91,CatA
Festuca_rubra,0,125,CatA
Foeniculum_vulgare,1,166,CatA
Furcraea_foetida,1,112,CatA
Gaillardia_pulchella,0,114,CatA
Galinsoga_quadriradiata,0,79,CatA
Galium_aparine,2,137,CatA
Geranium_molle,1,103,CatA
Gliricidia_sepium,2,34,CatA
Gnaphalium_pensylvanicum,1,101,CatA
Gnaphalium_polycaulon,1,115,CatA
Gomphrena_celosioides,2,122,CatA
Gomphrena_globosa,1,120,CatA
Gymnocoronis_spilanthoides,2,19,CatA
Helenium_autumnale,2,113,CatA
Helianthus_tuberosus,1,119,CatA
Heliotropium_ellipticum,0,91,CatA
Holcus_lanatus,2,120,CatA
Hordeum_bulbosum,1,98,CatA
Hordeum_jubatum,0,96,CatA
Hypochaeris_radicata,1,103,CatA
Hyptis_brevipes,0,97,CatA
Hyptis_capitata,0,101,CatA
Hyptis_suaveolens,0,104,CatA
Impatiens_balsamina,0,105,CatA
Impatiens_walleriana,2,131,CatA
Indigofera_suffruticosa,2,161,CatA
Ipomoea_alba,2,93,CatA
Ipomoea_batatas,1,137,CatA
Ipomoea_cordatotriloba,2,12,CatA
Ipomoea_hederifolia,2,80,CatA
Ipomoea_indica,2,169,CatA
Ipomoea_lacunosa,0,39,CatA
Ipomoea_nil,0,123,CatA
Ipomoea_purpurea,0,132,CatA
Ipomoea_quamoclit,0,105,CatA
Ipomoea_triloba,0,101,CatA
Ipomoea_wrightii,2,38,CatA
Iva_xanthiifolia,0,40,CatA
Jacquemontia_tamnifolia,0,41,CatA
Jasminum_sambac,1,115,CatA
Justicia_gendarussa,0,170,CatA
Kickxia_elatine,2,169,CatA
Kyllinga_polyphylla,1,40,CatA
Lactuca_sativa,1,166,CatA
Lepidium_bonariense,0,13,CatA
Lepidium_densiflorum,2,131,CatA
Lepidium_didymum,0,115,CatA
Lepidium_virginicum,0,112,CatA
Leucanthemum_vulgare,0,112,CatA
Limnocharis_flava,0,65,CatA
Linum_striatum,1,108,CatA
Lolium_multiflorum,2,107,CatA
Lolium_perenne,2,123,CatA
Lolium_persicum,0,91,CatA
Lolium_remotum,2,46,CatA
Lolium_rigidum,1,121,CatA
Lolium_temulentum,0,74,CatA
Lotus_corniculatus,1,166,CatA
Ludwigia_hyssopifolia,1,95,CatA
Macroptilium_atropurpureum,2,54,CatA
Malvastrum_coromandelianum,0,161,CatA
Martynia_annua,2,58,CatA
Matricaria_matricarioides,1,72,CatA
Medicago_polymorpha,0,121,CatA
Medicago_sativa,0,166,CatA
Melilotus_officinalis,0,166,CatA
Melinis_minutiflora,2,92,CatA
Melinis_repens,0,92,CatA
Merremia_tuberosa,2,58,CatA
Mikania_micrantha,0,103,CatA
Mimosa_diplotricha,2,95,CatA
Mimosa_pigra,2,24,CatA
Mirabilis_jalapa,0,174,CatA
Mitracarpus_hirtus,0,43,CatA
Momordica_charantia,1,117,CatA
Moringa_oleifera,1,95,CatA
Muntingia_calabura,1,88,CatA
Mussaenda_erythrophylla,1,103,CatA
Myosotis_arvensis,1,20,CatA
Neonotonia_wightii,1,60,CatA
Nicandra_physalodes,0,179,CatA
Nicotiana_alata,1,106,CatA
Nicotiana_plumbaginifolia,1,86,CatA
Nopalea_cochenillifera,1,104,CatA
Ocimum_basilicum,0,121,CatA
Oenothera_biennis,2,123,CatA
Oenothera_curtiflora,0,98,CatA
Oenothera_glazioviana,0,162,CatA
Oenothera_laciniata,2,99,CatA
Oenothera_oakesiana,2,8,CatA
Oenothera_tetraptera,2,87,CatA
Oenothera_villosa,2,66,CatA
Opuntia_ficusindica,0,82,CatA
Orobanche_brassicae,0,45,CatA
Oxalis_latifolia,0,16,CatA
Parthenium_hysterophorus,0,96,CatA
Parthenocissus_quinquefolia,2,122,CatA
Paspalidium_flavidum,1,86,CatA
Paspalum_conjugatum,0,110,CatA
Paspalum_dilatatum,0,103,CatA
Paspalum_distichum,0,101,CatA
Paspalum_fimbriatum,2,51,CatA
Paspalum_notatum,2,110,CatA
Paspalum_paniculatum,2,19,CatA
Paspalum_urvillei,2,59,CatA
Paspalum_virgatum,2,107,CatA
Passiflora_caerulea,0,111,CatA
Passiflora_foetida,0,169,CatA
Passiflora_suberosa,0,115,CatA
Pennisetum_clandestinum,2,64,CatA
Pennisetum_polystachion,0,61,CatA
Pennisetum_purpureum,2,113,CatA
Peperomia_pellucida,0,106,CatA
Petiveria_alliacea,0,87,CatA
Phalaris_canariensis,1,123,CatA
Phalaris_minor,2,97,CatA
Phalaris_paradoxa,2,64,CatA
Phaseolus_coccineus,1,116,CatA
Phaseolus_vulgaris,1,152,CatA
Phleum_pratense,2,114,CatA
Phyllanthus_amarus,2,106,CatA
Phyllanthus_niruri,2,108,CatA
Physalis_angulata,0,179,CatA
Physalis_lagascae,0,117,CatA
Physalis_peruviana,2,105,CatA
Physalis_philadelphica,0,112,CatA
Physalis_pubescens,2,147,CatA
Phytolacca_americana,0,166,CatA
Pilea_microphylla,0,105,CatA
Pithecellobium_dulce,1,90,CatA
Plantago_lanceolata,1,123,CatA
Plantago_virginica,0,88,CatA
Pluchea_carolinensis,0,25,CatA
Plumeria_rubra,1,138,CatA
Poa_annua,1,166,CatA
Poa_compressa,1,119,CatA
Poa_pratensis,1,120,CatA
Portulaca_grandiflora,1,131,CatA
Portulaca_oleracea,1,169,CatA
Portulaca_pilosa,0,112,CatA
Pseudelephantopus_spicatus,0,97,CatA
Psidium_guajava,2,169,CatA
Pupalia_micrantha,1,16,CatA
Ranunculus_arvensis,0,94,CatA
Ranunculus_muricatus,0,96,CatA
Rapistrum_rugosum,0,34,CatA
Rauvolfia_tetraphylla,1,62,CatA
Rhus_typhina,2,97,CatA
Ribes_nigrum,1,107,CatA
Ribes_uva-crispa,1,176,CatA
Richardia_scabra,0,90,CatA
Rivina_humilis,2,99,CatA
Robinia_pseudoacacia,0,145,CatA
Rorippa_amphibia,0,7,CatA
Rosmarinus_officinalis,1,12,CatA
Rudbeckia_hirta,0,121,CatA
Rudbeckia_laciniata,0,106,CatA
Salvia_sclarea,2,91,CatA
Salvia_tiliifolia,0,42,CatA
Sansevieria_trifasciata,2,104,CatA
Saponaria_officinalis,1,110,CatA
Scoparia_dulcis,0,169,CatA
Sechium_edule,1,92,CatA
Securigera_varia,0,8,CatA
Sedum_mexicanum,1,90,CatA
Senecio_inaequidens,1,17,CatA
Senna_alata,2,113,CatA
Senna_hirsuta,2,95,CatA
Senna_obtusifolia,0,105,CatA
Senna_occidentalis,0,169,CatA
Senna_siamea,1,101,CatA
Senna_surattensis,1,169,CatA
Senna_tora,1,108,CatA
Sesbania_cannabina,0,112,CatA
Sesbania_grandiflora,2,97,CatA
Sesbania_herbacea,0,112,CatA
Sesbania_sesban,2,104,CatA
Setaria_parviflora,2,169,CatA
Setaria_sphacelata,2,112,CatA
Sherardia_arvensis,2,94,CatA
Sicyos_angulatus,2,35,CatA
Sida_acuta,0,118,CatA
Silene_armeria,1,132,CatA
Silene_gallica,2,115,CatA
Silene_vulgaris,0,166,CatA
Silybum_marianum,2,83,CatA
Sinapis_alba,1,104,CatA
Sisymbrium_altissimum,1,120,CatA
Sisymbrium_irio,1,91,CatA
Sisymbrium_officinale,1,96,CatA
Sisymbrium_orientale,1,42,CatA
Sisyrinchium_atlanticum,1,92,CatA
Sisyrinchium_micranthum,1,112,CatA
Sisyrinchium_rosulatum,1,95,CatA
Solanum_aculeatissimum,0,133,CatA
Solanum_capsicoides,0,145,CatA
Solanum_carolinense,2,65,CatA
Solanum_chrysotrichum,0,139,CatA
Solanum_donianum,1,108,CatA
Solanum_elaeagnifolium,0,21,CatA
Solanum_erianthum,0,165,CatA
Solanum_mauritianum,2,21,CatA
Solanum_rostratum,0,127,CatA
Solanum_seaforthianum,1,112,CatA
Solanum_sisymbriifolium,2,121,CatA
Solanum_viarum,2,118,CatA
Solidago_canadensis,0,108,CatA
Soliva_sessilis,0,32,CatA
Sonchus_arvensis,0,143,CatA
Sonchus_asper,2,118,CatA
Sonchus_oleraceus,0,174,CatA
Sorghum_halepense,0,111,CatA
Spergula_arvensis,1,122,CatA
Spermacoce_alata,0,85,CatA
Sphagneticola_trilobata,0,46,CatA
Sporobolus_pyramidatus,2,97,CatA
Sporobolus_tenuissimus,1,17,CatA
Stachys_arvensis,2,158,CatA
Stachytarpheta_cayennensis,2,55,CatA
Stachytarpheta_jamaicensis,0,104,CatA
Stachytarpheta_urticifolia,0,169,CatA
Stellaria_media,0,148,CatA
Synedrella_nodiflora,0,114,CatA
Tagetes_erecta,2,166,CatA
Talinum_fruticosum,2,104,CatA
Tanacetum_vulgare,2,146,CatA
Tephrosia_candida,2,94,CatA
Tephrosia_noctiflora,1,60,CatA
Tephrosia_vogelii,1,97,CatA
Tetragonia_tetragonioides,0,103,CatA
Thunbergia_alata,2,169,CatA
Tithonia_diversifolia,0,112,CatA
Tithonia_rotundifolia,0,96,CatA
Torenia_fournieri,0,113,CatA
Tradescantia_fluminensis,0,86,CatA
Tradescantia_pallida,0,63,CatA
Tradescantia_zebrina,0,113,CatA
Tribulus_cistoides,1,100,CatA
Trifolium_hybridum,2,120,CatA
Trifolium_pratense,0,109,CatA
Trifolium_repens,0,166,CatA
Triodanis_perfoliata,2,64,CatA
Tripsacum_dactyloides,1,15,CatA
Ulex_europaeus,0,160,CatA
Vaccaria_hispanica,0,116,CatA
Verbena_bracteata,2,43,CatA
Veronica_arvensis,0,112,CatA
Veronica_peregrina,0,152,CatA
Vicia_sativa,2,137,CatA
Vicia_villosa,0,115,CatA
Vulpia_myuros,1,86,CatA
Waltheria_indica,0,179,CatA
Xanthium_spinosum,0,91,CatA
Xanthium_strumarium,0,169,CatA
Xanthosoma_sagittifolium,0,24,CatA
Zinnia_peruviana,0,103,CatA
Acacia_dealbata,0,83,CatB
Acacia_decurrens,0,98,CatB
Acacia_longifolia,0,82,CatB
Acacia_mangium,2,40,CatB
Acacia_mearnsii,0,71,CatB
Acacia_senegal,0,76,CatB
Acanthospermum_australe,1,86,CatB
Acanthospermum_hispidum,0,86,CatB
Acer_negundo,2,131,CatB
Achillea_millefolium,2,166,CatB
Acmella_uliginosa,1,54,CatB
Aeschynomene_americana,0,97,CatB
Agave_americana,0,122,CatB
Agave_sisalana,2,132,CatB
Agave_vivipara,1,105,CatB
Ageratina_adenophora,0,87,CatB
Ageratina_riparia,1,20,CatB
Ageratum_houstonianum,0,162,CatB
Albizia_lebbeck,0,169,CatB
Alliaria_petiolata,0,94,CatB
Alternanthera_bettzickiana,1,105,CatB
Alternanthera_philoxeroides,0,130,CatB
Amaranthus_albus,0,107,CatB
Amaranthus_blitum,0,117,CatB
Amaranthus_dubius,2,53,CatB
Amaranthus_hybridus,0,174,CatB
Amaranthus_palmeri,0,37,CatB
Amaranthus_retroflexus,0,172,CatB
Amaranthus_tuberculatus,0,18,CatB
Ambrosia_artemisiifolia,0,92,CatB
Ambrosia_psilostachya,0,30,CatB
Ambrosia_trifida,0,113,CatB
Ammannia_coccinea,0,35,CatB
Ammi_majus,0,96,CatB
Amorpha_fruticosa,1,103,CatB
Annona_glabra,1,79,CatB
Anredera_cordifolia,0,96,CatB
Anredera_vesicaria,0,45,CatB
Antigonon_leptopus,2,106,CatB
Argemone_mexicana,0,169,CatB
Argyreia_nervosa,1,104,CatB
Armoracia_rusticana,1,96,CatB
Arrhenatherum_elatius,0,96,CatB
Asparagus_densiflorus,0,103,CatB
Asparagus_setaceus,1,100,CatB
Aster_subulatus,0,101,CatB
Atriplex_hortensis,1,166,CatB
Atropa_bella-donna,0,101,CatB
Avena_fatua,0,172,CatB
Axonopus_compressus,2,96,CatB
Axonopus_fissifolius,0,69,CatB
Basella_alba,0,134,CatB
Begonia_cucullata,0,121,CatB
Berberis_thunbergii,1,133,CatB
Bidens_bipinnata,0,169,CatB
Bidens_frondosa,0,122,CatB
Bixa_orellana,1,122,CatB
Boerhavia_erecta,1,63,CatB
Borago_officinalis,0,86,CatB
Bougainvillea_spectabilis,1,106,CatB
Brachiaria_brizantha,0,42,CatB
Brachiaria_eruciformis,0,95,CatB
Brassica_juncea,1,137,CatB
Bromus_pubescens,1,16,CatB
Bromus_rigidus,1,89,CatB
Brugmansia_suaveolens,0,99,CatB
Bryophyllum_daigremontianum,2,58,CatB
Bryophyllum_delagoense,2,9,CatB
Buchloe_dactyloides,2,70,CatB
Bunias_orientalis,0,90,CatB
Caesalpinia_pulcherrima,1,169,CatB
Caladium_bicolor,1,79,CatB
Callisia_repens,0,19,CatB
Calopogonium_mucunoides,0,97,CatB
Calotropis_procera,0,138,CatB
Calyptocarpus_vialis,0,40,CatB
Canavalia_ensiformis,1,105,CatB
Canna_indica,1,169,CatB
Capsella_bursapastoris,1,166,CatB
Cardamine_flexuosa,0,137,CatB
Carica_papaya,1,115,CatB
Carthamus_tinctorius,1,166,CatB
Cascabela_thevetia,1,105,CatB
Cassia_floribunda,1,104,CatB
Cenchrus_caliculatus,0,50,CatB
Cenchrus_purpureus,0,113,CatB
Centaurea_diffusa,2,113,CatB
Centrosema_pubescens,0,97,CatB
Cerastium_fontanum,1,114,CatB
Cerastium_glomeratum,0,119,CatB
Cereus_repandus,1,18,CatB
Cestrum_nocturnum,2,124,CatB
Chenopodium_hybridum,0,158,CatB
Chloris_barbata,2,126,CatB
Chloris_gayana,0,109,CatB
Chromolaena_odorata,0,88,CatB
Chrysopogon_zizanioides,2,86,CatB
Cichorium_intybus,2,166,CatB
Cinchona_calisaya,1,90,CatB
Cinchona_officinalis,1,94,CatB
Cinchona_pubescens,1,94,CatB
Clarkia_pulchella,2,84,CatB
Cleome_rutidosperma,0,64,CatB
Clidemia_hirta,2,23,CatB
Clitoria_ternatea,2,129,CatB
Codiaeum_variegatum,1,100,CatB
Conium_maculatum,0,120,CatB
Conyza_sumatrensis,0,172,CatB
Corchorus_olitorius,0,169,CatB
Cordyline_fruticosa,1,103,CatB
Coreopsis_basalis,0,83,CatB
Coreopsis_grandiflora,2,97,CatB
Coreopsis_lanceolata,0,113,CatB
Coreopsis_tinctoria,0,121,CatB
Coriandrum_sativum,1,169,CatB
Cosmos_bipinnatus,0,120,CatB
Cosmos_sulphureus,0,100,CatB
Cota_tinctoria,1,91,CatB
Crassocephalum_crepidioides,0,98,CatB
Crassocephalum_rubens,0,89,CatB
Crotalaria_incana,2,70,CatB
Crotalaria_juncea,2,89,CatB
Crotalaria_lanceolata,2,87,CatB
Crotalaria_micans,2,112,CatB
Crotalaria_ochroleuca,2,70,CatB
Crotalaria_trichotoma,2,91,CatB
Croton_bonplandianus,1,18,CatB
Cuphea_carthagenensis,0,62,CatB
Cuscuta_approximata,0,166,CatB
Cuscuta_campestris,0,71,CatB
Cyclospermum_leptophyllum,0,122,CatB
Cymbalaria_muralis,2,71,CatB
Cymbopogon_nardus,2,112,CatB
Cynodon_plectostachyus,1,52,CatB
Cyperus_esculentus,0,94,CatB
Cyperus_rotundus,0,178,CatB
Cyperus_surinamensis,2,21,CatB
Dactylis_glomerata,1,174,CatB
Dalbergia_sissoo,1,164,CatB
Datura_inoxia,2,117,CatB
Datura_stramonium,0,163,CatB
Derris_elliptica,0,88,CatB
Desmanthus_pernambucanus,2,3,CatB
Desmanthus_virgatus,0,59,CatB
Desmodium_scorpiurus,1,107,CatB
Desmodium_tortuosum,2,92,CatB
Dianthus_sylvestris,1,69,CatB
Dichanthium_annulatum,1,159,CatB
Dieffenbachia_seguine,1,69,CatB
Digitalis_purpurea,1,119,CatB
Digitaria_ciliaris,1,112,CatB
Diodia_virginiana,2,36,CatB
Dolichandra_unguiscati,0,182,CatB
Duranta_erecta,1,126,CatB
Dysphania_ambrosioides,0,158,CatB
Dysphania_pumilio,0,29,CatB
Echinocystis_lobata,2,6,CatB
Ehrharta_erecta,2,24,CatB
Elaeis_guineensis,1,68,CatB
Elephantopus_tomentosus,0,94,CatB
Eleusine_coracana,1,136,CatB
Eleutheranthera_ruderalis,2,26,CatB
Emilia_fosbergii,1,24,CatB
Emilia_sonchifolia,1,169,CatB
Epiphyllum_oxypetalum,1,93,CatB
Eragrostis_ciliaris,1,110,CatB
Eragrostis_curvula,0,69,CatB
Erechtites_hieracifolia,1,97,CatB
Erechtites_hieraciifolius,2,97,CatB
Erechtites_valerianifolia,1,98,CatB
Erechtites_valerianifolius,0,100,CatB
Erigeron_bellioides,1,112,CatB
Erigeron_bonariensis,0,169,CatB
Erigeron_canadensis,0,162,CatB
Erigeron_karvinskianus,1,73,CatB
Erigeron_philadelphicus,0,87,CatB
Erigeron_speciosus,2,35,CatB
Erigeron_sumatrensis,0,112,CatB
Erodium_moschatum,1,30,CatB
Eryngium_foetidum,2,125,CatB
Erysimum_repandum,0,108,CatB
Etlingera_elatior,1,86,CatB
Eucalyptus_exserta,0,100,CatB
Eucalyptus_robusta,0,132,CatB
Eupatorium_adenophorum,1,60,CatB
Eupatorium_cannabinum,0,119,CatB
Euphorbia_antiquorum,0,105,CatB
Euphorbia_dentata,0,46,CatB
Euphorbia_graminea,1,17,CatB
Euphorbia_heterophylla,0,115,CatB
Euphorbia_hypericifolia,0,137,CatB
Euphorbia_hyssopifolia,0,133,CatB
Euphorbia_milii,1,109,CatB
Euphorbia_neriifolia,1,116,CatB
Euphorbia_peplus,0,97,CatB
Euphorbia_tithymaloides,1,94,CatB
Evolvulus_nummularius,0,66,CatB
Fallopia_scandens,2,98,CatB
Festuca_arundinacea,0,91,CatB
Festuca_rubra,0,125,CatB
Foeniculum_vulgare,1,166,CatB
Furcraea_foetida,1,112,CatB
Gaillardia_aristata,0,107,CatB
Gaillardia_pulchella,0,114,CatB
Galinsoga_quadriradiata,0,79,CatB
Galium_aparine,2,137,CatB
Gaura_biennis,1,120,CatB
Geranium_carolinianum,0,104,CatB
Geranium_molle,1,103,CatB
Gliricidia_sepium,2,34,CatB
Glyceria_maxima,2,124,CatB
Gnaphalium_polycaulon,1,115,CatB
Gomphrena_celosioides,2,122,CatB
Gomphrena_globosa,1,120,CatB
Gymnocoronis_spilanthoides,2,19,CatB
Helenium_autumnale,2,113,CatB
Helianthus_tuberosus,1,119,CatB
Heliotropium_ellipticum,0,91,CatB
Herissantia_crispa,0,90,CatB
Holcus_lanatus,2,120,CatB
Hordeum_jubatum,0,96,CatB
Hyptis_brevipes,0,97,CatB
Hyptis_capitata,0,101,CatB
Hyptis_suaveolens,0,104,CatB
Impatiens_balsamina,0,105,CatB
Impatiens_walleriana,2,131,CatB
Indigofera_suffruticosa,2,161,CatB
Ipomoea_alba,2,93,CatB
Ipomoea_carnea,0,94,CatB
Ipomoea_cordatotriloba,2,12,CatB
Ipomoea_eriocarpa,1,93,CatB
Ipomoea_hederifolia,2,80,CatB
Ipomoea_lacunosa,0,39,CatB
Ipomoea_mauritiana,0,90,CatB
Ipomoea_nil,0,123,CatB
Ipomoea_purpurea,0,132,CatB
Ipomoea_quamoclit,0,105,CatB
Ipomoea_triloba,0,101,CatB
Ipomoea_turbinata,1,46,CatB
Ipomoea_wrightii,2,38,CatB
Iva_xanthiifolia,0,40,CatB
Jasminum_sambac,1,115,CatB
Justicia_gendarussa,0,170,CatB
Lactuca_serriola,0,137,CatB
Lepidium_bonariense,0,13,CatB
Lepidium_didymum,0,115,CatB
Lepidium_virginicum,0,112,CatB
Leucanthemum_vulgare,0,112,CatB
Lilium_hansonii,1,73,CatB
Limnocharis_flava,0,65,CatB
Lindernia_dubia,1,69,CatB
Lindernia_rotundifolia,2,17,CatB
Linum_striatum,1,108,CatB
Lolium_multiflorum,2,107,CatB
Lolium_perenne,2,123,CatB
Lolium_persicum,0,91,CatB
Lotus_corniculatus,1,166,CatB
Ludwigia_hyssopifolia,1,95,CatB
Macroptilium_atropurpureum,2,54,CatB
Malvastrum_americanum,2,67,CatB
Manihot_esculenta,1,117,CatB
Martynia_annua,2,58,CatB
Matricaria_matricarioides,1,72,CatB
Medicago_minima,2,112,CatB
Medicago_polymorpha,0,121,CatB
Medicago_sativa,0,166,CatB
Melilotus_officinalis,0,166,CatB
Melinis_minutiflora,2,92,CatB
Melinis_repens,0,92,CatB
Mentha_spicata,1,109,CatB
Merremia_tuberosa,2,58,CatB
Mikania_micrantha,0,103,CatB
Mimosa_bimucronata,0,102,CatB
Mimosa_diplotricha,2,95,CatB
Mimosa_pigra,2,24,CatB
Mirabilis_jalapa,0,174,CatB
Mitracarpus_hirtus,0,43,CatB
Mollugo_verticillata,1,86,CatB
Momordica_charantia,1,117,CatB
Moringa_oleifera,1,95,CatB
Muntingia_calabura,1,88,CatB
Mussaenda_erythrophylla,1,103,CatB
Myosotis_arvensis,1,20,CatB
Nasturtium_officinale,0,114,CatB
Neonotonia_wightii,1,60,CatB
Neptunia_plena,2,59,CatB
Nicandra_physalodes,0,179,CatB
Nicotiana_alata,1,106,CatB
Nicotiana_plumbaginifolia,1,86,CatB
Nopalea_cochenillifera,1,104,CatB
Ocimum_basilicum,0,121,CatB
Oenothera_biennis,2,123,CatB
Oenothera_curtiflora,0,98,CatB
Oenothera_glazioviana,0,162,CatB
Oenothera_laciniata,2,99,CatB
Oenothera_oakesiana,2,8,CatB
Oenothera_parviflora,2,104,CatB
Oenothera_rosea,0,86,CatB
Oenothera_tetraptera,2,87,CatB
Oenothera_villosa,2,66,CatB
Opuntia_ficusindica,0,82,CatB
Parthenium_hysterophorus,0,96,CatB
Parthenocissus_quinquefolia,2,122,CatB
Paspalidium_flavidum,1,86,CatB
Paspalum_conjugatum,0,110,CatB
Paspalum_distichum,0,101,CatB
Paspalum_notatum,2,110,CatB
Paspalum_paniculatum,2,19,CatB
Paspalum_urvillei,2,59,CatB
Paspalum_virgatum,2,107,CatB
Passiflora_caerulea,0,111,CatB
Passiflora_edulis,0,106,CatB
Passiflora_foetida,0,169,CatB
Passiflora_suberosa,0,115,CatB
Pennisetum_clandestinum,2,64,CatB
Pennisetum_polystachion,0,61,CatB
Pennisetum_purpureum,2,113,CatB
Peperomia_pellucida,0,106,CatB
Petiveria_alliacea,0,87,CatB
Phalaris_paradoxa,2,64,CatB
Phaseolus_coccineus,1,116,CatB
Phleum_pratense,2,114,CatB
Physalis_angulata,0,179,CatB
Physalis_lagascae,0,117,CatB
Physalis_peruviana,2,105,CatB
Physalis_pubescens,2,147,CatB
Phytolacca_americana,0,166,CatB
Plantago_aristata,2,123,CatB
Plantago_lanceolata,1,123,CatB
Plantago_virginica,0,88,CatB
Pluchea_carolinensis,0,25,CatB
Plumeria_rubra,1,138,CatB
Poa_annua,1,166,CatB
Poa_compressa,1,119,CatB
Poa_pratensis,1,120,CatB
Poa_trivialis,1,97,CatB
Portulaca_oleracea,1,169,CatB
Portulaca_pilosa,0,112,CatB
Pseudelephantopus_spicatus,0,97,CatB
Psidium_guajava,2,169,CatB
Punica_granatum,1,131,CatB
Pupalia_micrantha,1,16,CatB
Pyrostegia_venusta,1,101,CatB
Ranunculus_muricatus,0,96,CatB
Rapistrum_rugosum,0,34,CatB
Rhus_typhina,2,97,CatB
Ribes_multiflorum,1,90,CatB
Ribes_nigrum,1,107,CatB
Ribes_uva-crispa,1,176,CatB
Rivina_humilis,2,99,CatB
Robinia_pseudoacacia,0,145,CatB
Rorippa_amphibia,0,7,CatB
Rosmarinus_officinalis,1,12,CatB
Rudbeckia_hirta,0,121,CatB
Rudbeckia_laciniata,0,106,CatB
Ruellia_simplex,1,61,CatB
Sagittaria_graminea,2,64,CatB
Salix_fragilis,1,98,CatB
Salvia_sclarea,2,91,CatB
Sansevieria_trifasciata,2,104,CatB
Sanvitalia_procumbens,1,101,CatB
Saponaria_officinalis,1,110,CatB
Scoparia_dulcis,0,169,CatB
Sechium_edule,1,92,CatB
Securigera_varia,0,8,CatB
Senecio_radicans,1,34,CatB
Senna_alata,2,113,CatB
Senna_fruticosa,0,79,CatB
Senna_hirsuta,2,95,CatB
Senna_obtusifolia,0,105,CatB
Senna_occidentalis,0,169,CatB
Senna_siamea,1,101,CatB
Senna_surattensis,1,169,CatB
Senna_tora,1,108,CatB
Sesbania_grandiflora,2,97,CatB
Sesbania_sesban,2,104,CatB
Setaria_parviflora,2,169,CatB
Setaria_sphacelata,2,112,CatB
Sherardia_arvensis,2,94,CatB
Sicyos_angulatus,2,35,CatB
Sida_acuta,0,118,CatB
Silene_gallica,2,115,CatB
Silene_vulgaris,0,166,CatB
Silphium_perfoliatum,0,76,CatB
Silybum_marianum,2,83,CatB
Sinapis_alba,1,104,CatB
Sisymbrium_altissimum,1,120,CatB
Sisymbrium_irio,1,91,CatB
Sisymbrium_officinale,1,96,CatB
Sisyrinchium_atlanticum,1,92,CatB
Sisyrinchium_rosulatum,1,95,CatB
Solanum_aculeatissimum,0,133,CatB
Solanum_capsicoides,0,145,CatB
Solanum_carolinense,2,65,CatB
Solanum_chrysotrichum,0,139,CatB
Solanum_donianum,1,108,CatB
Solanum_elaeagnifolium,0,21,CatB
Solanum_erianthum,0,165,CatB
Solanum_mauritianum,2,21,CatB
Solanum_rostratum,0,127,CatB
Solanum_seaforthianum,1,112,CatB
Solanum_sisymbriifolium,2,121,CatB
Solanum_viarum,2,118,CatB
Solidago_canadensis,0,108,CatB
Sonchus_asper,2,118,CatB
Sonchus_oleraceus,0,174,CatB
Sorghum_halepense,0,111,CatB
Spartina_alterniflora,0,90,CatB
Spermacoce_alata,0,85,CatB
Sphagneticola_trilobata,0,46,CatB
Spilanthes_acmella,1,100,CatB
Sporobolus_pyramidatus,2,97,CatB
Sporobolus_tenuissimus,1,17,CatB
Stachys_arvensis,2,158,CatB
Stachytarpheta_cayennensis,2,55,CatB
Stachytarpheta_urticifolia,0,169,CatB
Stellaria_media,0,148,CatB
Symphytum_officinale,2,94,CatB
Tagetes_erecta,2,166,CatB
Talinum_fruticosum,2,104,CatB
Tanacetum_vulgare,2,146,CatB
Tephrosia_candida,2,94,CatB
Tephrosia_noctiflora,1,60,CatB
Tephrosia_vogelii,1,97,CatB
Tetragonia_tetragonioides,0,103,CatB
Thunbergia_alata,2,169,CatB
Tithonia_diversifolia,0,112,CatB
Tithonia_rotundifolia,0,96,CatB
Torenia_fournieri,0,113,CatB
Tradescantia_fluminensis,0,86,CatB
Tradescantia_pallida,0,63,CatB
Tradescantia_zebrina,0,113,CatB
Tridax_procumbens,0,94,CatB
Trifolium_eximium,1,63,CatB
Trifolium_hybridum,2,120,CatB
Trifolium_pratense,0,109,CatB
Trifolium_repens,0,166,CatB
Triodanis_perfoliata,2,64,CatB
Tripsacum_dactyloides,1,15,CatB
Ulex_europaeus,0,160,CatB
Ulmus_laevis,1,72,CatB
Vaccaria_hispanica,0,116,CatB
Veronica_arvensis,0,112,CatB
Veronica_peregrina,0,152,CatB
Vicia_sativa,2,137,CatB
Vicia_villosa,0,115,CatB
Vulpia_myuros,1,86,CatB
Waltheria_indica,0,179,CatB
Xanthium_spinosum,0,91,CatB
Xanthium_strumarium,0,169,CatB
Xanthosoma_sagittifolium,0,24,CatB
Zinnia_peruviana,0,103,CatB
Acacia_longifolia,0,82,CatC
Acacia_mangium,2,40,CatC
Acacia_mearnsii,0,71,CatC
Acanthospermum_australe,1,86,CatC
Achillea_millefolium,2,166,CatC
Acmella_uliginosa,1,54,CatC
Aeschynomene_americana,0,97,CatC
Agave_americana,0,122,CatC
Agave_sisalana,2,132,CatC
Agave_vivipara,1,105,CatC
Agrostis_avenacea,1,16,CatC
Albizia_lebbeck,0,169,CatC
Alternanthera_philoxeroides,0,130,CatC
Amorpha_fruticosa,1,103,CatC
Anagallis_arvensis,1,122,CatC
Andrographis_paniculata,1,98,CatC
Annona_glabra,1,79,CatC
Anredera_cordifolia,0,96,CatC
Antigonon_leptopus,2,106,CatC
Arrhenatherum_elatius,0,96,CatC
Asparagus_densiflorus,0,103,CatC
Aster_subulatus,0,101,CatC
Bougainvillea_spectabilis,1,106,CatC
Calotropis_procera,0,138,CatC
Canna_indica,1,169,CatC
Capsella_bursapastoris,1,166,CatC
Cascabela_thevetia,1,105,CatC
Cenchrus_clandestinus,0,12,CatC
Cenchrus_incertus,0,7,CatC
Cestrum_nocturnum,2,124,CatC
Chloris_barbata,2,126,CatC
Chromolaena_odorata,0,88,CatC
Chrysopogon_zizanioides,2,86,CatC
Cichorium_intybus,2,166,CatC
Cordyline_fruticosa,1,103,CatC
Cosmos_sulphureus,0,100,CatC
Cuphea_carthagenensis,0,62,CatC
Cyperus_esculentus,0,94,CatC
Cyperus_rotundus,0,178,CatC
Dalbergia_sissoo,1,164,CatC
Desmanthus_pernambucanus,2,3,CatC
Desmanthus_virgatus,0,59,CatC
Dichanthium_annulatum,1,159,CatC
Digitaria_ciliaris,1,112,CatC
Diodia_virginiana,2,36,CatC
Diplotaxis_muralis,2,115,CatC
Dolichandra_unguiscati,0,182,CatC
Duranta_erecta,1,126,CatC
Dysphania_ambrosioides,0,158,CatC
Ehrharta_erecta,2,24,CatC
Elaeis_guineensis,1,68,CatC
Emilia_sonchifolia,1,169,CatC
Epiphyllum_oxypetalum,1,93,CatC
Eragrostis_ciliaris,1,110,CatC
Erigeron_bellioides,1,112,CatC
Erigeron_karvinskianus,1,73,CatC
Eucalyptus_exserta,0,100,CatC
Eucalyptus_globulus,0,107,CatC
Eucalyptus_robusta,0,132,CatC
Euphorbia_serpens,0,97,CatC
Euphorbia_tithymaloides,1,94,CatC
Festuca_arundinacea,0,91,CatC
Furcraea_foetida,1,112,CatC
Gaillardia_pulchella,0,114,CatC
Gliricidia_sepium,2,34,CatC
Gymnocoronis_spilanthoides,2,19,CatC
Herissantia_crispa,0,90,CatC
Hyptis_brevipes,0,97,CatC
Impatiens_walleriana,2,131,CatC
Indigofera_suffruticosa,2,161,CatC
Ipomoea_alba,2,93,CatC
Ipomoea_eriocarpa,1,93,CatC
Ipomoea_indica,2,169,CatC
Ipomoea_purpurea,0,132,CatC
Jasminum_sambac,1,115,CatC
Lepidium_densiflorum,2,131,CatC
Lepidium_virginicum,0,112,CatC
Limnocharis_flava,0,65,CatC
Lolium_multiflorum,2,107,CatC
Macroptilium_atropurpureum,2,54,CatC
Macroptilium_lathyroides,2,109,CatC
Melinis_repens,0,92,CatC
Melothria_pendula,2,21,CatC
Merremia_tuberosa,2,58,CatC
Momordica_charantia,1,117,CatC
Moringa_oleifera,1,95,CatC
Neonotonia_wightii,1,60,CatC
Nopalea_cochenillifera,1,104,CatC
Parapholis_incurva,0,68,CatC
Parthenium_hysterophorus,0,96,CatC
Parthenocissus_quinquefolia,2,122,CatC
Paspalum_distichum,0,101,CatC
Paspalum_paniculatum,2,19,CatC
Paspalum_urvillei,2,59,CatC
Paspalum_virgatum,2,107,CatC
Passiflora_foetida,0,169,CatC
Pennisetum_clandestinum,2,64,CatC
Pennisetum_polystachion,0,61,CatC
Pithecellobium_dulce,1,90,CatC
Plantago_aristata,2,123,CatC
Pluchea_carolinensis,0,25,CatC
Plumeria_rubra,1,138,CatC
Poa_annua,1,166,CatC
Portulaca_oleracea,1,169,CatC
Portulaca_pilosa,0,112,CatC
Pseudelephantopus_spicatus,0,97,CatC
Rhus_typhina,2,97,CatC
Rosmarinus_officinalis,1,12,CatC
Sagittaria_graminea,2,64,CatC
Salicornia_bigelovii,2,21,CatC
Sansevieria_trifasciata,2,104,CatC
Securigera_varia,0,8,CatC
Senna_occidentalis,0,169,CatC
Senna_siamea,1,101,CatC
Senna_surattensis,1,169,CatC
Sesbania_grandiflora,2,97,CatC
Sesbania_sesban,2,104,CatC
Setaria_parviflora,2,169,CatC
Silene_gallica,2,115,CatC
Silybum_marianum,2,83,CatC
Solanum_elaeagnifolium,0,21,CatC
Solanum_mauritianum,2,21,CatC
Soliva_sessilis,0,32,CatC
Sonchus_asper,2,118,CatC
Sonchus_oleraceus,0,174,CatC
Sonneratia_apetala,2,27,CatC
Spartina_alterniflora,0,90,CatC
Spartina_anglica,0,86,CatC
Sphagneticola_trilobata,0,46,CatC
Sporobolus_pyramidatus,2,97,CatC
Sporobolus_tenuissimus,1,17,CatC
Stachys_arvensis,2,158,CatC
Tephrosia_candida,2,94,CatC
Tetragonia_tetragonioides,0,103,CatC
Thunbergia_alata,2,169,CatC
Tradescantia_pallida,0,63,CatC
Tradescantia_zebrina,0,113,CatC
Tribulus_cistoides,1,100,CatC
Ulex_europaeus,0,160,CatC
Xanthium_spinosum,0,91,CatC
Xanthium_strumarium,0,169,CatC
Acmella_oleracea,0,79,CatD
Agrostis_avenacea,1,16,CatD
Alternanthera_philoxeroides,0,130,CatD
Ambrosia_artemisiifolia,0,92,CatD
Ambrosia_trifida,0,113,CatD
Ammannia_coccinea,0,35,CatD
Annona_glabra,1,79,CatD
Armoracia_rusticana,1,96,CatD
Aster_subulatus,0,101,CatD
Basella_alba,0,134,CatD
Brachiaria_mutica,0,91,CatD
Bromus_pubescens,1,16,CatD
Cabomba_caroliniana,0,29,CatD
Cichorium_intybus,2,166,CatD
Clitoria_ternatea,2,129,CatD
Coreopsis_tinctoria,0,121,CatD
Crotalaria_ochroleuca,2,70,CatD
Croton_bonplandianus,1,18,CatD
Cyperus_esculentus,0,94,CatD
Cyperus_prolifer,1,20,CatD
Cyperus_rotundus,0,178,CatD
Desmanthus_pernambucanus,2,3,CatD
Dieffenbachia_seguine,1,69,CatD
Digitalis_purpurea,1,119,CatD
Diodia_virginiana,2,36,CatD
Eclipta_prostrata,1,169,CatD
Egeria_densa,2,30,CatD
Elatine_americana,1,69,CatD
Eragrostis_ciliaris,1,110,CatD
Eragrostis_curvula,0,69,CatD
Erechtites_valerianifolia,1,98,CatD
Erechtites_valerianifolius,0,100,CatD
Euphorbia_prostrata,0,101,CatD
Eutrema_japonicum,1,102,CatD
Glyceria_maxima,2,124,CatD
Gymnocoronis_spilanthoides,2,19,CatD
Helenium_bigelovii,0,59,CatD
Hydrocotyle_verticillata,0,14,CatD
Hydrocotyle_vulgaris,1,43,CatD
Ipomoea_lacunosa,0,39,CatD
Ipomoea_triloba,0,101,CatD
Limnocharis_flava,0,65,CatD
Lindernia_dubia,1,69,CatD
Lindernia_rotundifolia,2,17,CatD
Macroptilium_lathyroides,2,109,CatD
Mentha_spicata,1,109,CatD
Mimosa_diplotricha,2,95,CatD
Momordica_charantia,1,117,CatD
Myriophyllum_aquaticum,0,26,CatD
Nasturtium_officinale,0,114,CatD
Neptunia_plena,2,59,CatD
Nymphaea_alba,1,108,CatD
Oenothera_parviflora,2,104,CatD
Oenothera_rosea,0,86,CatD
Oenothera_villosa,2,66,CatD
Panicum_dichotomiflorum,0,114,CatD
Paspalum_distichum,0,101,CatD
Paspalum_notatum,2,110,CatD
Paspalum_urvillei,2,59,CatD
Phleum_pratense,2,114,CatD
Plantago_virginica,0,88,CatD
Poa_annua,1,166,CatD
Potamogeton_vaseyi,1,91,CatD
Rapistrum_rugosum,0,34,CatD
Rorippa_amphibia,0,7,CatD
Rotala_ramosior,1,86,CatD
Sagittaria_graminea,2,64,CatD
Sesbania_cannabina,0,112,CatD
Sisyrinchium_atlanticum,1,92,CatD
Solanum_aculeatissimum,0,133,CatD
Symphytum_officinale,2,94,CatD
Tetragonia_tetragonioides,0,103,CatD
Trifolium_fragiferum,1,104,CatD
Vallisneria_americana,1,43,CatD
Annona_glabra,1,79,CatE
Atriplex_nummularia,0,28,CatE
Gymnocoronis_spilanthoides,2,19,CatE
Limnocharis_flava,0,65,CatE
Myriophyllum_aquaticum,0,26,CatE
Paspalum_distichum,0,101,CatE
Sesbania_sesban,2,104,CatE
Sonneratia_apetala,2,27,CatE
Spartina_alterniflora,0,90,CatE
Spartina_anglica,0,86,CatE
Sporobolus_pyramidatus,2,97,CatE
Trifolium_fragiferum,1,104,CatE
