Species,invasion_status,mrt,Category
Acanthospermum_hispidum,0,86,CatA
Achillea_millefolium,2,166,CatA
Alliaria_petiolata,0,94,CatA
Alopecurus_myosuroides,1,125,CatA
Alyssum_alyssoides,0,94,CatA
Amaranthus_blitum,0,117,CatA
Ammi_majus,0,96,CatA
Anagallis_arvensis,1,122,CatA
Anthemis_arvensis,2,122,CatA
Anthriscus_caucalis,2,113,CatA
Armoracia_rusticana,1,96,CatA
Arrhenatherum_elatius,0,96,CatA
Atriplex_hortensis,1,166,CatA
Atropa_bella-donna,0,101,CatA
Avena_fatua,0,172,CatA
Avena_sterilis,0,91,CatA
Borago_officinalis,0,86,CatA
Brachiaria_eruciformis,0,95,CatA
Bromus_arvensis,2,166,CatA
Bromus_rigidus,1,89,CatA
Bunias_orientalis,0,90,CatA
Capsella_bursapastoris,1,166,CatA
Cardamine_flexuosa,0,137,CatA
Centaurea_diffusa,2,113,CatA
Cerastium_fontanum,1,114,CatA
Cerastium_glomeratum,0,119,CatA
Chenopodium_hybridum,0,158,CatA
Chrysanthemum_segetum,0,121,CatA
Cichorium_intybus,2,166,CatA
Conium_maculatum,0,120,CatA
Cota_tinctoria,1,91,CatA
Crepis_tectorum,0,118,CatA
Cuscuta_approximata,0,166,CatA
Cyanus_segetum,2,105,CatA
Cymbalaria_muralis,2,71,CatA
Cynosurus_cristatus,1,94,CatA
Cyperus_esculentus,0,94,CatA
Cyperus_rotundus,0,178,CatA
Dactylis_glomerata,1,174,CatA
Deschampsia_atropurpurea,1,16,CatA
Dianthus_sylvestris,1,69,CatA
Digitalis_purpurea,1,119,CatA
Digitaria_ciliaris,1,112,CatA
Diplotaxis_muralis,2,115,CatA
Erodium_moschatum,1,30,CatA
Erysimum_repandum,0,108,CatA
Eupatorium_cannabinum,0,119,CatA
Euphorbia_lathyris,1,136,CatA
Euphorbia_peplus,0,97,CatA
Fallopia_scandens,2,98,CatA
Festuca_rubra,0,125,CatA
Foeniculum_vulgare,1,166,CatA
Geranium_molle,1,103,CatA
Glyceria_maxima,2,124,CatA
Heliotropium_ellipticum,0,91,CatA
Heliotropium_europaeum,0,145,CatA
Hesperis_matronalis,1,92,CatA
Holcus_lanatus,2,120,CatA
Hordeum_bulbosum,1,98,CatA
Hordeum_jubatum,0,96,CatA
Hydrocotyle_vulgaris,1,43,CatA
Hypochaeris_radicata,1,103,CatA
Kickxia_elatine,2,169,CatA
Lactuca_serriola,0,137,CatA
Lamium_purpureum,1,19,CatA
Lepidium_campestre,0,97,CatA
Leucanthemum_vulgare,0,112,CatA
Lobularia_maritima,1,105,CatA
Lolium_multiflorum,2,107,CatA
Lolium_perenne,2,123,CatA
Lolium_remotum,2,46,CatA
Lolium_rigidum,1,121,CatA
Lolium_temulentum,0,74,CatA
Lotus_corniculatus,1,166,CatA
Medicago_minima,2,112,CatA
Medicago_polymorpha,0,121,CatA
Medicago_sativa,0,166,CatA
Melilotus_officinalis,0,166,CatA
Mentha_spicata,1,109,CatA
Myosotis_arvensis,1,20,CatA
Nasturtium_officinale,0,114,CatA
Nymphaea_alba,1,108,CatA
Orobanche_brassicae,0,45,CatA
Parapholis_incurva,0,68,CatA
Phalaris_canariensis,1,123,CatA
Phalaris_minor,2,97,CatA
Phalaris_paradoxa,2,64,CatA
Phleum_pratense,2,114,CatA
Plantago_indica,1,85,CatA
Plantago_lanceolata,1,123,CatA
Poa_annua,1,166,CatA
Poa_compressa,1,119,CatA
Poa_pratensis,1,120,CatA
Poa_trivialis,1,97,CatA
Portulaca_oleracea,1,169,CatA
Prunella_grandiflora,1,62,CatA
Ranunculus_arvensis,0,94,CatA
Ranunculus_muricatus,0,96,CatA
Ranunculus_sardous,2,30,CatA
Raphanus_raphanistrum,2,106,CatA
Rapistrum_rugosum,0,34,CatA
Reseda_lutea,0,98,CatA
Ribes_multiflorum,1,90,CatA
Ribes_nigrum,1,107,CatA
Ribes_uva-crispa,1,176,CatA
Rorippa_amphibia,0,7,CatA
Rorippa_austriaca,1,32,CatA
Rosmarinus_officinalis,1,12,CatA
Salix_fragilis,1,98,CatA
Salvia_sclarea,2,91,CatA
Saponaria_officinalis,1,110,CatA
Secale_cereale,0,112,CatA
Securigera_varia,0,8,CatA
Sherardia_arvensis,2,94,CatA
Silene_armeria,1,132,CatA
Silene_gallica,2,115,CatA
Silene_vulgaris,0,166,CatA
Silybum_marianum,2,83,CatA
Sinapis_alba,1,104,CatA
Sinapis_arvensis,1,57,CatA
Sisymbrium_altissimum,1,120,CatA
Sisymbrium_irio,1,91,CatA
Sisymbrium_officinale,1,96,CatA
Sisymbrium_orientale,1,42,CatA
Sonchus_arvensis,0,143,CatA
Sonchus_asper,2,118,CatA
Sonchus_oleraceus,0,174,CatA
Spartina_anglica,0,86,CatA
Spergula_arvensis,1,122,CatA
Stachys_arvensis,2,158,CatA
Stellaria_media,0,148,CatA
Stellaria_pallida,0,92,CatA
Symphytum_officinale,2,94,CatA
Tanacetum_parthenifolium,0,89,CatA
Tanacetum_vulgare,2,146,CatA
Taraxacum_campylodes,0,46,CatA
Trifolium_dubium,1,65,CatA
Trifolium_fragiferum,1,104,CatA
Trifolium_hybridum,2,120,CatA
Trifolium_incarnatum,2,96,CatA
Trifolium_medium,1,64,CatA
Trifolium_pratense,0,109,CatA
Trifolium_repens,0,166,CatA
Trigonella_foenumgraecum,1,108,CatA
Ulex_europaeus,0,160,CatA
Ulmus_laevis,1,72,CatA
Vaccaria_hispanica,0,116,CatA
Veronica_arvensis,0,112,CatA
Veronica_hederifolia,0,94,CatA
Vicia_sativa,2,137,CatA
Vicia_villosa,0,115,CatA
Viola_arvensis,1,46,CatA
Vulpia_myuros,1,86,CatA
Xanthium_strumarium,0,169,CatA
Acacia_senegal,0,76,CatB
Acmella_uliginosa,1,54,CatB
Alliaria_petiolata,0,94,CatB
Alopecurus_myosuroides,1,125,CatB
Alyssum_alyssoides,0,94,CatB
Amaranthus_blitum,0,117,CatB
Amaranthus_viridis,0,159,CatB
Ammi_majus,0,96,CatB
Anagallis_arvensis,1,122,CatB
Annona_glabra,1,79,CatB
Anthemis_arvensis,2,122,CatB
Anthriscus_caucalis,2,113,CatB
Arrhenatherum_elatius,0,96,CatB
Asparagus_densiflorus,0,103,CatB
Asparagus_setaceus,1,100,CatB
Atropa_bella-donna,0,101,CatB
Avena_fatua,0,172,CatB
Avena_sterilis,0,91,CatB
Boerhavia_erecta,1,63,CatB
Borago_officinalis,0,86,CatB
Brachiaria_brizantha,0,42,CatB
Brachiaria_eruciformis,0,95,CatB
Brachiaria_mutica,0,91,CatB
Bromus_rigidus,1,89,CatB
Bryophyllum_daigremontianum,2,58,CatB
Bryophyllum_delagoense,2,9,CatB
Bryophyllum_pinnatum,0,161,CatB
Calotropis_procera,0,138,CatB
Capsella_bursapastoris,1,166,CatB
Cardamine_flexuosa,0,137,CatB
Cenchrus_clandestinus,0,12,CatB
Cenchrus_purpureus,0,113,CatB
Cerastium_fontanum,1,114,CatB
Cerastium_glomeratum,0,119,CatB
Chloris_barbata,2,126,CatB
Chloris_gayana,0,109,CatB
Chrysanthemum_segetum,0,121,CatB
Cichorium_intybus,2,166,CatB
Cleome_rutidosperma,0,64,CatB
Clitoria_ternatea,2,129,CatB
Conium_maculatum,0,120,CatB
Crassocephalum_crepidioides,0,98,CatB
Crassocephalum_rubens,0,89,CatB
Crotalaria_incana,2,70,CatB
Crotalaria_lanceolata,2,87,CatB
Crotalaria_ochroleuca,2,70,CatB
Crotalaria_trichotoma,2,91,CatB
Cucumis_melo,1,123,CatB
Cuscuta_approximata,0,166,CatB
Cymbopogon_nardus,2,112,CatB
Cynodon_plectostachyus,1,52,CatB
Cynosurus_cristatus,1,94,CatB
Cyperus_esculentus,0,94,CatB
Cyperus_prolifer,1,20,CatB
Cyperus_rotundus,0,178,CatB
Dactylis_glomerata,1,174,CatB
Dianthus_sylvestris,1,69,CatB
Dichanthium_annulatum,1,159,CatB
Digitalis_purpurea,1,119,CatB
Digitaria_ciliaris,1,112,CatB
Dinebra_retroflexa,2,122,CatB
Diplotaxis_muralis,2,115,CatB
Ehrharta_erecta,2,24,CatB
Elaeis_guineensis,1,68,CatB
Eleusine_coracana,1,136,CatB
Eragrostis_ciliaris,1,110,CatB
Eragrostis_curvula,0,69,CatB
Erigeron_karvinskianus,1,73,CatB
Erodium_moschatum,1,30,CatB
Euphorbia_milii,1,109,CatB
Euphorbia_peplus,0,97,CatB
Fallopia_scandens,2,98,CatB
Festuca_rubra,0,125,CatB
Foeniculum_vulgare,1,166,CatB
Geranium_molle,1,103,CatB
Gnaphalium_polycaulon,1,115,CatB
Holcus_lanatus,2,120,CatB
Hordeum_bulbosum,1,98,CatB
Hydrocotyle_verticillata,0,14,CatB
Hydrocotyle_vulgaris,1,43,CatB
Hypochaeris_radicata,1,103,CatB
Impatiens_walleriana,2,131,CatB
Ipomoea_eriocarpa,1,93,CatB
Ipomoea_mauritiana,0,90,CatB
Kalanchoe_tubiflora,1,48,CatB
Kickxia_elatine,2,169,CatB
Kyllinga_polyphylla,1,40,CatB
Lablab_purpureus,1,169,CatB
Lactuca_serriola,0,137,CatB
Lamium_purpureum,1,19,CatB
Lindernia_rotundifolia,2,17,CatB
Lobularia_maritima,1,105,CatB
Lolium_multiflorum,2,107,CatB
Lolium_perenne,2,123,CatB
Lolium_rigidum,1,121,CatB
Lotus_corniculatus,1,166,CatB
Ludwigia_hyssopifolia,1,95,CatB
Ludwigia_leptocarpa,2,11,CatB
Macrotyloma_uniflorum,1,89,CatB
Medicago_minima,2,112,CatB
Medicago_polymorpha,0,121,CatB
Medicago_sativa,0,166,CatB
Melinis_minutiflora,2,92,CatB
Melinis_repens,0,92,CatB
Mimosa_pigra,2,24,CatB
Momordica_charantia,1,117,CatB
Morinda_lucida,1,21,CatB
Myosotis_arvensis,1,20,CatB
Nasturtium_officinale,0,114,CatB
Neonotonia_wightii,1,60,CatB
Nymphaea_alba,1,108,CatB
Nymphaea_capensis,1,22,CatB
Orobanche_brassicae,0,45,CatB
Oxalis_bowiei,2,45,CatB
Oxalis_pescaprae,1,95,CatB
Panicum_maximum,0,114,CatB
Parapholis_incurva,0,68,CatB
Paspalidium_flavidum,1,86,CatB
Paspalum_conjugatum,0,110,CatB
Paspalum_paniculatum,2,19,CatB
Pennisetum_clandestinum,2,64,CatB
Pennisetum_glaucum,1,126,CatB
Pennisetum_polystachion,0,61,CatB
Pennisetum_purpureum,2,113,CatB
Peperomia_pellucida,0,106,CatB
Phalaris_canariensis,1,123,CatB
Phalaris_minor,2,97,CatB
Phalaris_paradoxa,2,64,CatB
Phleum_pratense,2,114,CatB
Phyllanthus_tenellus,2,26,CatB
Plantago_indica,1,85,CatB
Plantago_lanceolata,1,123,CatB
Poa_compressa,1,119,CatB
Poa_pratensis,1,120,CatB
Poa_trivialis,1,97,CatB
Portulaca_oleracea,1,169,CatB
Pupalia_micrantha,1,16,CatB
Ranunculus_arvensis,0,94,CatB
Ranunculus_muricatus,0,96,CatB
Ranunculus_sardous,2,30,CatB
Raphanus_raphanistrum,2,106,CatB
Rapistrum_rugosum,0,34,CatB
Reseda_lutea,0,98,CatB
Ribes_uva-crispa,1,176,CatB
Rorippa_amphibia,0,7,CatB
Rosmarinus_officinalis,1,12,CatB
Salix_fragilis,1,98,CatB
Sansevieria_trifasciata,2,104,CatB
Sclerocarpus_africanus,1,46,CatB
Senecio_inaequidens,1,17,CatB
Senecio_radicans,1,34,CatB
Senna_didymobotrya,0,59,CatB
Sesbania_sesban,2,104,CatB
Setaria_sphacelata,2,112,CatB
Sherardia_arvensis,2,94,CatB
Silene_gallica,2,115,CatB
Silene_vulgaris,0,166,CatB
Silybum_marianum,2,83,CatB
Sinapis_alba,1,104,CatB
Sinapis_arvensis,1,57,CatB
Sisymbrium_irio,1,91,CatB
Sisymbrium_officinale,1,96,CatB
Sisymbrium_orientale,1,42,CatB
Solanum_aculeatissimum,0,133,CatB
Solanum_scabrum,2,106,CatB
Sonchus_asper,2,118,CatB
Sonchus_oleraceus,0,174,CatB
Sorghum_halepense,0,111,CatB
Spergula_arvensis,1,122,CatB
Stachys_arvensis,2,158,CatB
Stellaria_media,0,148,CatB
Stellaria_pallida,0,92,CatB
Tacca_leontopetaloides,1,118,CatB
Tephrosia_noctiflora,1,60,CatB
Tephrosia_vogelii,1,97,CatB
Thunbergia_affinis,1,33,CatB
Thunbergia_alata,2,169,CatB
Tribulus_cistoides,1,100,CatB
Trifolium_alexandrinum,1,20,CatB
Trifolium_dubium,1,65,CatB
Trifolium_fragiferum,1,104,CatB
Trifolium_hybridum,2,120,CatB
Trifolium_incarnatum,2,96,CatB
Trifolium_medium,1,64,CatB
Trifolium_pratense,0,109,CatB
Trifolium_repens,0,166,CatB
Trigonella_hamosa,1,23,CatB
Vaccaria_hispanica,0,116,CatB
Vachellia_nilotica,2,50,CatB
Veronica_arvensis,0,112,CatB
Veronica_hederifolia,0,94,CatB
Vicia_sativa,2,137,CatB
Vicia_villosa,0,115,CatB
Viola_arvensis,1,46,CatB
Voacanga_africana,0,50,CatB
Vulpia_myuros,1,86,CatB
Xanthium_strumarium,0,169,CatB
Acacia_senegal,0,76,CatC
Achillea_millefolium,2,166,CatC
Alliaria_petiolata,0,94,CatC
Alopecurus_myosuroides,1,125,CatC
Alyssum_alyssoides,0,94,CatC
Amaranthus_blitum,0,117,CatC
Amberboa_moschata,1,166,CatC
Ammi_majus,0,96,CatC
Anagallis_arvensis,1,122,CatC
Anthemis_arvensis,2,122,CatC
Anthriscus_caucalis,2,113,CatC
Arrhenatherum_elatius,0,96,CatC
Atriplex_hortensis,1,166,CatC
Atropa_bella-donna,0,101,CatC
Avena_fatua,0,172,CatC
Avena_sterilis,0,91,CatC
Berberis_thunbergii,1,133,CatC
Boerhavia_erecta,1,63,CatC
Borago_officinalis,0,86,CatC
Brachiaria_eruciformis,0,95,CatC
Brachiaria_mutica,0,91,CatC
Brassica_juncea,1,137,CatC
Bromus_arvensis,2,166,CatC
Bromus_rigidus,1,89,CatC
Bunias_orientalis,0,90,CatC
Calotropis_procera,0,138,CatC
Cannabis_sativa,0,157,CatC
Capsella_bursapastoris,1,166,CatC
Cardamine_flexuosa,0,137,CatC
Carthamus_tinctorius,1,166,CatC
Centaurea_diffusa,2,113,CatC
Cerastium_fontanum,1,114,CatC
Cerastium_glomeratum,0,119,CatC
Chenopodium_giganteum,2,111,CatC
Chenopodium_hybridum,0,158,CatC
Chloris_barbata,2,126,CatC
Chrysanthemum_segetum,0,121,CatC
Cichorium_intybus,2,166,CatC
Clitoria_ternatea,2,129,CatC
Conium_maculatum,0,120,CatC
Cordyline_fruticosa,1,103,CatC
Coriandrum_sativum,1,169,CatC
Cota_tinctoria,1,91,CatC
Crassocephalum_crepidioides,0,98,CatC
Crepis_tectorum,0,118,CatC
Crotalaria_incana,2,70,CatC
Cucumis_melo,1,123,CatC
Cuscuta_approximata,0,166,CatC
Cuscuta_epilinum,0,96,CatC
Cyanus_segetum,2,105,CatC
Cynosurus_cristatus,1,94,CatC
Cyperus_esculentus,0,94,CatC
Cyperus_rotundus,0,178,CatC
Dactylis_glomerata,1,174,CatC
Dalbergia_sissoo,1,164,CatC
Deschampsia_atropurpurea,1,16,CatC
Deutzia_crenata,1,100,CatC
Dichanthium_annulatum,1,159,CatC
Dinebra_retroflexa,2,122,CatC
Diplotaxis_muralis,2,115,CatC
Ehrharta_erecta,2,24,CatC
Eleusine_coracana,1,136,CatC
Emilia_fosbergii,1,24,CatC
Emilia_sonchifolia,1,169,CatC
Eragrostis_ciliaris,1,110,CatC
Erodium_moschatum,1,30,CatC
Erysimum_repandum,0,108,CatC
Eupatorium_cannabinum,0,119,CatC
Euphorbia_lathyris,1,136,CatC
Euphorbia_neriifolia,1,116,CatC
Euphorbia_peplus,0,97,CatC
Eutrema_japonicum,1,102,CatC
Fallopia_scandens,2,98,CatC
Festuca_rubra,0,125,CatC
Foeniculum_vulgare,1,166,CatC
Geranium_molle,1,103,CatC
Glyceria_maxima,2,124,CatC
Heliotropium_ellipticum,0,91,CatC
Heliotropium_europaeum,0,145,CatC
Hesperis_matronalis,1,92,CatC
Holcus_lanatus,2,120,CatC
Hordeum_bulbosum,1,98,CatC
Hordeum_jubatum,0,96,CatC
Hydrocotyle_verticillata,0,14,CatC
Hydrocotyle_vulgaris,1,43,CatC
Hypochaeris_radicata,1,103,CatC
Impatiens_walleriana,2,131,CatC
Ipomoea_eriocarpa,1,93,CatC
Ipomoea_indica,2,169,CatC
Ipomoea_mauritiana,0,90,CatC
Justicia_gendarussa,0,170,CatC
Kickxia_elatine,2,169,CatC
Lactuca_sativa,1,166,CatC
Lactuca_serriola,0,137,CatC
Lamium_purpureum,1,19,CatC
Lepidium_campestre,0,97,CatC
Leucanthemum_vulgare,0,112,CatC
Lilium_hansonii,1,73,CatC
Linum_usitatissimum,1,170,CatC
Lobularia_maritima,1,105,CatC
Lolium_multiflorum,2,107,CatC
Lolium_perenne,2,123,CatC
Lolium_persicum,0,91,CatC
Lolium_rigidum,1,121,CatC
Lotus_corniculatus,1,166,CatC
Ludwigia_hyssopifolia,1,95,CatC
Matricaria_matricarioides,1,72,CatC
Medicago_minima,2,112,CatC
Medicago_polymorpha,0,121,CatC
Medicago_sativa,0,166,CatC
Melilotus_officinalis,0,166,CatC
Melinis_repens,0,92,CatC
Mentha_spicata,1,109,CatC
Myosotis_arvensis,1,20,CatC
Nasturtium_officinale,0,114,CatC
Neonotonia_wightii,1,60,CatC
Nymphaea_alba,1,108,CatC
Ocimum_basilicum,0,121,CatC
Oenothera_tetraptera,2,87,CatC
Orobanche_brassicae,0,45,CatC
Panicum_maximum,0,114,CatC
Papaver_nudicaule,1,161,CatC
Parapholis_incurva,0,68,CatC
Paspalidium_flavidum,1,86,CatC
Paspalum_conjugatum,0,110,CatC
Peperomia_pellucida,0,106,CatC
Phalaris_minor,2,97,CatC
Phalaris_paradoxa,2,64,CatC
Phleum_pratense,2,114,CatC
Phyllanthus_tenellus,2,26,CatC
Plantago_indica,1,85,CatC
Plantago_lanceolata,1,123,CatC
Pleioblastus_gramineus,1,105,CatC
Poa_compressa,1,119,CatC
Poa_pratensis,1,120,CatC
Poa_trivialis,1,97,CatC
Portulaca_oleracea,1,169,CatC
Prunella_grandiflora,1,62,CatC
Punica_granatum,1,131,CatC
Ranunculus_arvensis,0,94,CatC
Ranunculus_muricatus,0,96,CatC
Ranunculus_sardous,2,30,CatC
Raphanus_raphanistrum,2,106,CatC
Rapistrum_rugosum,0,34,CatC
Reseda_lutea,0,98,CatC
Rhynchospora_submarginata,1,86,CatC
Ribes_multiflorum,1,90,CatC
Ribes_nigrum,1,107,CatC
Ribes_uva-crispa,1,176,CatC
Rorippa_amphibia,0,7,CatC
Rorippa_austriaca,1,32,CatC
Rosmarinus_officinalis,1,12,CatC
Salix_fragilis,1,98,CatC
Salvia_sclarea,2,91,CatC
Saponaria_officinalis,1,110,CatC
Sclerocarpus_africanus,1,46,CatC
Secale_cereale,0,112,CatC
Securigera_varia,0,8,CatC
Senna_tora,1,108,CatC
Sesbania_cannabina,0,112,CatC
Sesbania_sesban,2,104,CatC
Setaria_sphacelata,2,112,CatC
Sherardia_arvensis,2,94,CatC
Sida_acuta,0,118,CatC
Silene_armeria,1,132,CatC
Silene_gallica,2,115,CatC
Silene_vulgaris,0,166,CatC
Silybum_marianum,2,83,CatC
Sinapis_alba,1,104,CatC
Sinapis_arvensis,1,57,CatC
Sisymbrium_altissimum,1,120,CatC
Sisymbrium_irio,1,91,CatC
Sisymbrium_officinale,1,96,CatC
Sisymbrium_orientale,1,42,CatC
Sonchus_arvensis,0,143,CatC
Sonchus_asper,2,118,CatC
Sonchus_oleraceus,0,174,CatC
Sorghum_halepense,0,111,CatC
Spergula_arvensis,1,122,CatC
Spilanthes_acmella,1,100,CatC
Stachys_arvensis,2,158,CatC
Stellaria_media,0,148,CatC
Stellaria_pallida,0,92,CatC
Symphytum_officinale,2,94,CatC
Tanacetum_parthenifolium,0,89,CatC
Tanacetum_vulgare,2,146,CatC
Trifolium_alexandrinum,1,20,CatC
Trifolium_dubium,1,65,CatC
Trifolium_eximium,1,63,CatC
Trifolium_fragiferum,1,104,CatC
Trifolium_hybridum,2,120,CatC
Trifolium_incarnatum,2,96,CatC
Trifolium_medium,1,64,CatC
Trifolium_pratense,0,109,CatC
Trifolium_repens,0,166,CatC
Trigonella_foenumgraecum,1,108,CatC
Trigonella_hamosa,1,23,CatC
Ulmus_laevis,1,72,CatC
Vaccaria_hispanica,0,116,CatC
Vachellia_nilotica,2,50,CatC
Veronica_arvensis,0,112,CatC
Veronica_hederifolia,0,94,CatC
Vicia_sativa,2,137,CatC
Vicia_villosa,0,115,CatC
Viola_arvensis,1,46,CatC
Vulpia_myuros,1,86,CatC
Xanthium_strumarium,0,169,CatC
Acacia_senegal,0,76,CatD
Achillea_millefolium,2,166,CatD
Acmella_uliginosa,1,54,CatD
Agrostis_avenacea,1,16,CatD
Albizia_lebbeck,0,169,CatD
Alliaria_petiolata,0,94,CatD
Alopecurus_myosuroides,1,125,CatD
Amaranthus_blitum,0,117,CatD
Amaranthus_tenuifolius,2,12,CatD
Amaranthus_viridis,0,159,CatD
Ammi_majus,0,96,CatD
Anagallis_arvensis,1,122,CatD
Andrographis_paniculata,1,98,CatD
Argyreia_nervosa,1,104,CatD
Avena_fatua,0,172,CatD
Avena_sterilis,0,91,CatD
Barleria_noctiflora,1,44,CatD
Basella_alba,0,134,CatD
Boerhavia_erecta,1,63,CatD
Brachiaria_eruciformis,0,95,CatD
Cajanus_cajan,0,169,CatD
Calotropis_procera,0,138,CatD
Cannabis_sativa,0,157,CatD
Capsella_bursapastoris,1,166,CatD
Cenchrus_caliculatus,0,50,CatD
Chenopodium_giganteum,2,111,CatD
Chenopodium_hybridum,0,158,CatD
Chloris_barbata,2,126,CatD
Chrysopogon_zizanioides,2,86,CatD
Cichorium_intybus,2,166,CatD
Codiaeum_variegatum,1,100,CatD
Conium_maculatum,0,120,CatD
Corchorus_olitorius,0,169,CatD
Cordyline_fruticosa,1,103,CatD
Coriandrum_sativum,1,169,CatD
Crotalaria_juncea,2,89,CatD
Cucumis_melo,1,123,CatD
Curcuma_longa,1,126,CatD
Cuscuta_approximata,0,166,CatD
Cymbopogon_nardus,2,112,CatD
Cyperus_esculentus,0,94,CatD
Cyperus_rotundus,0,178,CatD
Dactylis_glomerata,1,174,CatD
Dalbergia_sissoo,1,164,CatD
Derris_elliptica,0,88,CatD
Dichanthium_annulatum,1,159,CatD
Digitaria_ciliaris,1,112,CatD
Dinebra_retroflexa,2,122,CatD
Emilia_sonchifolia,1,169,CatD
Eragrostis_ciliaris,1,110,CatD
Erysimum_repandum,0,108,CatD
Etlingera_elatior,1,86,CatD
Eupatorium_cannabinum,0,119,CatD
Euphorbia_antiquorum,0,105,CatD
Euphorbia_neriifolia,1,116,CatD
Euphorbia_peplus,0,97,CatD
Fallopia_scandens,2,98,CatD
Festuca_rubra,0,125,CatD
Foeniculum_vulgare,1,166,CatD
Geranium_molle,1,103,CatD
Heliotropium_ellipticum,0,91,CatD
Homalocladium_platycladum,1,144,CatD
Impatiens_balsamina,0,105,CatD
Ipomoea_eriocarpa,1,93,CatD
Ipomoea_mauritiana,0,90,CatD
Jasminum_sambac,1,115,CatD
Justicia_adhatoda,2,172,CatD
Lactuca_serriola,0,137,CatD
Lindernia_rotundifolia,2,17,CatD
Lolium_multiflorum,2,107,CatD
Lolium_perenne,2,123,CatD
Lolium_persicum,0,91,CatD
Lotus_corniculatus,1,166,CatD
Ludwigia_hyssopifolia,1,95,CatD
Macrotyloma_uniflorum,1,89,CatD
Medicago_minima,2,112,CatD
Medicago_sativa,0,166,CatD
Melilotus_officinalis,0,166,CatD
Melinis_repens,0,92,CatD
Momordica_charantia,1,117,CatD
Moringa_oleifera,1,95,CatD
Nasturtium_officinale,0,114,CatD
Neonotonia_wightii,1,60,CatD
Nymphaea_alba,1,108,CatD
Ocimum_basilicum,0,121,CatD
Oenothera_tetraptera,2,87,CatD
Orobanche_brassicae,0,45,CatD
Parapholis_incurva,0,68,CatD
Paspalidium_flavidum,1,86,CatD
Paspalum_conjugatum,0,110,CatD
Peperomia_pellucida,0,106,CatD
Phalaris_minor,2,97,CatD
Phleum_pratense,2,114,CatD
Phyllanthus_debilis,2,61,CatD
Piper_betle,1,115,CatD
Plantago_indica,1,85,CatD
Plantago_lanceolata,1,123,CatD
Poa_pratensis,1,120,CatD
Poa_trivialis,1,97,CatD
Portulaca_oleracea,1,169,CatD
Punica_granatum,1,131,CatD
Ranunculus_arvensis,0,94,CatD
Ranunculus_muricatus,0,96,CatD
Rhynchospora_submarginata,1,86,CatD
Salvia_sclarea,2,91,CatD
Saussurea_costus,1,67,CatD
Sclerocarpus_africanus,1,46,CatD
Secale_cereale,0,112,CatD
Senna_siamea,1,101,CatD
Senna_surattensis,1,169,CatD
Senna_tora,1,108,CatD
Sesbania_cannabina,0,112,CatD
Sesbania_grandiflora,2,97,CatD
Sesbania_sesban,2,104,CatD
Sida_acuta,0,118,CatD
Silene_vulgaris,0,166,CatD
Silybum_marianum,2,83,CatD
Sinapis_alba,1,104,CatD
Sinapis_arvensis,1,57,CatD
Sisymbrium_altissimum,1,120,CatD
Sisymbrium_irio,1,91,CatD
Sisymbrium_officinale,1,96,CatD
Sisymbrium_orientale,1,42,CatD
Sonchus_asper,2,118,CatD
Sonchus_oleraceus,0,174,CatD
Sonneratia_apetala,2,27,CatD
Sorghum_halepense,0,111,CatD
Spilanthes_acmella,1,100,CatD
Stellaria_media,0,148,CatD
Tacca_leontopetaloides,1,118,CatD
Tarlmounia_elliptica,1,27,CatD
Tephrosia_candida,2,94,CatD
Tephrosia_noctiflora,1,60,CatD
Torenia_fournieri,0,113,CatD
Tribulus_cistoides,1,100,CatD
Trifolium_alexandrinum,1,20,CatD
Trifolium_fragiferum,1,104,CatD
Trifolium_pratense,0,109,CatD
Trifolium_repens,0,166,CatD
Trigonella_hamosa,1,23,CatD
Veronica_arvensis,0,112,CatD
Vicia_sativa,2,137,CatD
Vulpia_myuros,1,86,CatD
Xanthium_strumarium,0,169,CatD
Acacia_dealbata,0,83,CatE
Acacia_decurrens,0,98,CatE
Acacia_longifolia,0,82,CatE
Acacia_mangium,2,40,CatE
Acacia_mearnsii,0,71,CatE
Agrostis_avenacea,1,16,CatE
Atriplex_nummularia,0,28,CatE
Cenchrus_caliculatus,0,50,CatE
Codiaeum_variegatum,1,100,CatE
Cordyline_fruticosa,1,103,CatE
Cucumis_melo,1,123,CatE
Dysphania_pumilio,0,29,CatE
Eucalyptus_exserta,0,100,CatE
Eucalyptus_globulus,0,107,CatE
Eucalyptus_robusta,0,132,CatE
Heliotropium_europaeum,0,145,CatE
Ipomoea_eriocarpa,1,93,CatE
Ipomoea_mauritiana,0,90,CatE
Ludwigia_hyssopifolia,1,95,CatE
Momordica_charantia,1,117,CatE
Ochrosia_elliptica,0,92,CatE
Ocimum_basilicum,0,121,CatE
Oenothera_tetraptera,2,87,CatE
Paspalidium_flavidum,1,86,CatE
Paspalum_conjugatum,0,110,CatE
Rhynchospora_submarginata,1,86,CatE
Salix_fragilis,1,98,CatE
Senna_surattensis,1,169,CatE
Sesbania_cannabina,0,112,CatE
Sesbania_sesban,2,104,CatE
Spilanthes_acmella,1,100,CatE
Tacca_leontopetaloides,1,118,CatE
Tribulus_cistoides,1,100,CatE
Acmella_uliginosa,1,54,CatF
Cenchrus_caliculatus,0,50,CatF
Codiaeum_variegatum,1,100,CatF
Cordyline_fruticosa,1,103,CatF
Cucumis_melo,1,123,CatF
Cyperus_rotundus,0,178,CatF
Emilia_fosbergii,1,24,CatF
Erigeron_bellioides,1,112,CatF
Ipomoea_indica,2,169,CatF
Ludwigia_hyssopifolia,1,95,CatF
Momordica_charantia,1,117,CatF
Ochrosia_elliptica,0,92,CatF
Paspalum_conjugatum,0,110,CatF
Peperomia_pellucida,0,106,CatF
Tacca_leontopetaloides,1,118,CatF
Acer_negundo,2,131,CatG
Achillea_millefolium,2,166,CatG
Acmella_radicans,0,20,CatG
Aeschynomene_americana,0,97,CatG
Agave_americana,0,122,CatG
Agave_fourcroydes,1,112,CatG
Agave_sisalana,2,132,CatG
Ageratina_adenophora,0,87,CatG
Ageratina_riparia,1,20,CatG
Ageratum_houstonianum,0,162,CatG
Amaranthus_albus,0,107,CatG
Amaranthus_blitoides,2,165,CatG
Amaranthus_dubius,2,53,CatG
Amaranthus_hybridus,0,174,CatG
Amaranthus_hypochondriacus,2,166,CatG
Amaranthus_palmeri,0,37,CatG
Amaranthus_polygonoides,0,43,CatG
Amaranthus_powellii,0,28,CatG
Amaranthus_retroflexus,0,172,CatG
Amaranthus_tuberculatus,0,18,CatG
Ambrosia_artemisiifolia,0,92,CatG
Ambrosia_psilostachya,0,30,CatG
Ambrosia_trifida,0,113,CatG
Ammannia_coccinea,0,35,CatG
Amorpha_fruticosa,1,103,CatG
Annona_glabra,1,79,CatG
Anredera_vesicaria,0,45,CatG
Antigonon_leptopus,2,106,CatG
Argemone_mexicana,0,169,CatG
Aster_subulatus,0,101,CatG
Atriplex_canescens,0,94,CatG
Axonopus_compressus,2,96,CatG
Axonopus_fissifolius,0,69,CatG
Bacopa_caroliniana,1,18,CatG
Bidens_bipinnata,0,169,CatG
Bidens_frondosa,0,122,CatG
Bixa_orellana,1,122,CatG
Boerhavia_erecta,1,63,CatG
Bromus_pubescens,1,16,CatG
Buchloe_dactyloides,2,70,CatG
Cabomba_caroliniana,0,29,CatG
Caesalpinia_pulcherrima,1,169,CatG
Callisia_repens,0,19,CatG
Callitriche_peploides,1,31,CatG
Calopogonium_mucunoides,0,97,CatG
Calyptocarpus_vialis,0,40,CatG
Canavalia_ensiformis,1,105,CatG
Canna_indica,1,169,CatG
Carica_papaya,1,115,CatG
Cascabela_thevetia,1,105,CatG
Cassia_floribunda,1,104,CatG
Cenchrus_echinatus,0,104,CatG
Cenchrus_incertus,0,7,CatG
Cenchrus_spinifex,0,43,CatG
Centrosema_pubescens,0,97,CatG
Cestrum_nocturnum,2,124,CatG
Chromolaena_odorata,0,88,CatG
Clarkia_pulchella,2,84,CatG
Cleoserrata_speciosa,1,104,CatG
Clidemia_hirta,2,23,CatG
Clitoria_falcata,1,27,CatG
Coreopsis_basalis,0,83,CatG
Coreopsis_grandiflora,2,97,CatG
Coreopsis_lanceolata,0,113,CatG
Coreopsis_tinctoria,0,121,CatG
Cosmos_bipinnatus,0,120,CatG
Cosmos_sulphureus,0,100,CatG
Crotalaria_incana,2,70,CatG
Crotalaria_micans,2,112,CatG
Croton_hirtus,0,7,CatG
Cuphea_carthagenensis,0,62,CatG
Cuscuta_campestris,0,71,CatG
Cyclospermum_leptophyllum,0,122,CatG
Cyperus_esculentus,0,94,CatG
Cyperus_surinamensis,2,21,CatG
Dahlia_pinnata,1,131,CatG
Datura_inoxia,2,117,CatG
Datura_stramonium,0,163,CatG
Deschampsia_atropurpurea,1,16,CatG
Desmanthus_virgatus,0,59,CatG
Desmodium_intortum,1,60,CatG
Desmodium_scorpiurus,1,107,CatG
Desmodium_tortuosum,2,92,CatG
Dieffenbachia_seguine,1,69,CatG
Digitaria_ciliaris,1,112,CatG
Diodia_virginiana,2,36,CatG
Dolichandra_unguiscati,0,182,CatG
Duranta_erecta,1,126,CatG
Dysphania_ambrosioides,0,158,CatG
Echinocystis_lobata,2,6,CatG
Eclipta_prostrata,1,169,CatG
Elatine_americana,1,69,CatG
Elephantopus_tomentosus,0,94,CatG
Emilia_fosbergii,1,24,CatG
Epiphyllum_oxypetalum,1,93,CatG
Eragrostis_ciliaris,1,110,CatG
Erechtites_hieraciifolius,2,97,CatG
Erechtites_valerianifolius,0,100,CatG
Erigeron_annuus,0,136,CatG
Erigeron_canadensis,0,162,CatG
Erigeron_karvinskianus,1,73,CatG
Erigeron_philadelphicus,0,87,CatG
Erigeron_speciosus,2,35,CatG
Erigeron_strigosus,0,67,CatG
Eryngium_foetidum,2,125,CatG
Eschscholzia_californica,1,101,CatG
Eupatorium_adenophorum,1,60,CatG
Euphorbia_cyathophora,0,94,CatG
Euphorbia_dentata,0,46,CatG
Euphorbia_graminea,1,17,CatG
Euphorbia_heterophylla,0,115,CatG
Euphorbia_hypericifolia,0,137,CatG
Euphorbia_hyssopifolia,0,133,CatG
Euphorbia_maculata,0,108,CatG
Euphorbia_marginata,2,115,CatG
Euphorbia_nutans,2,16,CatG
Euphorbia_prostrata,0,101,CatG
Euphorbia_pulcherrima,0,102,CatG
Euphorbia_serpens,0,97,CatG
Euphorbia_tithymaloides,1,94,CatG
Evolvulus_nummularius,0,66,CatG
Festuca_arundinacea,0,91,CatG
Gaillardia_aristata,0,107,CatG
Gaillardia_pulchella,0,114,CatG
Galinsoga_quadriradiata,0,79,CatG
Galium_aparine,2,137,CatG
Gaura_biennis,1,120,CatG
Gaura_lindheimeri,1,112,CatG
Gaura_mollis,0,92,CatG
Geranium_carolinianum,0,104,CatG
Gliricidia_sepium,2,34,CatG
Gnaphalium_calviceps,1,24,CatG
Gnaphalium_purpureum,1,169,CatG
Gomphrena_globosa,1,120,CatG
Grindelia_squarrosa,2,86,CatG
Helenium_autumnale,2,113,CatG
Helenium_bigelovii,0,59,CatG
Helianthus_annuus,1,131,CatG
Helianthus_laetiflorus,1,55,CatG
Helianthus_tuberosus,1,119,CatG
Herissantia_crispa,0,90,CatG
Hordeum_jubatum,0,96,CatG
Hydrocotyle_verticillata,0,14,CatG
Hyptis_brevipes,0,97,CatG
Hyptis_capitata,0,101,CatG
Hyptis_pectinata,2,22,CatG
Hyptis_suaveolens,0,104,CatG
Indigofera_suffruticosa,2,161,CatG
Ipomoea_alba,2,93,CatG
Ipomoea_batatas,1,137,CatG
Ipomoea_carnea,0,94,CatG
Ipomoea_cordatotriloba,2,12,CatG
Ipomoea_hederifolia,2,80,CatG
Ipomoea_lacunosa,0,39,CatG
Ipomoea_nil,0,123,CatG
Ipomoea_purpurea,0,132,CatG
Ipomoea_quamoclit,0,105,CatG
Ipomoea_trifida,1,39,CatG
Ipomoea_triloba,0,101,CatG
Ipomoea_turbinata,1,46,CatG
Ipomoea_wrightii,2,38,CatG
Iva_xanthiifolia,0,40,CatG
Jacquemontia_tamnifolia,0,41,CatG
Justicia_comata,1,16,CatG
Lagascea_mollis,1,22,CatG
Lepidium_densiflorum,2,131,CatG
Lepidium_virginicum,0,112,CatG
Limnocharis_flava,0,65,CatG
Lindernia_dubia,1,69,CatG
Linum_striatum,1,108,CatG
Lonicera_sempervirens,1,89,CatG
Ludwigia_hyssopifolia,1,95,CatG
Macroptilium_atropurpureum,2,54,CatG
Macroptilium_lathyroides,2,109,CatG
Malachra_capitata,1,35,CatG
Malvastrum_americanum,2,67,CatG
Malvastrum_coromandelianum,0,161,CatG
Martynia_annua,2,58,CatG
Matricaria_matricarioides,1,72,CatG
Mecardonia_procumbens,0,23,CatG
Melothria_pendula,2,21,CatG
Merremia_tuberosa,2,58,CatG
Mikania_micrantha,0,103,CatG
Mimosa_diplotricha,2,95,CatG
Mimosa_pigra,2,24,CatG
Mirabilis_jalapa,0,174,CatG
Mitracarpus_hirtus,0,43,CatG
Mollugo_verticillata,1,86,CatG
Muntingia_calabura,1,88,CatG
Neptunia_plena,2,59,CatG
Nicotiana_plumbaginifolia,1,86,CatG
Nopalea_cochenillifera,1,104,CatG
Nothoscordum_gracile,2,11,CatG
Oenothera_biennis,2,123,CatG
Oenothera_curtiflora,0,98,CatG
Oenothera_drummondii,0,99,CatG
Oenothera_laciniata,2,99,CatG
Oenothera_oakesiana,2,8,CatG
Oenothera_parviflora,2,104,CatG
Oenothera_rosea,0,86,CatG
Oenothera_speciosa,2,45,CatG
Oenothera_tetraptera,2,87,CatG
Oenothera_villosa,2,66,CatG
Opuntia_cochenillifera,2,38,CatG
Opuntia_ficusindica,0,82,CatG
Oxalis_latifolia,0,16,CatG
Oxybaphus_nyctagineus,2,12,CatG
Pachyrhizus_erosus,1,124,CatG
Panicum_dichotomiflorum,0,114,CatG
Papaver_nudicaule,1,161,CatG
Parthenium_argentatum,2,71,CatG
Parthenium_hysterophorus,0,96,CatG
Parthenocissus_quinquefolia,2,122,CatG
Paspalum_conjugatum,0,110,CatG
Paspalum_distichum,0,101,CatG
Paspalum_fimbriatum,2,51,CatG
Paspalum_notatum,2,110,CatG
Paspalum_paniculatum,2,19,CatG
Paspalum_virgatum,2,107,CatG
Passiflora_foetida,0,169,CatG
Passiflora_suberosa,0,115,CatG
Peperomia_pellucida,0,106,CatG
Petiveria_alliacea,0,87,CatG
Phaseolus_coccineus,1,116,CatG
Phaseolus_vulgaris,1,152,CatG
Phyllanthus_amarus,2,106,CatG
Phyllanthus_niruri,2,108,CatG
Physalis_angulata,0,179,CatG
Physalis_ixocarpa,2,65,CatG
Physalis_lagascae,0,117,CatG
Physalis_philadelphica,0,112,CatG
Physalis_pubescens,2,147,CatG
Phytolacca_americana,0,166,CatG
Pilea_microphylla,0,105,CatG
Pithecellobium_dulce,1,90,CatG
Plantago_aristata,2,123,CatG
Plantago_virginica,0,88,CatG
Pluchea_carolinensis,0,25,CatG
Plumeria_rubra,1,138,CatG
Poa_pratensis,1,120,CatG
Polygala_paniculata,1,96,CatG
Porophyllum_ruderale,0,4,CatG
Portulaca_pilosa,0,112,CatG
Potamogeton_vaseyi,1,91,CatG
Pseudelephantopus_spicatus,0,97,CatG
Psidium_guajava,2,169,CatG
Pyrostegia_venusta,1,101,CatG
Rauvolfia_tetraphylla,1,62,CatG
Rhus_typhina,2,97,CatG
Richardia_scabra,0,90,CatG
Rivina_humilis,2,99,CatG
Robinia_pseudoacacia,0,145,CatG
Rollinia_mucosa,1,2,CatG
Rotala_ramosior,1,86,CatG
Rudbeckia_hirta,0,121,CatG
Rudbeckia_laciniata,0,106,CatG
Ruellia_simplex,1,61,CatG
Sagittaria_graminea,2,64,CatG
Salicornia_bigelovii,2,21,CatG
Salix_fragilis,1,98,CatG
Salvia_coccinea,2,105,CatG
Salvia_tiliifolia,0,42,CatG
Sanvitalia_procumbens,1,101,CatG
Scoparia_dulcis,0,169,CatG
Sechium_edule,1,92,CatG
Sedum_mexicanum,1,90,CatG
Senna_fruticosa,0,79,CatG
Senna_hirsuta,2,95,CatG
Senna_obtusifolia,0,105,CatG
Senna_occidentalis,0,169,CatG
Sesbania_herbacea,0,112,CatG
Setaria_parviflora,2,169,CatG
Sicyos_angulatus,2,35,CatG
Sida_acuta,0,118,CatG
Silphium_perfoliatum,0,76,CatG
Sisyrinchium_atlanticum,1,92,CatG
Sisyrinchium_micranthum,1,112,CatG
Sisyrinchium_rosulatum,1,95,CatG
Smallanthus_uvedalia,0,41,CatG
Solanum_carolinense,2,65,CatG
Solanum_chrysotrichum,0,139,CatG
Solanum_donianum,1,108,CatG
Solanum_elaeagnifolium,0,21,CatG
Solanum_erianthum,0,165,CatG
Solanum_pseudocapsicum,2,123,CatG
Solanum_rostratum,0,127,CatG
Solidago_altissima,1,92,CatG
Solidago_canadensis,0,108,CatG
Spartina_alterniflora,0,90,CatG
Spartina_patens,2,42,CatG
Spermacoce_ocymifolia,1,16,CatG
Spermacoce_remota,0,41,CatG
Sphagneticola_trilobata,0,46,CatG
Sporobolus_pyramidatus,2,97,CatG
Sporobolus_tenuissimus,1,17,CatG
Stachytarpheta_cayennensis,2,55,CatG
Stachytarpheta_jamaicensis,0,104,CatG
Stachytarpheta_urticifolia,0,169,CatG
Stemodia_verticillata,0,13,CatG
Stylosanthes_guianensis,2,60,CatG
Synedrella_nodiflora,0,114,CatG
Tagetes_erecta,2,166,CatG
Talinum_fruticosum,2,104,CatG
Tinantia_erecta,0,8,CatG
Tithonia_diversifolia,0,112,CatG
Tithonia_rotundifolia,0,96,CatG
Tradescantia_pallida,0,63,CatG
Tradescantia_zebrina,0,113,CatG
Tridax_procumbens,0,94,CatG
Triodanis_perfoliata,2,64,CatG
Tripsacum_dactyloides,1,15,CatG
Vallisneria_americana,1,43,CatG
Verbena_bracteata,2,43,CatG
Verbena_stricta,2,5,CatG
Veronica_peregrina,0,152,CatG
Veronica_persica,0,116,CatG
Waltheria_indica,0,179,CatG
Xanthium_strumarium,0,169,CatG
Zea_mexicana,1,118,CatG
Zephyranthes_carinata,0,104,CatG
Zephyranthes_minuta,0,95,CatG
Zinnia_elegans,0,131,CatG
Zinnia_peruviana,0,103,CatG
Acanthospermum_australe,1,86,CatH
Acanthospermum_hispidum,0,86,CatH
Achillea_millefolium,2,166,CatH
Acmella_ciliata,1,50,CatH
Acmella_oleracea,0,79,CatH
Acmella_radicans,0,20,CatH
Acmella_uliginosa,1,54,CatH
Aeschynomene_americana,0,97,CatH
Agave_vivipara,1,105,CatH
Alternanthera_bettzickiana,1,105,CatH
Alternanthera_paronychioides,2,102,CatH
Alternanthera_philoxeroides,0,130,CatH
Alternanthera_pungens,0,67,CatH
Alternanthera_reineckii,1,18,CatH
Amaranthus_caudatus,0,166,CatH
Amaranthus_dubius,2,53,CatH
Amaranthus_hybridus,0,174,CatH
Amaranthus_polygonoides,0,43,CatH
Amaranthus_powellii,0,28,CatH
Amaranthus_standleyanus,2,19,CatH
Amaranthus_viridis,0,159,CatH
Ambrosia_artemisiifolia,0,92,CatH
Ammannia_coccinea,0,35,CatH
Annona_glabra,1,79,CatH
Anredera_cordifolia,0,96,CatH
Anredera_vesicaria,0,45,CatH
Antigonon_leptopus,2,106,CatH
Arachis_duranensis,1,31,CatH
Arachis_hypogaea,1,157,CatH
Argemone_mexicana,0,169,CatH
Aster_subulatus,0,101,CatH
Axonopus_compressus,2,96,CatH
Axonopus_fissifolius,0,69,CatH
Begonia_cucullata,0,121,CatH
Bixa_orellana,1,122,CatH
Boerhavia_erecta,1,63,CatH
Bougainvillea_glabra,1,100,CatH
Bougainvillea_spectabilis,1,106,CatH
Bromus_catharticus,0,107,CatH
Brugmansia_suaveolens,0,99,CatH
Cabomba_caroliniana,0,29,CatH
Caesalpinia_pulcherrima,1,169,CatH
Caladium_bicolor,1,79,CatH
Callisia_repens,0,19,CatH
Callitriche_peploides,1,31,CatH
Calopogonium_mucunoides,0,97,CatH
Calyptocarpus_vialis,0,40,CatH
Canna_indica,1,169,CatH
Carica_papaya,1,115,CatH
Cascabela_thevetia,1,105,CatH
Cenchrus_echinatus,0,104,CatH
Cenchrus_incertus,0,7,CatH
Cenchrus_spinifex,0,43,CatH
Centrosema_pubescens,0,97,CatH
Cereus_repandus,1,18,CatH
Cestrum_nocturnum,2,124,CatH
Chromolaena_odorata,0,88,CatH
Cinchona_calisaya,1,90,CatH
Cinchona_officinalis,1,94,CatH
Cinchona_pubescens,1,94,CatH
Cleoserrata_speciosa,1,104,CatH
Clidemia_hirta,2,23,CatH
Clitoria_falcata,1,27,CatH
Conyza_sumatrensis,0,172,CatH
Crotalaria_incana,2,70,CatH
Crotalaria_micans,2,112,CatH
Croton_bonplandianus,1,18,CatH
Croton_hirtus,0,7,CatH
Cuphea_carthagenensis,0,62,CatH
Cuscuta_campestris,0,71,CatH
Cyclospermum_leptophyllum,0,122,CatH
Cyperus_esculentus,0,94,CatH
Cyperus_surinamensis,2,21,CatH
Datura_inoxia,2,117,CatH
Deschampsia_atropurpurea,1,16,CatH
Desmanthus_pernambucanus,2,3,CatH
Desmanthus_virgatus,0,59,CatH
Desmodium_intortum,1,60,CatH
Desmodium_scorpiurus,1,107,CatH
Desmodium_tortuosum,2,92,CatH
Dieffenbachia_seguine,1,69,CatH
Digitaria_ciliaris,1,112,CatH
Diodia_virginiana,2,36,CatH
Dolichandra_unguiscati,0,182,CatH
Duranta_erecta,1,126,CatH
Dysphania_ambrosioides,0,158,CatH
Eclipta_prostrata,1,169,CatH
Egeria_densa,2,30,CatH
Eichhornia_crassipes,0,121,CatH
Eleutheranthera_ruderalis,2,26,CatH
Eleutherine_bulbosa,1,86,CatH
Emilia_fosbergii,1,24,CatH
Epiphyllum_oxypetalum,1,93,CatH
Eragrostis_ciliaris,1,110,CatH
Erechtites_hieraciifolius,2,97,CatH
Erechtites_valerianifolius,0,100,CatH
Erigeron_bellioides,1,112,CatH
Erigeron_bonariensis,0,169,CatH
Erigeron_canadensis,0,162,CatH
Erigeron_karvinskianus,1,73,CatH
Erigeron_sumatrensis,0,112,CatH
Eryngium_foetidum,2,125,CatH
Euphorbia_cyathophora,0,94,CatH
Euphorbia_graminea,1,17,CatH
Euphorbia_heterophylla,0,115,CatH
Euphorbia_hypericifolia,0,137,CatH
Euphorbia_hyssopifolia,0,133,CatH
Euphorbia_nutans,2,16,CatH
Euphorbia_prostrata,0,101,CatH
Euphorbia_pulcherrima,0,102,CatH
Euphorbia_serpens,0,97,CatH
Euphorbia_tithymaloides,1,94,CatH
Evolvulus_nummularius,0,66,CatH
Flaveria_bidentis,0,32,CatH
Furcraea_foetida,1,112,CatH
Geranium_carolinianum,0,104,CatH
Gliricidia_sepium,2,34,CatH
Gnaphalium_calviceps,1,24,CatH
Gnaphalium_coarctatum,1,24,CatH
Gnaphalium_pensylvanicum,1,101,CatH
Gnaphalium_purpureum,1,169,CatH
Gomphrena_celosioides,2,122,CatH
Gomphrena_globosa,1,120,CatH
Gymnocoronis_spilanthoides,2,19,CatH
Herissantia_crispa,0,90,CatH
Hippeastrum_striatum,1,90,CatH
Hippeastrum_vittatum,0,100,CatH
Hippobroma_longiflora,0,93,CatH
Hydrocotyle_verticillata,0,14,CatH
Hyptis_brevipes,0,97,CatH
Hyptis_capitata,0,101,CatH
Hyptis_pectinata,2,22,CatH
Hyptis_suaveolens,0,104,CatH
Indigofera_suffruticosa,2,161,CatH
Ipomoea_alba,2,93,CatH
Ipomoea_carnea,0,94,CatH
Ipomoea_cordatotriloba,2,12,CatH
Ipomoea_hederifolia,2,80,CatH
Ipomoea_mauritiana,0,90,CatH
Ipomoea_nil,0,123,CatH
Ipomoea_purpurea,0,132,CatH
Ipomoea_quamoclit,0,105,CatH
Ipomoea_trifida,1,39,CatH
Ipomoea_triloba,0,101,CatH
Ipomoea_wrightii,2,38,CatH
Iresine_herbstii,1,101,CatH
Jacquemontia_tamnifolia,0,41,CatH
Justicia_comata,1,16,CatH
Lagascea_mollis,1,22,CatH
Lantana_montevidensis,2,100,CatH
Lepidium_bonariense,0,13,CatH
Lepidium_didymum,0,115,CatH
Lepidium_virginicum,0,112,CatH
Limnocharis_flava,0,65,CatH
Lindernia_dubia,1,69,CatH
Lindernia_rotundifolia,2,17,CatH
Ludwigia_hyssopifolia,1,95,CatH
Ludwigia_leptocarpa,2,11,CatH
Macroptilium_atropurpureum,2,54,CatH
Macroptilium_lathyroides,2,109,CatH
Malachra_capitata,1,35,CatH
Malvastrum_americanum,2,67,CatH
Malvastrum_coromandelianum,0,161,CatH
Manihot_esculenta,1,117,CatH
Martynia_annua,2,58,CatH
Mecardonia_procumbens,0,23,CatH
Melothria_pendula,2,21,CatH
Merremia_tuberosa,2,58,CatH
Mikania_micrantha,0,103,CatH
Mimosa_bimucronata,0,102,CatH
Mimosa_diplotricha,2,95,CatH
Mimosa_invisa,0,97,CatH
Mimosa_pigra,2,24,CatH
Mirabilis_jalapa,0,174,CatH
Mitracarpus_hirtus,0,43,CatH
Mollugo_verticillata,1,86,CatH
Muntingia_calabura,1,88,CatH
Mussaenda_erythrophylla,1,103,CatH
Myriophyllum_aquaticum,0,26,CatH
Neptunia_plena,2,59,CatH
Nicandra_physalodes,0,179,CatH
Nicotiana_alata,1,106,CatH
Nicotiana_plumbaginifolia,1,86,CatH
Nothoscordum_gracile,2,11,CatH
Oenothera_odorata,1,96,CatH
Oenothera_rosea,0,86,CatH
Oenothera_stricta,2,105,CatH
Oenothera_tetraptera,2,87,CatH
Oxalis_debilis,0,169,CatH
Oxalis_latifolia,0,16,CatH
Oxalis_triangularis,0,13,CatH
Pachyrhizus_erosus,1,124,CatH
Panicum_dichotomiflorum,0,114,CatH
Parthenium_hysterophorus,0,96,CatH
Parthenocissus_quinquefolia,2,122,CatH
Paspalum_conjugatum,0,110,CatH
Paspalum_dilatatum,0,103,CatH
Paspalum_distichum,0,101,CatH
Paspalum_fimbriatum,2,51,CatH
Paspalum_notatum,2,110,CatH
Paspalum_paniculatum,2,19,CatH
Paspalum_urvillei,2,59,CatH
Paspalum_virgatum,2,107,CatH
Passiflora_caerulea,0,111,CatH
Passiflora_edulis,0,106,CatH
Passiflora_foetida,0,169,CatH
Passiflora_morifolia,2,18,CatH
Passiflora_quadrangularis,0,71,CatH
Passiflora_suberosa,0,115,CatH
Peperomia_pellucida,0,106,CatH
Pereskia_aculeata,2,121,CatH
Petiveria_alliacea,0,87,CatH
Phaseolus_coccineus,1,116,CatH
Phaseolus_vulgaris,1,152,CatH
Phyllanthus_amarus,2,106,CatH
Phyllanthus_niruri,2,108,CatH
Physalis_angulata,0,179,CatH
Physalis_ixocarpa,2,65,CatH
Physalis_lagascae,0,117,CatH
Physalis_peruviana,2,105,CatH
Physalis_philadelphica,0,112,CatH
Physalis_pubescens,2,147,CatH
Pilea_microphylla,0,105,CatH
Pithecellobium_dulce,1,90,CatH
Pluchea_carolinensis,0,25,CatH
Pluchea_sagittalis,0,24,CatH
Plumeria_rubra,1,138,CatH
Polygala_paniculata,1,96,CatH
Porophyllum_ruderale,0,4,CatH
Portulaca_grandiflora,1,131,CatH
Portulaca_pilosa,0,112,CatH
Praxelis_clematidea,0,34,CatH
Pseudelephantopus_spicatus,0,97,CatH
Psidium_guajava,2,169,CatH
Pyrostegia_venusta,1,101,CatH
Rauvolfia_tetraphylla,1,62,CatH
Richardia_brasiliensis,0,64,CatH
Richardia_scabra,0,90,CatH
Rivina_humilis,2,99,CatH
Rollinia_mucosa,1,2,CatH
Rotala_ramosior,1,86,CatH
Ruellia_simplex,1,61,CatH
Ruellia_tuberosa,0,92,CatH
Sagittaria_graminea,2,64,CatH
Salicornia_bigelovii,2,21,CatH
Salvia_coccinea,2,105,CatH
Salvia_tiliifolia,0,42,CatH
Sanvitalia_procumbens,1,101,CatH
Scoparia_dulcis,0,169,CatH
Senna_alata,2,113,CatH
Senna_bicapsularis,0,30,CatH
Senna_corymbosa,0,40,CatH
Senna_fruticosa,0,79,CatH
Senna_hirsuta,2,95,CatH
Senna_obtusifolia,0,105,CatH
Senna_occidentalis,0,169,CatH
Setaria_parviflora,2,169,CatH
Sida_acuta,0,118,CatH
Sisyrinchium_micranthum,1,112,CatH
Solanum_aculeatissimum,0,133,CatH
Solanum_betaceum,1,67,CatH
Solanum_capsicoides,0,145,CatH
Solanum_chrysotrichum,0,139,CatH
Solanum_donianum,1,108,CatH
Solanum_elaeagnifolium,0,21,CatH
Solanum_erianthum,0,165,CatH
Solanum_lycopersicum,1,97,CatH
Solanum_mauritianum,2,21,CatH
Solanum_pseudocapsicum,2,123,CatH
Solanum_sarrachoides,2,43,CatH
Solanum_seaforthianum,1,112,CatH
Solanum_sisymbriifolium,2,121,CatH
Solanum_viarum,2,118,CatH
Solanum_wrightii,1,169,CatH
Soliva_anthemifolia,0,110,CatH
Soliva_sessilis,0,32,CatH
Spartina_alterniflora,0,90,CatH
Spartina_patens,2,42,CatH
Spermacoce_alata,0,85,CatH
Spermacoce_ocymifolia,1,16,CatH
Spermacoce_remota,0,41,CatH
Sphagneticola_trilobata,0,46,CatH
Sporobolus_pyramidatus,2,97,CatH
Sporobolus_tenuissimus,1,17,CatH
Stachytarpheta_cayennensis,2,55,CatH
Stachytarpheta_jamaicensis,0,104,CatH
Stachytarpheta_urticifolia,0,169,CatH
Stemodia_verticillata,0,13,CatH
Stylosanthes_guianensis,2,60,CatH
Synedrella_nodiflora,0,114,CatH
Tagetes_erecta,2,166,CatH
Tagetes_minuta,0,16,CatH
Talinum_fruticosum,2,104,CatH
Tinantia_erecta,0,8,CatH
Tithonia_diversifolia,0,112,CatH
Tithonia_rotundifolia,0,96,CatH
Tradescantia_fluminensis,0,86,CatH
Tridax_procumbens,0,94,CatH
Tripsacum_dactyloides,1,15,CatH
Tropaeolum_majus,1,121,CatH
Vallisneria_americana,1,43,CatH
Verbena_bonariensis,2,102,CatH
Verbena_brasiliensis,2,31,CatH
Veronica_peregrina,0,152,CatH
Veronica_persica,0,116,CatH
Waltheria_indica,0,179,CatH
Xanthium_spinosum,0,91,CatH
Xanthium_strumarium,0,169,CatH
Xanthosoma_sagittifolium,0,24,CatH
Zephyranthes_candida,0,103,CatH
Zinnia_peruviana,0,103,CatH
