species,mrt,height,height_scaled
Sclerocarpus_africanus,46,1.2,0.071526385
Sanvitalia_procumbens,101,0.35,-0.430019281
Cota_tinctoria,91,0.4875,-0.348886894
Amberboa_moschata,166,0.4,-0.400516595
Eupatorium_adenophorum,60,2.5,0.838596226
Acanthospermum_australe,86,0.55,-0.312008536
Lagascea_mollis,57,1,-0.04648436
Helianthus_laetiflorus,55,0.928333333,-0.088771544
Helianthus_tuberosus,127,1.941802667,0.509229811
Helianthus_annuus,122,2.470385714,0.821122206
Acmella_uliginosa,54,0.5,-0.341511222
Acmella_ciliata,50,0.8,-0.164495105
Eclipta_prostrata,169,0.97536,-0.061023284
Dahlia_pinnata,116,1.6,0.307547874
Gnaphalium_purpureum,169,0.042,-0.611755828
Gnaphalium_pensylvanicum,101,0.45,-0.371013908
Gnaphalium_polycaulon,115,0.25,-0.489024653
Solidago_altissima,89,1.8,0.425558619
Erigeron_karvinskianus,73,0.29,-0.465422504
Matricaria_matricarioides,69,0.1197,-0.565908653
Emilia_sonchifolia,138,0.4,-0.400516595
Emilia_fosbergii,26,1,-0.04648436
Erechtites_valerianifolia,98,3,1.133623088
Erechtites_hieracifolia,89,1,-0.04648436
Hypochaeris_radicata,103,0.22462615,-0.503996588
Lactuca_sativa,166,0.7,-0.223500477
Carthamus_tinctorius,166,0.874375,-0.120609859
Saussurea_costus,67,2,0.543569364
Coriandrum_sativum,169,0.488,-0.348591867
Foeniculum_vulgare,166,1.446428571,0.216932481
Hydrocotyle_vulgaris,43,0.153508696,-0.545959706
Lonicera_sempervirens,87,4.99872,0.289136714
Mentha_spicata,106,0.598333333,-0.283489273
Prunella_grandiflora,62,0.18958,-0.524675699
Rosmarinus_officinalis,12,0.69581405,-0.923293732
Ruellia_simplex,28,0.91,-0.099589195
Andrographis_paniculata,98,0.5,-0.341511222
Pyrostegia_venusta,101,5,0.289497379
Duranta_erecta,112,1.5,-0.696698138
Lindernia_dubia,17,0.066666667,-0.597201169
Plantago_lanceolata,123,0.174142101,-0.533784889
Digitalis_purpurea,100,1.003852778,-0.044211014
Jasminum_sambac,115,1.53,0.266244113
Myosotis_arvensis,10,0.305458621,-0.456301087
Morinda_lucida,21,18,9.984428946
Cinchona_officinalis,94,3,-1.040587108
Cinchona_calisaya,90,3,-1.040587108
Cascabela_thevetia,101,5,0.289497379
Rauvolfia_tetraphylla,62,2,-0.555813064
Plumeria_rubra,105,5,-0.798852272
Solanum_donianum,108,1.8,-0.612167094
Solanum_wrightii,169,9,1.416577971
Solanum_betaceum,67,2,-1.161454525
Solanum_seaforthianum,87,6,2.903784259
Solanum_lycopersicum,167,1.5,0.248542502
Capsicum_annuum,129,0.65,-0.253003164
Nicotiana_alata,91,1.5,0.248542502
Petunia_hybrida,109,0.6,-0.28250585
Ipomoea_turbinata,46,2.4,0.779590853
Argyreia_nervosa,88,10,5.263999155
Anagallis_arvensis,122,0.097443182,-0.579041372
Deutzia_crenata,100,2.25,-0.485370527
Epiphyllum_oxypetalum,93,6,0.571267527
Portulaca_oleracea,169,0.093411765,-0.581420124
Portulaca_grandiflora,105,0.3,-0.459521967
Mollugo_verticillata,86,0.065714286,-0.597763125
Boerhavia_erecta,51,0.8,-0.164495105
Bougainvillea_glabra,100,8,1.134807823
Silene_armeria,105,0.455,-0.36806364
Dianthus_sylvestris,69,0.1838,-0.52808621
Saponaria_officinalis,110,0.57555619,-0.296929011
Cerastium_fontanum,114,0.24992625,-0.48906817
Spergula_arvensis,65,0.282564558,-0.469809814
Atriplex_hortensis,91,0.825,-0.149743762
Chenopodium_album,166,0.462310185,-0.363750238
Alternanthera_bettzickiana,105,0.5,-0.341511222
Gomphrena_globosa,120,0.6,-0.28250585
Iresine_herbstii,101,2,0.543569364
Homalocladium_platycladum,102,3,-0.274042916
Trifolium_fragiferum,91,0.220998765,-0.50613694
Trifolium_dubium,62,0.253991692,-0.48666934
Trigonella_foenumgraecum,108,0.4075,-0.396091192
Lotus_corniculatus,166,0.257232109,-0.48475732
Desmodium_scorpiurus,97,0.6,-0.28250585
Phaseolus_coccineus,116,3.25,1.281136518
Phaseolus_vulgaris,152,1.115,0.021371818
Lablab_purpureus,169,1.2192,0.082855416
Macrotyloma_uniflorum,89,0.6,-0.28250585
Erythrina_bidwillii,105,9,-0.315382601
Canavalia_ensiformis,105,1.5,0.248542502
Amorpha_fruticosa,103,3.67255,-0.084538403
Dalbergia_sissoo,116,25,1.618496083
Arachis_hypogaea,157,0.5,-0.341511222
Pithecellobium_dulce,100,20,1.014158995
Caesalpinia_pulcherrima,169,5,0.289497379
Senna_surattensis,169,10,-0.194515183
Senna_tora,90,0.9,-0.105489733
Senna_siamea,86,20,1.014158995
Cassia_floribunda,88,2,-0.555813064
Polygala_paniculata,91,0.5,-0.341511222
Ulmus_laevis,63,28.24615385,2.010850317
Cucumis_melo,123,3,1.133623088
Sechium_edule,89,12,6.444106602
Salix_fragilis,166,12.53573996,0.111973158
Euphorbia_neriifolia,115,8,1.134807823
Euphorbia_milii,115,1.8,-0.612167094
Euphorbia_tithymaloides,94,3,-0.274042916
Euphorbia_lathyris,136,0.925,-0.09073839
Codiaeum_variegatum,100,6,0.571267527
Manihot_esculenta,102,3.5096,-0.130452849
Linum_usitatissimum,170,0.562963636,-0.304359294
Linum_striatum,108,0.79248,-0.168932309
Oxalis_pescaprae,65,0.354285714,-0.427490479
Tribulus_cistoides,90,0.3,-0.459521967
Sisymbrium_orientale,25,0.597222222,-0.284144888
Sisymbrium_officinale,96,0.493814815,-0.345160814
Sisymbrium_irio,114,0.360294118,-0.423945198
Sisymbrium_altissimum,120,0.704772727,-0.220684312
Brassica_juncea,137,0.7956,-0.167091341
Sinapis_alba,65,0.478636364,-0.354116915
Sinapis_arvensis,57,0.539130435,-0.318422163
Eutrema_japonicum,25,1,-0.04648436
Hesperis_matronalis,92,0.61372381,-0.274408065
Capsella_bursapastoris,166,0.229943642,-0.500858982
Armoracia_rusticana,96,0.985,-0.055335166
Lobularia_maritima,105,0.201333333,-0.517740601
Cleoserrata_speciosa,104,0.6,-0.28250585
Carica_papaya,115,7.365333333,-0.51296054
Moringa_oleifera,95,12,0.047219652
Tropaeolum_majus,121,0.83625,-0.143105658
Muntingia_calabura,88,12.5,0.107653361
Bixa_orellana,122,7.666666667,-0.476539158
Citrus_aurantiifolia,100,4,-0.91971969
Syzygium_jambos,169,12.786,0.142221443
Ludwigia_hyssopifolia,95,2,0.543569364
Rotala_ramosior,86,0.07,-0.595234323
Punica_granatum,131,6.376444444,0.677338334
Geranium_molle,103,0.25519697,-0.485958162
Erodium_moschatum,23,0.378333333,-0.413301092
Sedum_mexicanum,19,0.1,-0.577532712
Ribes_nigrum,94,1.575,-0.675565377
Ribes_uvacrispa,176,1.009677419,-0.834856404
Berberis_thunbergii,98,2.087377778,-0.531192615
Papaver_nudicaule,161,0.1,-0.577532712
Eschscholzia_californica,92,0.187796364,-0.52572814
Asparagus_setaceus,100,2.5,-0.41492799
Cordyline_fruticosa,103,3.032,1.152504807
Hippeastrum_striatum,12,0.45,-0.371013908
Sisyrinchium_atlanticum,35,0.7,-0.223500477
Sisyrinchium_micranthum,7,0.2,-0.518527339
Eleutherine_bulbosa,86,0.4,-0.400516595
Brachiaria_plantaginea,91,0.8,-0.164495105
Pennisetum_glaucum,92,0.628066667,-0.265945008
Paspalidium_flavidum,86,1,-0.04648436
Digitaria_ciliaris,112,0.27432,-0.474674547
Dichanthium_annulatum,153,1.638133333,0.330048589
Cynodon_plectostachyus,52,1,-0.04648436
Chloris_virgata,154,0.625,-0.267754507
Eleusine_coracana,136,1,-0.04648436
Eragrostis_ciliaris,110,0.675,-0.238251821
Vulpia_myuros,89,0.181515498,-0.529434189
Lolium_rigidum,121,0.394535394,-0.403741006
Dactylis_glomerata,174,0.43805612,-0.378061439
Alopecurus_myosuroides,79,0.50842,-0.33654297
Poa_trivialis,71,0.297043896,-0.461266227
Poa_pratensis,120,0.303047833,-0.457723582
Poa_compressa,119,0.297520339,-0.4609851
Poa_annua,166,0.175590128,-0.532930475
Phalaris_canariensis,123,0.550416667,-0.31176268
Hordeum_bulbosum,98,0.8,-0.164495105
Bromus_rigidus,89,0.268866667,-0.477892306
Cyperus_prolifer,20,0.6,-0.28250585
Kyllinga_polyphylla,12,0.9,-0.105489733
Rhynchospora_submarginata,86,0.6,-0.28250585
Curcuma_longa,113,1.5,0.248542502
Etlingera_elatior,94,3.6,1.487655322
Canna_indica,169,2,0.543569364
Elaeis_guineensis,68,20,4.516049597
Caladium_bicolor,79,0.8,-0.164495105
Dieffenbachia_seguine,69,1,-0.04648436
Potamogeton_vaseyi,41,0.61,-0.276605313
Annona_glabra,79,12.2536,0.07787163
Piper_betle,98,6,2.903784259
Nymphaea_alba,108,1.07625,-0.001492764