species,mrt,sla
Helenium_autumnale,113,21.92165303
Grindelia_squarrosa,86,10.08172888
Erigeron_speciosus,35,20.51963328
Achillea_millefolium,166,16.03971017
Tanacetum_vulgare,146,21.21509376
Anthemis_arvensis,120,29.40156984
Erechtites_hieraciifolius,84,18.67938667
Sonchus_asper,111,39.05684585
Cichorium_intybus,166,22.19545471
Centaurea_diffusa,58,14.76287225
Cyanus_segetum,105,20.23581518
Triodanis_perfoliata,16,36.8
Anthriscus_caucalis,113,35.6113141
Salvia_sclarea,85,35.71136071
Stachys_arvensis,50,29.8
Justicia_adhatoda,169,12.04819277
Verbena_bonariensis,26,10.14028056
Plantago_aristata,123,17.73195878
Cymbalaria_muralis,71,24.86666667
Kickxia_elatine,169,40.3
Symphytum_officinale,42,26.89692308
Galium_aparine,137,49.62399572
Sherardia_arvensis,94,22.41808872
Solanum_carolinense,65,16.46816369
Solanum_sisymbriifolium,121,23.30901729
Physalis_peruviana,97,41.42871201
Cestrum_nocturnum,124,5.841121495
Oxybaphus_nyctagineus,12,16.37532134
Silene_gallica,115,19.28016675
Amaranthus_blitoides,96,17.93020816
Fallopia_scandens,92,34.77453564
Trifolium_hybridum,96,25.04441379
Trifolium_incarnatum,12,29.65306472
Medicago_minima,112,22.81800015
Vicia_sativa,137,21.46165769
Gliricidia_sepium,34,15.61663375
Desmodium_tortuosum,92,34.624
Crotalaria_micans,92,29.41983806
Acacia_mangium,39,9.930721576
Sicyos_angulatus,35,26.04166667
Phyllanthus_amarus,94,14.364
Euphorbia_nutans,16,18.93762101
Euphorbia_marginata,115,16.48052909
Raphanus_raphanistrum,63,27.6053113
Diplotaxis_muralis,115,21.46
Lepidium_densiflorum,98,29.91287629
Malvastrum_americanum,67,9.28
Acer_negundo,121,24.1660414
Rhus_typhina,97,18.87015927
Clidemia_hirta,23,23.28620993
Psidium_guajava,169,10.03000117
Oenothera_parviflora,71,17.84
Oenothera_oakesiana,8,20.367
Oenothera_biennis,123,17.8269298
Oenothera_laciniata,99,29.23976608
Oenothera_speciosa,45,15.1010101
Sonneratia_apetala,27,1.080606061
Parthenocissus_quinquefolia,122,28.9351764
Ranunculus_sardous,12,32.015
Nothoscordum_gracile,11,21.2059076
Melinis_minutiflora,92,20.2905
Setaria_parviflora,169,9.88492
Setaria_sphacelata,112,20.54915932
Panicum_acuminatum,87,24.48126262
Paspalum_urvillei,31,17.03577511
Paspalum_notatum,110,16.66225212
Axonopus_compressus,96,17.292
Buchloe_dactyloides,69,19.24362146
Lolium_remotum,46,30.272
Lolium_multiflorum,107,25.38543952
Lolium_perenne,123,21.01084544
Holcus_lanatus,120,25.22013762
Phleum_pratense,114,23.18227584
Phalaris_paradoxa,64,26.65501468
Phalaris_minor,97,23.36018957
Bromus_arvensis,166,21.91490505
Glyceria_maxima,108,18.38980379