species,mrt,int_nu,int_cat
Zinnia_elegans,119,1,1
Zinnia_peruviana,98,1,1
Silphium_perfoliatum,76,2,1
Rudbeckia_hirta,121,1,1
Rudbeckia_laciniata,106,1,1
Ageratum_conyzoides,169,5,2
Ageratum_houstonianum,121,1,1
Chromolaena_odorata,86,2,2
Mikania_micrantha,90,1,1
Ageratina_adenophora,31,1,1
Gaillardia_pulchella,114,1,1
Helenium_bigelovii,59,1,1
Smallanthus_uvedalia,41,1,1
Galinsoga_parviflora,108,2,1
Galinsoga_quadriradiata,103,3,2
Tridax_procumbens,94,1,1
Acanthospermum_hispidum,86,2,2
Tithonia_diversifolia,101,2,2
Ambrosia_artemisiifolia,65,3,2
Xanthium_spinosum,5,4,2
Parthenium_hysterophorus,96,1,1
Sphagneticola_trilobata,31,2,2
Synedrella_nodiflora,114,1,1
Bidens_bipinnata,169,3,2
Bidens_frondosa,96,4,2
Coreopsis_lanceolata,113,1,1
Coreopsis_tinctoria,121,1,1
Coreopsis_basalis,72,1,1
Cosmos_sulphureus,100,1,1
Cosmos_bipinnatus,120,1,1
Aster_subulatus,89,2,2
Solidago_canadensis,108,1,1
Erigeron_sumatrensis,112,3,2
Erigeron_strigosus,55,1,1
Erigeron_annuus,121,4,3
Erigeron_philadelphicus,38,1,1
Erigeron_bonariensis,169,2,2
Erigeron_canadensis,144,3,3
Chrysanthemum_segetum,166,1,1
Glebionis_coronaria,166,2,1
Tanacetum_parthenifolium,89,1,1
Leucanthemum_vulgare,112,1,1
Soliva_anthemifolia,96,2,2
Sonchus_oleraceus,166,3,3
Cyclospermum_leptophyllum,103,4,1
Daucus_carota,166,1,1
Hyptis_suaveolens,104,2,1
Ocimum_basilicum,117,1,1
Justicia_gendarussa,170,1,1
Lantana_camara,169,1,1
Torenia_fournieri,54,1,1
Veronica_polita,137,4,3
Veronica_persica,116,2,2
Veronica_arvensis,73,2,2
Veronica_hederifolia,37,1,1
Veronica_peregrina,119,4,3
Plantago_virginica,88,3,2
Borago_officinalis,86,1,1
Heliotropium_ellipticum,66,3,2
Heliotropium_europaeum,145,3,2
Spermacoce_alata,62,2,2
Catharanthus_roseus,169,1,1
Ochrosia_elliptica,92,1,1
Solanum_erianthum,165,2,2
Solanum_torvum,128,1,1
Solanum_rostratum,42,1,1
Solanum_capsicoides,145,1,1
Solanum_aculeatissimum,133,1,1
Physalis_angulata,146,1,1
Physalis_philadelphica,112,2,2
Datura_stramonium,163,2,2
Brugmansia_suaveolens,99,1,1
Nicandra_physalodes,93,2,2
Ipomoea_triloba,101,1,1
Ipomoea_quamoclit,105,1,1
Ipomoea_nil,123,1,1
Ipomoea_purpurea,102,1,1
Jacquemontia_tamnifolia,41,1,1
Impatiens_balsamina,105,1,1
Opuntia_ficusindica,82,2,2
Opuntia_dillenii,104,2,2
Opuntia_monacantha,110,1,1
Portulaca_pilosa,112,1,1
Talinum_paniculatum,98,1,1
Anredera_cordifolia,96,2,1
Basella_alba,110,2,1
Tetragonia_tetragonioides,48,1,1
Mirabilis_jalapa,131,1,1
Phytolacca_americana,166,2,2
Vaccaria_hispanica,166,1,1
Agrostemma_githago,122,2,2
Cerastium_glomeratum,135,2,1
Stellaria_pallida,73,3,2
Chenopodium_hybridum,117,2,1
Dysphania_ambrosioides,98,1,1
Alternanthera_philoxeroides,92,2,1
Amaranthus_polygonoides,20,4,2
Amaranthus_cruentus,123,2,2
Amaranthus_spinosus,121,3,1
Amaranthus_caudatus,166,3,2
Amaranthus_retroflexus,117,4,2
Amaranthus_hybridus,144,2,2
Amaranthus_blitum,117,2,1
Amaranthus_viridis,159,3,2
Amaranthus_palmeri,37,3,2
Amaranthus_albus,101,3,2
Celosia_argentea,154,3,3
Trifolium_repens,166,1,1
Trifolium_pratense,109,2,1
Medicago_sativa,166,1,1
Medicago_polymorpha,121,6,4
Melilotus_officinalis,167,2,2
Vicia_villosa,93,3,3
Sesbania_cannabina,112,2,2
Robinia_pseudoacacia,108,2,1
Calopogonium_mucunoides,97,1,1
Cajanus_cajan,169,3,2
Derris_elliptica,88,1,1
Ulex_europaeus,160,1,1
Acacia_mearnsii,71,3,1
Acacia_dealbata,83,2,1
Acacia_decurrens,98,1,1
Albizia_lebbeck,137,2,1
Acacia_senegal,76,1,1
Mimosa_pudica,115,1,1
Leucaena_leucocephala,169,2,1
Senna_fruticosa,79,1,1
Senna_occidentalis,169,1,1
Senna_sophera,94,1,1
Senna_bicapsularis,70,1,1
Pilea_microphylla,105,1,1
Cannabis_sativa,157,2,2
Passiflora_suberosa,96,1,1
Passiflora_quadrangularis,71,1,1
Passiflora_edulis,100,1,1
Passiflora_caerulea,111,1,1
Passiflora_foetida,169,1,1
Euphorbia_antiquorum,105,1,1
Euphorbia_maculata,108,2,1
Euphorbia_hypericifolia,137,2,2
Euphorbia_serpens,97,1,1
Euphorbia_pulcherrima,102,1,1
Euphorbia_heterophylla,115,1,1
Euphorbia_cyathophora,94,1,1
Euphorbia_dentata,38,1,1
Ricinus_communis,145,2,2
Oxalis_triangularis,13,1,1
Cardamine_flexuosa,139,2,1
Nasturtium_officinale,114,1,1
Lepidium_virginicum,112,1,1
Lepidium_campestre,97,3,2
Cleome_rutidosperma,64,1,1
Waltheria_indica,179,1,1
Abutilon_theophrasti,166,2,2
Sida_acuta,118,1,1
Hibiscus_trionum,145,2,1
Corchorus_olitorius,169,1,1
Eucalyptus_robusta,107,2,1
Eucalyptus_exserta,100,1,1
Eucalyptus_globulus,94,2,1
Oenothera_glazioviana,112,1,1
Oenothera_rosea,86,1,1
Cuphea_carthagenensis,55,1,1
Geranium_carolinianum,104,1,1
Bryophyllum_pinnatum,104,1,1
Argemone_mexicana,159,3,2
Asparagus_densiflorus,102,1,1
Agave_americana,122,1,1
Zephyranthes_carinata,26,1,1
Zephyranthes_candida,93,1,1
Hippeastrum_vittatum,100,1,1
Spartina_alterniflora,90,1,1
Spartina_anglica,43,1,1
Brachiaria_mutica,91,1,1
Panicum_maximum,101,1,1
Melinis_repens,82,2,1
Pennisetum_polystachion,61,2,2
Cenchrus_echinatus,104,3,2
Sorghum_halepense,111,1,1
Paspalum_dilatatum,103,1,1
Axonopus_fissifolius,19,1,1
Chloris_gayana,104,1,1
Eragrostis_curvula,69,1,1
Festuca_arundinacea,84,1,1
Lolium_persicum,91,2,2
Avena_fatua,137,1,1
Arrhenatherum_elatius,96,2,1
Secale_cereale,112,1,1
Bromus_catharticus,69,2,2
Cyperus_rotundus,178,4,2
Eichhornia_crassipes,114,2,1
Pistia_stratiotes,109,2,1
Limnocharis_flava,19,1,1
Peperomia_pellucida,106,1,1
Cabomba_caroliniana,24,1,1