species,mrt,height,height_scaled
Gymnocoronis_spilanthoides,19,1.5,0.248542502
Helenium_autumnale,113,0.707946667,-0.218811517
Tagetes_erecta,166,1.2,0.071526385
Parthenium_argentatum,69,0.3,-0.459521967
Coreopsis_grandiflora,71,1,-0.04648436
Grindelia_squarrosa,86,0.9,-0.105489733
Erigeron_speciosus,35,0.319878049,-0.44779285
Achillea_millefolium,166,0.220963971,-0.50615747
Tanacetum_vulgare,146,0.784904762,-0.173402106
Anthemis_arvensis,120,0.298704906,-0.460286142
Erechtites_hieraciifolius,84,1.383333333,0.1797029
Sonchus_asper,111,0.477967456,-0.354511607
Cichorium_intybus,166,0.7462,-0.196239995
Centaurea_diffusa,58,0.363076923,-0.422303194
Cyanus_segetum,105,0.524512195,-0.32704771
Silybum_marianum,83,1.282,0.11991079
Triodanis_perfoliata,16,0.26,-0.483124116
Anthriscus_caucalis,113,0.4655,-0.361868076
Eryngium_foetidum,110,0.9,-0.105489733
Salvia_coccinea,105,0.9,-0.105489733
Salvia_sclarea,85,0.598933333,-0.283135241
Stachys_arvensis,50,0.178125,-0.531434765
Thunbergia_alata,169,5,0.289497379
Martynia_annua,58,1.83,0.443260231
Lantana_montevidensis,100,1,-0.837583212
Verbena_bonariensis,26,1.3,0.130531757
Plantago_aristata,123,0.3,-0.459521967
Cymbalaria_muralis,71,0.266,-0.479583794
Kickxia_elatine,169,0.278461538,-0.472230817
Symphytum_officinale,42,0.769444444,-0.182524525
Galium_aparine,137,0.450692468,-0.370605315
Sherardia_arvensis,94,0.16,-0.542129488
Diodia_virginiana,6,0.6,-0.28250585
Asclepias_curassavica,169,1,-0.04648436
Solanum_carolinense,65,1.2,0.071526385
Solanum_sisymbriifolium,121,1.75,0.396055933
Solanum_pseudocapsicum,123,0.766666667,-0.184163562
Solanum_scabrum,106,0.35,-0.430019281
Physalis_ixocarpa,65,0.9,-0.105489733
Physalis_pubescens,147,0.5,-0.341511222
Physalis_peruviana,97,0.5,-0.341511222
Ipomoea_alba,89,10,5.263999155
Impatiens_walleriana,62,0.7,-0.223500477
Opuntia_cochenillifera,38,1.4,-1.233974976
Opuntia_stricta,112,3,-0.274042916
Pereskia_aculeata,65,10,1.698348119
Talinum_fruticosum,104,1,-0.04648436
Oxybaphus_nyctagineus,12,1,-0.04648436
Rivina_humilis,123,0.75,-0.908025749
Silene_gallica,115,0.27415,-0.474774856
Salicornia_bigelovii,21,0.6,-0.28250585
Chenopodium_giganteum,111,2,0.543569364
Alternanthera_paronychioides,91,0.8,-0.164495105
Gomphrena_celosioides,122,0.35,-0.430019281
Amaranthus_tenuifolius,10,0.35,-0.430019281
Amaranthus_dubius,53,1.5,0.248542502
Amaranthus_hypochondriacus,92,0.8,-0.164495105
Amaranthus_standleyanus,19,0.5,-0.341511222
Amaranthus_blitoides,96,0.579166667,-0.294798636
Amaranthus_tricolor,121,1.25,0.101029071
Fallopia_scandens,92,0.412857143,-0.392930189
Antigonon_leptopus,103,10,1.698348119
Stylosanthes_guianensis,36,1.2,-0.781229182
Trifolium_hybridum,96,0.455059091,-0.368028773
Trifolium_incarnatum,12,0.232322727,-0.499455194
Medicago_minima,112,0.137513294,-0.555397853
Vicia_sativa,137,0.325425,-0.444519851
Sesbania_sesban,104,8,4.083891707
Sesbania_grandiflora,97,6.096,2.960429417
Gliricidia_sepium,34,19.812,0.99143592
Desmodium_tortuosum,92,1.547733333,0.276707733
Macroptilium_atropurpureum,54,1.2192,0.082855416
Tephrosia_candida,94,3,-0.274042916
Clitoria_ternatea,129,15,8.214267774
Indigofera_suffruticosa,112,1.5,-0.696698138
Crotalaria_ochroleuca,70,1.6,0.307547874
Crotalaria_trichotoma,88,1.466666667,0.228874044
Crotalaria_lanceolata,86,0.95,-0.075987046
Crotalaria_juncea,89,2.008,0.548289793
Crotalaria_micans,92,2,-0.555813064
Crotalaria_incana,70,2.5,0.838596226
Acacia_mangium,39,10.13877551,-0.177741746
Mimosa_diplotricha,31,0.6,-0.28250585
Mimosa_pigra,24,2.7,0.95660697
Senna_hirsuta,64,3,-0.274042916
Chamaecrista_mimosoides,92,1,-0.837583212
Senna_alata,86,3,-0.274042916
Sicyos_angulatus,35,5,2.313730535
Echinocystis_lobata,6,4.7,2.136714418
Phyllanthus_debilis,121,0.6,-0.28250585
Phyllanthus_amarus,94,0.75,-0.193997791
Phyllanthus_tenellus,20,1,-0.04648436
Phyllanthus_niruri,108,0.71,-0.21759994
Euphorbia_nutans,16,0.195155946,-0.521385591
Euphorbia_marginata,115,0.9,-0.105489733
Oxalis_bowiei,42,0.15,-0.548030026
Raphanus_raphanistrum,63,0.494568182,-0.344716287
Diplotaxis_muralis,115,0.241764706,-0.493883919
Lepidium_densiflorum,98,0.25702381,-0.484880228
Malvastrum_americanum,67,0.5,-0.341511222
Acer_negundo,121,11.54885261,-0.007309368
Rhus_typhina,97,2.103065366,-1.148997281
Psidium_guajava,169,9.648,-0.237060514
Oenothera_villosa,63,2,0.543569364
Oenothera_tetraptera,87,0.4,-0.400516595
Oenothera_stricta,105,0.766666667,-0.184163562
Oenothera_parviflora,71,0.963636364,-0.067940859
Oenothera_oakesiana,8,0.54,-0.317909073
Oenothera_biennis,123,0.863794231,-0.126853081
Oenothera_laciniata,99,0.6,-0.28250585
Oenothera_speciosa,45,0.61,-0.276605313
Ludwigia_leptocarpa,11,3,1.133623088
Parthenocissus_quinquefolia,122,2.777235,-0.336811443
Bryophyllum_daigremontianum,44,1.2,0.071526385
Bryophyllum_delagoense,9,0.6,-0.28250585
Ranunculus_sardous,12,0.225,-0.503775996
Sansevieria_trifasciata,104,0.7,-0.223500477
Agave_sisalana,68,2,0.543569364
Melinis_minutiflora,92,1.5,0.248542502
Pennisetum_purpureum,113,3.048,1.161945666
Setaria_parviflora,169,0.316785714,-0.449617494
Setaria_sphacelata,112,0.656333333,-0.249266157
Panicum_acuminatum,87,0.226806827,-0.502709871
Cymbopogon_nardus,112,2.4,0.779590853
Chrysopogon_zizanioides,25,2.0668,0.582984952
Paspalum_urvillei,31,0.033913043,-0.616527567
Paspalum_fimbriatum,51,1,-0.04648436
Paspalum_virgatum,107,1.5,0.248542502
Paspalum_notatum,110,0.352510186,-0.428538136
Axonopus_compressus,96,0.3048,-0.456689709
Chloris_barbata,114,0.75,-0.193997791
Dinebra_retroflexa,43,0.8,-0.164495105
Buchloe_dactyloides,69,0.019,-0.625327063
Lolium_remotum,46,0.568571429,-0.301050395
Lolium_multiflorum,107,0.497923077,-0.342736718
Lolium_perenne,123,0.258066559,-0.48426495
Holcus_lanatus,120,0.450464636,-0.370739748
Phleum_pratense,114,0.570776765,-0.299749128
Phalaris_paradoxa,64,0.416666667,-0.390682366
Phalaris_minor,97,1.125,0.027272355
Bromus_arvensis,166,0.5450125,-0.314951429
Glyceria_maxima,108,1.563636364,0.286091375
Ehrharta_erecta,24,1,-0.04648436
Cyperus_surinamensis,13,0.8,-0.164495105
Sagittaria_graminea,64,0.6,-0.28250585