species,mrt,habitat,habitat_cat
Zinnia_peruviana,98,10,2
Silphium_perfoliatum,76,3,1
Rudbeckia_hirta,121,6,2
Rudbeckia_laciniata,106,7,2
Ageratum_conyzoides,169,10,3
Ageratum_houstonianum,121,9,2
Chromolaena_odorata,86,9,3
Eupatorium_cannabinum,99,3,2
Mikania_micrantha,90,7,2
Ageratina_adenophora,31,9,2
Gaillardia_aristata,107,2,1
Gaillardia_pulchella,114,8,3
Helenium_bigelovii,59,3,1
Galinsoga_parviflora,108,11,3
Galinsoga_quadriradiata,103,7,2
Tridax_procumbens,94,1,1
Acanthospermum_hispidum,86,6,2
Tithonia_rotundifolia,96,7,2
Tithonia_diversifolia,101,7,2
Ambrosia_artemisiifolia,65,9,3
Ambrosia_psilostachya,30,9,2
Ambrosia_trifida,113,11,3
Xanthium_strumarium,169,5,3
Xanthium_spinosum,5,11,3
Parthenium_hysterophorus,96,13,3
Sphagneticola_trilobata,31,13,3
Synedrella_nodiflora,114,1,1
Calyptocarpus_vialis,24,6,2
Bidens_bipinnata,169,3,2
Bidens_frondosa,96,7,2
Coreopsis_lanceolata,113,3,2
Coreopsis_tinctoria,121,4,3
Coreopsis_basalis,72,2,2
Cosmos_sulphureus,100,11,3
Cosmos_bipinnatus,120,3,2
Aster_subulatus,89,7,4
Solidago_canadensis,108,10,2
Erigeron_sumatrensis,112,5,2
Erigeron_annuus,121,3,1
Erigeron_philadelphicus,38,4,2
Erigeron_bonariensis,169,9,2
Conyza_sumatrensis,100,5,2
Erigeron_canadensis,144,5,2
Chrysanthemum_segetum,166,2,1
Leucanthemum_vulgare,112,6,2
Crassocephalum_rubens,12,3,2
Crassocephalum_crepidioides,98,9,2
Erechtites_valerianifolius,100,8,3
Crepis_tectorum,97,2,1
Sonchus_oleraceus,166,11,3
Sonchus_arvensis,143,1,1
Elephantopus_tomentosus,94,3,2
Pseudelephantopus_spicatus,97,8,3
Cyclospermum_leptophyllum,103,6,2
Ammi_majus,96,4,2
Conium_maculatum,120,8,2
Daucus_carota,166,7,3
Hydrocotyle_verticillata,14,3,1
Salvia_tiliifolia,42,1,1
Hyptis_suaveolens,104,10,2
Hyptis_brevipes,93,8,3
Hyptis_capitata,101,2,2
Ocimum_basilicum,117,4,2
Orobanche_brassicae,45,1,1
Justicia_gendarussa,170,2,2
Dolichandra_unguiscati,96,8,3
Lantana_camara,169,8,3
Stachytarpheta_urticifolia,169,7,2
Stachytarpheta_jamaicensis,40,4,1
Torenia_fournieri,54,4,2
Veronica_polita,137,1,1
Veronica_arvensis,73,4,2
Veronica_peregrina,119,3,2
Plantago_virginica,88,3,3
Scoparia_dulcis,169,2,2
Borago_officinalis,86,2,2
Heliotropium_ellipticum,66,2,2
Mitracarpus_hirtus,43,2,2
Richardia_scabra,54,1,1
Spermacoce_alata,62,2,2
Calotropis_procera,138,12,3
Catharanthus_roseus,169,6,3
Solanum_erianthum,165,9,2
Solanum_elaeagnifolium,5,9,3
Solanum_torvum,128,7,3
Solanum_chrysotrichum,139,6,2
Solanum_rostratum,42,5,2
Solanum_capsicoides,145,5,2
Solanum_aculeatissimum,133,6,3
Physalis_lagascae,179,4,2
Physalis_angulata,146,7,2
Physalis_philadelphica,112,1,1
Datura_stramonium,163,3,2
Brugmansia_suaveolens,99,5,2
Nicandra_physalodes,93,3,2
Ipomoea_triloba,101,7,3
Ipomoea_mauritiana,90,3,1
Ipomoea_lacunosa,39,7,3
Ipomoea_quamoclit,105,8,2
Ipomoea_nil,123,6,2
Ipomoea_purpurea,102,7,3
Ipomoea_carnea,87,2,1
Cuscuta_approximata,166,4,2
Cuscuta_campestris,31,5,2
Jacquemontia_tamnifolia,41,1,1
Evolvulus_nummularius,21,4,2
Impatiens_balsamina,105,6,2
Opuntia_ficusindica,82,8,2
Opuntia_monacantha,110,1,1
Portulaca_pilosa,112,11,3
Talinum_paniculatum,98,1,1
Anredera_vesicaria,45,7,2
Anredera_cordifolia,96,7,3
Basella_alba,110,9,3
Tetragonia_tetragonioides,48,9,4
Mirabilis_jalapa,131,7,2
Petiveria_alliacea,87,9,2
Phytolacca_americana,166,4,2
Vaccaria_hispanica,166,3,2
Silene_vulgaris,166,4,2
Agrostemma_githago,122,3,1
Cerastium_glomeratum,135,1,1
Stellaria_media,148,5,2
Atriplex_canescens,94,1,1
Atriplex_nummularia,26,2,1
Chenopodium_hybridum,117,2,1
Dysphania_pumilio,29,3,2
Dysphania_ambrosioides,98,6,3
Alternanthera_philoxeroides,92,12,4
Amaranthus_cruentus,123,6,2
Amaranthus_spinosus,121,7,2
Amaranthus_caudatus,166,3,1
Amaranthus_retroflexus,117,5,2
Amaranthus_hybridus,144,5,2
Amaranthus_blitum,117,5,2
Amaranthus_viridis,159,1,1
Amaranthus_palmeri,37,7,2
Amaranthus_tuberculatus,18,6,2
Amaranthus_albus,101,3,2
Trifolium_repens,166,4,2
Trifolium_pratense,109,4,2
Medicago_sativa,166,4,2
Medicago_polymorpha,121,10,2
Melilotus_officinalis,167,4,2
Vicia_villosa,93,6,2
Securigera_varia,98,8,3
Sesbania_cannabina,112,2,2
Sesbania_herbacea,112,1,1
Robinia_pseudoacacia,108,7,2
Calopogonium_mucunoides,97,6,2
Derris_elliptica,88,6,2
Centrosema_pubescens,97,1,1
Ulex_europaeus,160,9,3
Aeschynomene_americana,97,6,3
Acacia_longifolia,12,6,3
Acacia_mearnsii,71,9,3
Acacia_dealbata,83,4,2
Acacia_decurrens,98,3,2
Albizia_lebbeck,137,10,3
Acacia_senegal,76,4,2
Mimosa_pudica,115,11,4
Mimosa_bimucronata,102,1,1
Desmanthus_virgatus,59,8,3
Leucaena_leucocephala,169,13,3
Senna_fruticosa,79,1,1
Senna_occidentalis,169,13,3
Senna_sophera,94,1,1
Senna_obtusifolia,105,4,2
Pilea_microphylla,105,2,1
Begonia_cucullata,69,6,2
Passiflora_suberosa,96,4,2
Passiflora_edulis,100,1,1
Passiflora_caerulea,111,6,2
Passiflora_foetida,169,6,3
Euphorbia_antiquorum,105,2,1
Euphorbia_prostrata,101,3,1
Euphorbia_maculata,108,1,1
Euphorbia_hypericifolia,137,4,2
Euphorbia_hyssopifolia,133,4,2
Euphorbia_serpens,97,3,2
Euphorbia_pulcherrima,102,3,1
Euphorbia_heterophylla,115,2,2
Euphorbia_cyathophora,94,2,1
Euphorbia_dentata,38,2,2
Euphorbia_peplus,97,4,2
Croton_hirtus,7,1,1
Ricinus_communis,145,9,3
Oxalis_latifolia,99,3,1
Alliaria_petiolata,94,6,2
Alyssum_alyssoides,94,1,1
Bunias_orientalis,90,7,2
Erysimum_repandum,93,4,2
Cardamine_flexuosa,139,8,2
Nasturtium_officinale,114,2,2
Rorippa_amphibia,7,4,3
Lepidium_didymum,115,2,2
Lepidium_virginicum,112,10,3
Lepidium_bonariense,13,6,2
Cleome_rutidosperma,64,7,2
Waltheria_indica,179,5,2
Herissantia_crispa,90,4,2
Malvastrum_coromandelianum,135,1,1
Abutilon_theophrasti,166,2,1
Sida_acuta,118,8,2
Hibiscus_trionum,145,2,2
Corchorus_olitorius,169,4,2
Eucalyptus_robusta,107,8,3
Eucalyptus_exserta,100,4,2
Eucalyptus_globulus,94,4,2
Oenothera_curtiflora,92,4,2
Oenothera_glazioviana,112,3,2
Oenothera_rosea,86,3,2
Ammannia_coccinea,18,6,2
Cuphea_carthagenensis,55,8,3
Geranium_carolinianum,104,1,1
Myriophyllum_aquaticum,26,6,2
Ranunculus_muricatus,96,4,2
Ranunculus_arvensis,94,1,1
Argemone_mexicana,159,6,2
Asparagus_densiflorus,102,13,3
Agave_americana,122,10,3
Spartina_alterniflora,90,6,3
Spartina_anglica,43,8,2
Panicum_dichotomiflorum,114,2,1
Brachiaria_brizantha,42,4,1
Brachiaria_mutica,91,3,1
Melinis_repens,82,15,3
Brachiaria_eruciformis,95,3,2
Pennisetum_polystachion,61,8,3
Cenchrus_purpureus,113,8,2
Cenchrus_incertus,7,2,1
Cenchrus_clandestinus,12,1,1
Cenchrus_echinatus,104,3,1
Cenchrus_caliculatus,50,1,1
Sorghum_halepense,111,8,2
Paspalum_dilatatum,103,1,1
Paspalum_conjugatum,105,3,2
Paspalum_distichum,101,16,5
Axonopus_fissifolius,19,12,2
Chloris_gayana,104,10,2
Eragrostis_curvula,69,5,3
Festuca_rubra,125,6,2
Festuca_arundinacea,84,11,3
Lolium_persicum,91,3,2
Lolium_temulentum,74,4,1
Parapholis_incurva,68,3,1
Avena_sterilis,91,3,1
Avena_fatua,137,8,2
Arrhenatherum_elatius,96,9,3
Hordeum_jubatum,96,3,2
Bromus_catharticus,69,1,1
Cyperus_rotundus,178,12,4
Cyperus_esculentus,68,15,4
Eichhornia_crassipes,114,1,1
Tradescantia_pallida,17,7,3
Tradescantia_zebrina,90,4,3
Tradescantia_fluminensis,19,7,2
Callisia_repens,19,6,2
Pistia_stratiotes,109,7,2
Limnocharis_flava,19,17,5
Peperomia_pellucida,106,4,2
Cabomba_caroliniana,24,5,1