species,mrt,sla
Zinnia_peruviana,98,21.6520163
Rudbeckia_hirta,121,20.77650342
Rudbeckia_laciniata,106,32.40122365
Ageratum_conyzoides,169,88.432
Chromolaena_odorata,86,34.74556718
Eupatorium_cannabinum,99,25.33779925
Mikania_micrantha,90,46.667
Ageratina_adenophora,31,30.62901085
Flaveria_bidentis,32,15.25014943
Galinsoga_parviflora,108,42.685
Galinsoga_quadriradiata,103,35.89220898
Tridax_procumbens,94,39.9
Ambrosia_artemisiifolia,65,22.50689313
Ambrosia_psilostachya,30,18.64905647
Ambrosia_trifida,113,22.81674603
Xanthium_strumarium,169,16.6740898
Parthenium_hysterophorus,96,15.73656705
Bidens_bipinnata,169,55.55555556
Bidens_frondosa,96,40.88222293
Coreopsis_lanceolata,113,13.66185965
Coreopsis_tinctoria,121,14.36677923
Aster_subulatus,89,13.99178035
Solidago_canadensis,108,16.60346371
Erigeron_sumatrensis,112,12.85020971
Erigeron_strigosus,55,20.7629738
Erigeron_annuus,121,28.26584383
Erigeron_philadelphicus,38,37.79587592
Erigeron_bonariensis,169,15.16379256
Conyza_sumatrensis,100,19.34331083
Erigeron_canadensis,144,25.07182984
Leucanthemum_vulgare,112,19.3001561
Crassocephalum_crepidioides,98,40.43421053
Crepis_tectorum,97,22.18714273
Sonchus_oleraceus,166,36.53792711
Sonchus_arvensis,143,30.62880021
Cyclospermum_leptophyllum,103,13.61805627
Ammi_majus,96,34.44333333
Conium_maculatum,120,27.50456661
Daucus_carota,166,17.09910797
Hyptis_suaveolens,104,40.3
Hyptis_capitata,101,40.253
Ocimum_basilicum,117,37.87878788
Lantana_camara,169,20.14983753
Stachytarpheta_jamaicensis,40,17.6366843
Veronica_polita,137,27.13217192
Veronica_persica,116,32.72659781
Veronica_arvensis,73,27.41006371
Veronica_hederifolia,37,28.6229592
Veronica_peregrina,119,27.45519691
Plantago_virginica,88,17.73178188
Borago_officinalis,86,24.848
Solanum_elaeagnifolium,5,11.75
Solanum_rostratum,42,12.89700679
Datura_stramonium,163,25.30640082
Nicandra_physalodes,93,26.225
Ipomoea_nil,123,17.86948177
Ipomoea_purpurea,102,40.06880551
Talinum_paniculatum,98,11.41299239
Tetragonia_tetragonioides,48,16.14234884
Phytolacca_americana,166,49.29276017
Vaccaria_hispanica,166,23.60388002
Silene_vulgaris,166,25.42858578
Agrostemma_githago,122,13.7815898
Cerastium_glomeratum,135,28.21006986
Stellaria_pallida,73,59.53600018
Stellaria_media,148,73.63236374
Atriplex_canescens,94,48.23077183
Atriplex_nummularia,26,6.162443547
Chenopodium_hybridum,117,37.63739042
Dysphania_ambrosioides,98,29.518
Alternanthera_pungens,65,25.20763945
Amaranthus_caudatus,166,19.624
Amaranthus_retroflexus,117,16.81074595
Amaranthus_hybridus,144,25.92791592
Amaranthus_blitum,117,36.22083333
Amaranthus_palmeri,37,14.88095238
Amaranthus_tuberculatus,18,16.2601626
Trifolium_repens,166,28.80298202
Trifolium_pratense,109,23.64575454
Medicago_sativa,166,19.7132583
Medicago_polymorpha,121,27.39868984
Melilotus_officinalis,167,19.36991739
Vicia_villosa,93,29.67130303
Securigera_varia,98,22.49598068
Sesbania_cannabina,112,15.6
Robinia_pseudoacacia,108,25.80503008
Calopogonium_mucunoides,97,31.074
Centrosema_pubescens,97,30.491
Ulex_europaeus,160,9.62938238
Acacia_longifolia,12,6.155091783
Acacia_mearnsii,71,16.8888109
Acacia_dealbata,83,15.52038593
Acacia_decurrens,98,9.359501923
Albizia_lebbeck,137,6.313
Acacia_senegal,76,22.79334807
Mimosa_pudica,115,30.491
Mimosa_invisa,97,30.491
Leucaena_leucocephala,169,15.10174834
Cannabis_sativa,157,28.1262297
Passiflora_suberosa,96,17.12328767
Euphorbia_maculata,108,25.43202383
Euphorbia_serpens,97,18.31501832
Euphorbia_cyathophora,94,69.93006993
Euphorbia_dentata,38,12.05863015
Euphorbia_peplus,97,66.4518832
Oxalis_debilis,169,80.592
Alliaria_petiolata,94,46.17413891
Alyssum_alyssoides,94,21.23727273
Bunias_orientalis,90,23.66552979
Erysimum_repandum,93,15.23255814
Cardamine_flexuosa,139,40.87156909
Nasturtium_officinale,114,46.24666667
Rorippa_amphibia,7,30.16038619
Lepidium_didymum,115,36.72853978
Lepidium_virginicum,112,20.13586631
Lepidium_bonariense,13,11.62030375
Lepidium_campestre,97,26.95731367
Reseda_lutea,98,17.93333333
Waltheria_indica,179,12.37292873
Abutilon_theophrasti,166,24.01703771
Sida_acuta,118,28.6
Hibiscus_trionum,145,19.05982906
Eucalyptus_robusta,107,4.955401388
Eucalyptus_globulus,94,12.97716913
Oenothera_glazioviana,112,17.12509984
Gaura_mollis,92,10.68376068
Oenothera_rosea,86,34.279
Ammannia_coccinea,18,17.54385965
Geranium_carolinianum,104,18.49424922
Myriophyllum_aquaticum,26,30.76923077
Ranunculus_arvensis,94,20.08217449
Agave_americana,122,2.441655148
Spartina_alterniflora,90,19.95647309
Spartina_anglica,43,8.880173218
Panicum_dichotomiflorum,114,24.01840947
Brachiaria_brizantha,42,14.68468272
Panicum_maximum,101,30.17816387
Melinis_repens,82,14.2757966
Sorghum_halepense,111,21.3933193
Paspalum_dilatatum,103,25.65866875
Paspalum_distichum,101,27.87970002
Chloris_gayana,104,17.87237357
Eragrostis_curvula,69,16.00160507
Festuca_rubra,125,14.94799326
Festuca_arundinacea,84,17.22515986
Lolium_temulentum,74,24.632
Avena_sterilis,91,26.84935906
Avena_fatua,137,23.30841507
Arrhenatherum_elatius,96,35.23840368
Hordeum_jubatum,96,22.88887697
Secale_cereale,112,32.01102122
Bromus_catharticus,69,18.48610431
Cyperus_esculentus,68,27.29
Pistia_stratiotes,109,35.0877193
Cabomba_caroliniana,24,38.46153846