species,int_nu,int_cat,mrt
Zinnia_elegans,1,1,119
Zinnia_peruviana,1,1,98
Silphium_perfoliatum,2,1,76
Sanvitalia_procumbens,1,1,101
Rudbeckia_hirta,1,1,121
Rudbeckia_laciniata,1,1,106
Ageratum_conyzoides,5,2,169
Ageratum_houstonianum,1,1,121
Gymnocoronis_spilanthoides,1,1,19
Chromolaena_odorata,2,2,86
Mikania_micrantha,1,1,90
Ageratina_adenophora,1,1,31
Gaillardia_pulchella,1,1,114
Helenium_autumnale,1,1,113
Helenium_bigelovii,1,1,59
Tagetes_erecta,1,1,166
Smallanthus_uvedalia,1,1,41
Galinsoga_parviflora,2,1,108
Galinsoga_quadriradiata,3,2,103
Tridax_procumbens,1,1,94
Acanthospermum_hispidum,2,2,86
Tithonia_diversifolia,2,2,101
Helianthus_tuberosus,3,1,127
Helianthus_annuus,1,1,122
Ambrosia_artemisiifolia,3,2,65
Xanthium_spinosum,4,2,5
Parthenium_hysterophorus,1,1,96
Parthenium_argentatum,1,1,69
Sphagneticola_trilobata,2,2,31
Eclipta_prostrata,1,1,169
Synedrella_nodiflora,1,1,114
Bidens_bipinnata,3,2,169
Bidens_frondosa,4,2,96
Coreopsis_lanceolata,1,1,113
Coreopsis_tinctoria,1,1,121
Coreopsis_basalis,1,1,72
Coreopsis_grandiflora,1,1,71
Cosmos_sulphureus,1,1,100
Cosmos_bipinnatus,1,1,120
Dahlia_pinnata,1,1,116
Aster_subulatus,2,2,89
Solidago_canadensis,1,1,108
Erigeron_sumatrensis,3,2,112
Erigeron_strigosus,1,1,55
Erigeron_annuus,4,3,121
Erigeron_philadelphicus,1,1,38
Erigeron_bonariensis,2,2,169
Erigeron_canadensis,3,3,144
Chrysanthemum_segetum,1,1,166
Glebionis_coronaria,2,1,166
Achillea_millefolium,1,1,166
Tanacetum_parthenifolium,1,1,89
Anthemis_arvensis,1,1,120
Leucanthemum_vulgare,1,1,112
Soliva_anthemifolia,2,2,96
Emilia_sonchifolia,1,1,138
Emilia_fosbergii,1,1,26
Erechtites_hieraciifolius,1,1,84
Sonchus_asper,1,1,111
Sonchus_oleraceus,3,3,166
Lactuca_sativa,1,1,166
Cichorium_intybus,1,1,166
Cyanus_segetum,1,1,105
Carthamus_tinctorius,1,1,166
Saussurea_costus,1,1,67
Silybum_marianum,1,1,83
Triodanis_perfoliata,1,1,16
Coriandrum_sativum,1,1,169
Cyclospermum_leptophyllum,4,1,103
Foeniculum_vulgare,1,1,166
Daucus_carota,1,1,166
Eryngium_foetidum,2,1,110
Hydrocotyle_vulgaris,1,1,43
Lonicera_sempervirens,1,1,87
Mentha_spicata,1,1,106
Prunella_grandiflora,1,1,62
Salvia_coccinea,2,2,105
Rosmarinus_officinalis,1,1,12
Hyptis_suaveolens,2,1,104
Ocimum_basilicum,1,1,117
Stachys_arvensis,1,1,50
Andrographis_paniculata,1,1,98
Justicia_gendarussa,1,1,170
Justicia_adhatoda,1,1,169
Martynia_annua,2,2,58
Pyrostegia_venusta,1,1,101
Lantana_montevidensis,1,1,100
Lantana_camara,1,1,169
Duranta_erecta,1,1,112
Torenia_fournieri,1,1,54
Veronica_polita,4,3,137
Veronica_persica,2,2,116
Veronica_arvensis,2,2,73
Veronica_hederifolia,1,1,37
Veronica_peregrina,4,3,119
Plantago_virginica,3,2,88
Plantago_lanceolata,2,2,123
Plantago_aristata,2,1,123
Digitalis_purpurea,1,1,100
Cymbalaria_muralis,1,1,71
Jasminum_sambac,1,1,115
Borago_officinalis,1,1,86
Symphytum_officinale,1,1,42
Heliotropium_ellipticum,3,2,66
Heliotropium_europaeum,3,2,145
Spermacoce_alata,2,2,62
Mussaenda_erythrophylla,1,1,103
Cinchona_officinalis,1,1,94
Cinchona_pubescens,1,1,94
Cinchona_calisaya,1,1,90
Asclepias_curassavica,1,1,169
Rauvolfia_tetraphylla,1,1,62
Catharanthus_roseus,1,1,169
Ochrosia_elliptica,1,1,92
Plumeria_rubra,2,1,105
Solanum_sarrachoides,1,1,43
Solanum_erianthum,2,2,165
Solanum_torvum,1,1,128
Solanum_carolinense,1,1,65
Solanum_rostratum,1,1,42
Solanum_wrightii,1,1,169
Solanum_sisymbriifolium,1,1,121
Solanum_capsicoides,1,1,145
Solanum_aculeatissimum,1,1,133
Solanum_pseudocapsicum,1,1,123
Physalis_angulata,1,1,146
Physalis_pubescens,1,1,147
Physalis_philadelphica,2,2,112
Physalis_peruviana,1,1,97
Capsicum_annuum,1,1,129
Datura_inoxia,2,2,97
Datura_stramonium,2,2,163
Brugmansia_suaveolens,1,1,99
Nicandra_physalodes,2,2,93
Nicotiana_alata,1,1,91
Petunia_hybrida,1,1,109
Ipomoea_triloba,1,1,101
Ipomoea_hederifolia,1,1,80
Ipomoea_quamoclit,1,1,105
Ipomoea_indica,1,1,169
Ipomoea_nil,1,1,123
Ipomoea_purpurea,1,1,102
Ipomoea_alba,1,1,89
Ipomoea_batatas,1,1,137
Argyreia_nervosa,1,1,88
Jacquemontia_tamnifolia,1,1,41
Impatiens_balsamina,1,1,105
Deutzia_crenata,1,1,100
Epiphyllum_oxypetalum,1,1,93
Opuntia_cochenillifera,1,1,38
Opuntia_ficusindica,2,2,82
Opuntia_dillenii,2,2,104
Opuntia_monacantha,1,1,110
Portulaca_oleracea,1,1,169
Portulaca_pilosa,1,1,112
Portulaca_grandiflora,1,1,105
Talinum_paniculatum,1,1,98
Anredera_cordifolia,2,1,96
Basella_alba,2,1,110
Tetragonia_tetragonioides,1,1,48
Mirabilis_jalapa,1,1,131
Oxybaphus_nyctagineus,1,1,12
Bougainvillea_spectabilis,1,1,106
Bougainvillea_glabra,1,1,100
Rivina_humilis,1,1,123
Phytolacca_americana,2,2,166
Vaccaria_hispanica,1,1,166
Silene_gallica,1,1,115
Silene_armeria,1,1,105
Agrostemma_githago,2,2,122
Saponaria_officinalis,1,1,110
Cerastium_glomeratum,2,1,135
Stellaria_pallida,3,2,73
Atriplex_hortensis,1,1,91
Chenopodium_hybridum,2,1,117
Chenopodium_giganteum,1,1,111
Dysphania_ambrosioides,1,1,98
Alternanthera_bettzickiana,1,1,105
Alternanthera_philoxeroides,2,1,92
Gomphrena_celosioides,1,1,122
Gomphrena_globosa,1,1,120
Iresine_herbstii,1,1,101
Amaranthus_polygonoides,4,2,20
Amaranthus_cruentus,2,2,123
Amaranthus_spinosus,3,1,121
Amaranthus_hypochondriacus,1,1,92
Amaranthus_caudatus,3,2,166
Amaranthus_retroflexus,4,2,117
Amaranthus_hybridus,2,2,144
Amaranthus_blitoides,2,1,96
Amaranthus_blitum,2,1,117
Amaranthus_tricolor,2,1,121
Amaranthus_viridis,3,2,159
Amaranthus_palmeri,3,2,37
Amaranthus_albus,3,2,101
Celosia_argentea,3,3,154
Homalocladium_platycladum,1,1,102
Antigonon_leptopus,1,1,103
Stylosanthes_guianensis,1,1,36
Trifolium_hybridum,1,1,96
Trifolium_repens,1,1,166
Trifolium_pratense,2,1,109
Trifolium_incarnatum,1,1,12
Trifolium_dubium,2,2,62
Medicago_sativa,1,1,166
Medicago_polymorpha,6,4,121
Melilotus_officinalis,2,2,167
Trigonella_foenumgraecum,1,1,108
Vicia_sativa,1,1,137
Vicia_villosa,3,3,93
Sesbania_sesban,1,1,104
Sesbania_grandiflora,1,1,97
Sesbania_cannabina,2,2,112
Robinia_pseudoacacia,2,1,108
Calopogonium_mucunoides,1,1,97
Pachyrhizus_erosus,1,1,115
Phaseolus_coccineus,1,1,116
Macroptilium_atropurpureum,1,1,54
Macroptilium_lathyroides,1,1,109
Lablab_purpureus,2,2,169
Macrotyloma_uniflorum,1,1,89
Cajanus_cajan,3,2,169
Derris_elliptica,1,1,88
Tephrosia_candida,1,1,94
Canavalia_ensiformis,1,1,105
Clitoria_ternatea,1,1,129
Indigofera_suffruticosa,1,1,112
Amorpha_fruticosa,2,1,103
Crotalaria_ochroleuca,1,1,70
Crotalaria_trichotoma,2,2,88
Crotalaria_lanceolata,1,1,86
Crotalaria_juncea,1,1,89
Crotalaria_micans,2,2,92
Crotalaria_incana,1,1,70
Ulex_europaeus,1,1,160
Dalbergia_sissoo,1,1,116
Arachis_hypogaea,2,1,157
Acacia_mangium,1,1,39
Acacia_mearnsii,3,1,71
Acacia_dealbata,2,1,83
Acacia_decurrens,1,1,98
Albizia_lebbeck,2,1,137
Acacia_senegal,1,1,76
Pithecellobium_dulce,1,1,100
Mimosa_pudica,1,1,115
Mimosa_diplotricha,1,1,31
Leucaena_leucocephala,2,1,169
Caesalpinia_pulcherrima,2,1,169
Senna_surattensis,3,2,169
Senna_fruticosa,1,1,79
Senna_occidentalis,1,1,169
Senna_hirsuta,1,1,64
Senna_sophera,1,1,94
Senna_bicapsularis,1,1,70
Chamaecrista_mimosoides,1,1,92
Senna_alata,1,1,86
Cassia_floribunda,1,1,88
Polygala_paniculata,1,1,91
Pilea_microphylla,1,1,105
Cannabis_sativa,2,2,157
Ulmus_laevis,1,1,63
Sicyos_angulatus,4,4,35
Sechium_edule,1,1,89
Momordica_charantia,1,1,117
Passiflora_suberosa,1,1,96
Passiflora_quadrangularis,1,1,71
Passiflora_edulis,1,1,100
Passiflora_caerulea,1,1,111
Passiflora_foetida,1,1,169
Euphorbia_neriifolia,2,2,115
Euphorbia_antiquorum,1,1,105
Euphorbia_milii,1,1,115
Euphorbia_maculata,2,1,108
Euphorbia_hypericifolia,2,2,137
Euphorbia_nutans,2,1,16
Euphorbia_serpens,1,1,97
Euphorbia_marginata,1,1,115
Euphorbia_pulcherrima,1,1,102
Euphorbia_heterophylla,1,1,115
Euphorbia_cyathophora,1,1,94
Euphorbia_dentata,1,1,38
Codiaeum_variegatum,1,1,100
Manihot_esculenta,1,1,102
Ricinus_communis,2,2,145
Linum_usitatissimum,1,1,170
Oxalis_triangularis,1,1,13
Oxalis_pescaprae,1,1,65
Oxalis_bowiei,1,1,42
Brassica_juncea,1,1,137
Sinapis_alba,2,2,65
Capsella_bursapastoris,2,1,166
Cardamine_flexuosa,2,1,139
Nasturtium_officinale,1,1,114
Armoracia_rusticana,1,1,96
Lepidium_virginicum,1,1,112
Lepidium_densiflorum,3,2,98
Lepidium_campestre,3,2,97
Lobularia_maritima,1,1,105
Cleome_rutidosperma,1,1,64
Cleoserrata_speciosa,1,1,104
Carica_papaya,1,1,115
Moringa_oleifera,1,1,95
Tropaeolum_majus,1,1,121
Waltheria_indica,1,1,179
Abutilon_theophrasti,2,2,166
Sida_acuta,1,1,118
Hibiscus_trionum,2,1,145
Corchorus_olitorius,1,1,169
Bixa_orellana,1,1,122
Acer_negundo,1,1,121
Rhus_typhina,1,1,97
Eucalyptus_robusta,2,1,107
Eucalyptus_exserta,1,1,100
Eucalyptus_globulus,2,1,94
Psidium_guajava,1,1,169
Oenothera_villosa,1,1,63
Oenothera_tetraptera,1,1,87
Oenothera_stricta,2,1,105
Oenothera_parviflora,1,1,71
Oenothera_oakesiana,1,1,8
Oenothera_glazioviana,1,1,112
Oenothera_laciniata,1,1,99
Gaura_lindheimeri,1,1,112
Gaura_biennis,1,1,120
Oenothera_rosea,1,1,86
Clarkia_pulchella,1,1,84
Cuphea_carthagenensis,1,1,55
Punica_granatum,1,1,131
Geranium_carolinianum,1,1,104
Parthenocissus_quinquefolia,2,2,122
Bryophyllum_pinnatum,1,1,104
Berberis_thunbergii,2,2,98
Argemone_mexicana,3,2,159
Eschscholzia_californica,1,1,92
Sansevieria_trifasciata,1,1,104
Asparagus_densiflorus,1,1,102
Asparagus_setaceus,1,1,100
Cordyline_fruticosa,2,1,103
Agave_sisalana,1,1,68
Agave_americana,1,1,122
Zephyranthes_carinata,1,1,26
Zephyranthes_candida,1,1,93
Hippeastrum_vittatum,1,1,100
Spartina_alterniflora,1,1,90
Spartina_anglica,1,1,43
Brachiaria_mutica,1,1,91
Panicum_maximum,1,1,101
Melinis_repens,2,1,82
Melinis_minutiflora,1,1,92
Pennisetum_polystachion,2,2,61
Cenchrus_echinatus,3,2,104
Pennisetum_purpureum,1,1,113
Pennisetum_clandestinum,2,1,12
Setaria_parviflora,2,2,169
Cymbopogon_nardus,1,1,112
Sorghum_halepense,1,1,111
Chrysopogon_zizanioides,3,2,25
Paspalum_dilatatum,1,1,103
Paspalum_urvillei,2,2,31
Paspalum_notatum,1,1,110
Axonopus_fissifolius,1,1,19
Axonopus_compressus,1,1,96
Chloris_virgata,1,1,154
Chloris_gayana,1,1,104
Eleusine_coracana,1,1,136
Dinebra_retroflexa,1,1,43
Buchloe_dactyloides,2,1,69
Eragrostis_curvula,1,1,69
Festuca_arundinacea,1,1,84
Lolium_persicum,2,2,91
Lolium_multiflorum,2,2,107
Lolium_perenne,2,2,123
Holcus_lanatus,1,1,120
Poa_trivialis,1,1,71
Poa_pratensis,2,2,120
Poa_compressa,1,1,119
Phleum_pratense,1,1,114
Avena_fatua,1,1,137
Arrhenatherum_elatius,2,1,96
Hordeum_bulbosum,1,1,98
Secale_cereale,1,1,112
Bromus_arvensis,1,1,166
Bromus_catharticus,2,2,69
Pleioblastus_gramineus,1,1,105
Ehrharta_erecta,2,2,24
Cyperus_rotundus,4,2,178
Curcuma_longa,1,1,113
Etlingera_elatior,1,1,94
Canna_indica,1,1,169
Eichhornia_crassipes,2,1,114
Elaeis_guineensis,1,1,68
Pistia_stratiotes,2,1,109
Caladium_bicolor,1,1,79
Dieffenbachia_seguine,1,1,69
Limnocharis_flava,1,1,19
Annona_glabra,1,1,79
Peperomia_pellucida,1,1,106
Piper_betle,1,1,98
Cabomba_caroliniana,1,1,24
