species,mrt,seed,seed_scaled
Helenium_autumnale,113,0.425465226,-0.187259416
Tagetes_erecta,166,3.4,-0.160011275
Parthenium_argentatum,69,0.4,-0.18749269
Coreopsis_grandiflora,71,2.157142857,-0.171396433
Grindelia_squarrosa,86,0.9,-0.182912454
Erigeron_speciosus,35,0.188444444,-0.189430638
Achillea_millefolium,166,0.165992369,-0.18963631
Tanacetum_vulgare,146,0.190954839,-0.189407642
Anthemis_arvensis,120,0.676003684,-0.184964366
Erechtites_hieraciifolius,84,0.3484,-0.18796537
Sonchus_asper,111,0.278436882,-0.188606265
Cichorium_intybus,166,2.159448097,-0.171375316
Centaurea_diffusa,58,3.075714286,-0.162981885
Cyanus_segetum,105,5.141963333,-0.14405407
Silybum_marianum,83,21.77416667,0.008304755
Triodanis_perfoliata,16,0.03,-0.190882064
Anthriscus_caucalis,113,1.414766667,-0.178196949
Salvia_coccinea,105,0.876666667,-0.183126198
Salvia_sclarea,85,2.55,-0.167797676
Stachys_arvensis,50,0.7244,-0.184521033
Thunbergia_alata,169,25.8,-0.210587111
Martynia_annua,58,1241.1,11.17790428
Verbena_bonariensis,26,0.17,-0.189599598
Plantago_aristata,123,1.5,-0.177416171
Cymbalaria_muralis,71,0.164857143,-0.189646709
Kickxia_elatine,169,0.364210526,-0.187820538
Symphytum_officinale,42,9.49288,-0.104197622
Galium_aparine,137,9.144727394,-0.107386864
Sherardia_arvensis,94,1.6728765,-0.175832541
Solanum_carolinense,65,2.44,-0.168805328
Solanum_sisymbriifolium,121,2.65,-0.166881629
Solanum_viarum,118,2.51,-0.273396845
Solanum_pseudocapsicum,123,3,-0.163675464
Solanum_scabrum,106,0.742857143,-0.184351957
Physalis_ixocarpa,65,1.61,-0.176408519
Physalis_pubescens,147,0.85,-0.183370478
Physalis_peruviana,97,0.85,-0.183370478
Datura_inoxia,97,26.02083333,0.047206223
Ipomoea_cordatotriloba,12,15.03,-0.053474992
Impatiens_walleriana,62,0.52,-0.186393433
Opuntia_stricta,112,21.92,-0.221050905
Talinum_fruticosum,104,0.17,-0.189599598
Oxybaphus_nyctagineus,12,5.613636364,-0.139733323
Rivina_humilis,123,3.8,-0.269917903
Silene_gallica,115,0.351739677,-0.187934777
Chenopodium_giganteum,111,0.72,-0.184561339
Gomphrena_celosioides,122,2.9,-0.164591511
Amaranthus_dubius,53,0.22,-0.189141575
Amaranthus_hypochondriacus,92,0.46,-0.186943061
Amaranthus_blitoides,96,1.016088889,-0.181849025
Amaranthus_tricolor,121,0.6,-0.185660595
Fallopia_scandens,92,14.01,-0.062818673
Antigonon_leptopus,103,70.5,-0.09003773
Stylosanthes_guianensis,36,2.73125,-0.272800166
Trifolium_hybridum,96,0.858549668,-0.183292159
Trifolium_incarnatum,12,3.27710271,-0.161137072
Medicago_minima,112,1.105429268,-0.181030625
Vicia_sativa,137,27.89552612,0.064379293
Sesbania_sesban,104,13.03461538,-0.071753656
Sesbania_grandiflora,97,65.20557199,0.406156904
Gliricidia_sepium,34,145.5941176,0.269555439
Desmodium_tortuosum,92,2.665908686,-0.166735898
Macroptilium_atropurpureum,54,14,-0.062910278
Macroptilium_lathyroides,109,7.03,-0.126758764
Tephrosia_candida,94,19.275,-0.228184085
Clitoria_ternatea,129,46.9125,0.23858374
Indigofera_suffruticosa,112,3.044166667,-0.271956275
Crotalaria_ochroleuca,70,4.688888889,-0.148204445
Crotalaria_trichotoma,88,3.835652174,-0.156020496
Crotalaria_lanceolata,86,2.769285714,-0.165788916
Crotalaria_juncea,89,32.83103865,0.109590915
Crotalaria_micans,92,23.06666667,-0.217958513
Crotalaria_incana,70,7.161111111,-0.125557724
Acacia_mangium,39,12.84,-0.300414783
Mimosa_pigra,24,17.56666667,-0.030237929
Neptunia_plena,59,7.6,-0.121537295
Senna_hirsuta,64,6.498888889,-0.262639393
Chamaecrista_mimosoides,92,2.502857143,-0.273416108
Senna_alata,86,44,-0.161504365
Sicyos_angulatus,35,93,0.66076697
Echinocystis_lobata,6,237.452,1.984015396
Phyllanthus_amarus,94,0.1,-0.190240831
Euphorbia_nutans,16,0.338117647,-0.188059561
Euphorbia_marginata,115,10.77375,-0.092464249
Raphanus_raphanistrum,63,17.43081538,-0.031482391
Diplotaxis_muralis,115,0.233411765,-0.189018717
Lepidium_densiflorum,98,0.544947368,-0.186164904
Malvastrum_americanum,67,1.701928571,-0.17556641
Acer_negundo,121,37.82308754,-0.1931517
Rhus_typhina,97,9.332882257,-0.31547234
Clidemia_hirta,23,0.03,-0.280085043
Psidium_guajava,169,9.449278854,-0.314972599
Oenothera_villosa,63,0.42,-0.18730948
Oenothera_tetraptera,87,16.8,-0.037260957
Oenothera_stricta,105,0.4,-0.18749269
Oenothera_parviflora,71,0.579809524,-0.18584555
Oenothera_biennis,123,0.396568791,-0.187524121
Oenothera_laciniata,99,0.402857143,-0.187466517
Oenothera_speciosa,45,0.09,-0.190332436
Clarkia_pulchella,84,0.216664387,-0.18917213
Ludwigia_leptocarpa,11,0.06,-0.19060725
Parthenocissus_quinquefolia,122,27.04842864,-0.207220281
Bryophyllum_delagoense,9,0.03,-0.190882064
Ranunculus_sardous,12,1.389514286,-0.178428272
Melinis_minutiflora,92,0.11,-0.190149226
Pennisetum_purpureum,113,0.504607497,-0.186534436
Pennisetum_clandestinum,12,2.18,-0.17118705
Setaria_parviflora,169,1.53,-0.177141357
Setaria_sphacelata,112,0.756923077,-0.184223106
Panicum_acuminatum,87,0.286896199,-0.188528774
Paspalum_urvillei,31,0.84,-0.183462082
Paspalum_virgatum,107,1.485,-0.177553578
Paspalum_notatum,110,3.07,-0.163034231
Axonopus_compressus,96,0.373603458,-0.187734495
Chloris_barbata,114,0.21,-0.189233179
Dinebra_retroflexa,43,2.2,-0.171003841
Buchloe_dactyloides,69,6.216,-0.134215388
Lolium_multiflorum,107,2.932693878,-0.16429202
Lolium_perenne,123,1.87850606,-0.173948877
Holcus_lanatus,120,0.355681452,-0.187898669
Phleum_pratense,114,0.40869491,-0.18741304
Phalaris_paradoxa,64,2.6528,-0.16685598
Phalaris_minor,97,1.585555556,-0.176632442
Bromus_arvensis,166,1.975884217,-0.173056847
Glyceria_maxima,108,0.431,-0.187208715
Cyperus_surinamensis,13,0.02,-0.190973669