species,mrt,naturalized
Zinnia_elegans,119,43
Zinnia_peruviana,98,49
Silphium_perfoliatum,76,19
Sclerocarpus_africanus,46,4
Sanvitalia_procumbens,101,5
Rudbeckia_hirta,121,47
Rudbeckia_laciniata,106,63
Cota_tinctoria,91,59
Amberboa_moschata,166,7
Ageratum_conyzoides,169,151
Ageratum_houstonianum,121,86
Gymnocoronis_spilanthoides,19,15
Chromolaena_odorata,86,62
Praxelis_clematidea,31,10
Eupatorium_cannabinum,99,13
Mikania_micrantha,90,37
Ageratina_adenophora,31,59
Gaillardia_aristata,107,22
Gaillardia_pulchella,114,52
Helenium_autumnale,113,7
Tagetes_erecta,166,82
Flaveria_bidentis,32,17
Galinsoga_parviflora,108,257
Galinsoga_quadriradiata,103,177
Tridax_procumbens,94,124
Acanthospermum_hispidum,86,111
Acanthospermum_australe,86,34
Tithonia_rotundifolia,96,43
Tithonia_diversifolia,101,95
Lagascea_mollis,57,19
Helianthus_laetiflorus,55,43
Helianthus_tuberosus,127,135
Helianthus_annuus,122,107
Ambrosia_artemisiifolia,65,111
Ambrosia_psilostachya,30,72
Ambrosia_trifida,113,32
Xanthium_strumarium,169,170
Xanthium_spinosum,5,186
Parthenium_hysterophorus,96,130
Parthenium_argentatum,69,1
Acmella_uliginosa,54,7
Acmella_radicans,8,31
Acmella_ciliata,50,17
Sphagneticola_trilobata,31,79
Eclipta_prostrata,169,86
Synedrella_nodiflora,114,99
Calyptocarpus_vialis,24,41
Bidens_bipinnata,169,81
Bidens_frondosa,96,70
Coreopsis_lanceolata,113,70
Coreopsis_tinctoria,121,58
Coreopsis_basalis,72,9
Coreopsis_grandiflora,71,55
Cosmos_sulphureus,100,105
Cosmos_bipinnatus,120,113
Dahlia_pinnata,116,5
Gnaphalium_purpureum,169,46
Gnaphalium_pensylvanicum,101,106
Gnaphalium_polycaulon,115,76
Pluchea_sagittalis,15,2
Grindelia_squarrosa,86,34
Aster_subulatus,89,64
Solidago_altissima,89,18
Solidago_canadensis,108,97
Erigeron_sumatrensis,112,39
Erigeron_strigosus,55,24
Erigeron_annuus,121,86
Erigeron_karvinskianus,73,90
Erigeron_philadelphicus,38,8
Erigeron_bellioides,112,7
Erigeron_bonariensis,169,210
Conyza_sumatrensis,100,49
Erigeron_canadensis,144,238
Glebionis_coronaria,166,66
Achillea_millefolium,166,82
Matricaria_matricarioides,69,57
Tanacetum_parthenifolium,89,4
Tanacetum_vulgare,146,134
Anthemis_arvensis,120,80
Leucanthemum_vulgare,112,181
Soliva_anthemifolia,96,49
Emilia_sonchifolia,138,73
Emilia_fosbergii,26,36
Crassocephalum_rubens,12,2
Crassocephalum_crepidioides,98,80
Erechtites_valerianifolia,98,28
Erechtites_hieracifolia,89,9
Erechtites_hieraciifolius,84,16
Erechtites_valerianifolius,100,13
Crepis_tectorum,97,51
Hypochaeris_radicata,103,188
Sonchus_asper,111,249
Sonchus_oleraceus,166,351
Sonchus_arvensis,143,71
Lactuca_sativa,166,68
Cichorium_intybus,166,177
Elephantopus_tomentosus,94,1
Pseudelephantopus_spicatus,97,34
Centaurea_diffusa,58,58
Cyanus_segetum,105,104
Carthamus_tinctorius,166,79
Silybum_marianum,83,156
Triodanis_perfoliata,16,4
Hippobroma_longiflora,93,43
Coriandrum_sativum,169,143
Cyclospermum_leptophyllum,103,132
Ammi_majus,96,105
Foeniculum_vulgare,166,188
Conium_maculatum,120,176
Daucus_carota,166,138
Anthriscus_caucalis,113,51
Eryngium_foetidum,110,11
Hydrocotyle_vulgaris,43,2
Hydrocotyle_verticillata,14,9
Lonicera_sempervirens,87,14
Mentha_spicata,106,166
Prunella_grandiflora,62,2
Salvia_tiliifolia,42,14
Salvia_coccinea,105,72
Salvia_sclarea,85,22
Rosmarinus_officinalis,12,39
Hyptis_suaveolens,104,67
Hyptis_brevipes,93,4
Hyptis_capitata,101,20
Ocimum_basilicum,117,55
Stachys_arvensis,50,99
Ruellia_tuberosa,92,55
Ruellia_simplex,28,31
Andrographis_paniculata,98,4
Justicia_gendarussa,170,4
Justicia_adhatoda,169,1
Thunbergia_alata,169,120
Martynia_annua,58,47
Pyrostegia_venusta,101,22
Dolichandra_unguiscati,96,60
Lantana_montevidensis,100,32
Lantana_camara,169,194
Verbena_bonariensis,26,101
Stachytarpheta_urticifolia,169,65
Stachytarpheta_jamaicensis,40,108
Duranta_erecta,112,46
Lindernia_dubia,17,16
Torenia_fournieri,54,10
Mecardonia_procumbens,18,48
Veronica_polita,137,64
Veronica_persica,116,240
Veronica_arvensis,73,142
Veronica_hederifolia,37,56
Veronica_peregrina,119,82
Plantago_virginica,88,21
Plantago_lanceolata,123,249
Plantago_aristata,123,35
Digitalis_purpurea,100,111
Cymbalaria_muralis,71,167
Kickxia_elatine,169,76
Stemodia_verticillata,2,7
Scoparia_dulcis,169,72
Jasminum_sambac,115,12
Myosotis_arvensis,10,72
Borago_officinalis,86,121
Symphytum_officinale,42,66
Heliotropium_ellipticum,66,1
Heliotropium_europaeum,145,64
Galium_aparine,137,106
Sherardia_arvensis,94,118
Mitracarpus_hirtus,43,40
Richardia_brasiliensis,64,68
Richardia_scabra,54,55
Spermacoce_alata,62,25
Spermacoce_remota,41,38
Diodia_virginiana,6,2
Cinchona_officinalis,94,5
Cinchona_pubescens,94,10
Cinchona_calisaya,90,2
Cascabela_thevetia,101,58
Asclepias_curassavica,169,140
Calotropis_procera,138,78
Rauvolfia_tetraphylla,62,15
Catharanthus_roseus,169,222
Ochrosia_elliptica,92,2
Plumeria_rubra,105,14
Solanum_sarrachoides,43,30
Solanum_erianthum,165,12
Solanum_elaeagnifolium,5,66
Solanum_torvum,128,72
Solanum_chrysotrichum,139,10
Solanum_donianum,108,2
Solanum_carolinense,65,20
Solanum_rostratum,42,64
Solanum_sisymbriifolium,121,64
Solanum_capsicoides,145,41
Solanum_aculeatissimum,133,14
Solanum_viarum,118,54
Solanum_pseudocapsicum,123,103
Solanum_betaceum,67,33
Solanum_scabrum,106,8
Solanum_seaforthianum,87,105
Solanum_lycopersicum,167,95
Physalis_lagascae,179,10
Physalis_ixocarpa,65,33
Physalis_angulata,146,164
Physalis_pubescens,147,27
Physalis_philadelphica,112,49
Physalis_peruviana,97,126
Capsicum_annuum,129,107
Datura_stramonium,163,293
Brugmansia_suaveolens,99,70
Nicandra_physalodes,93,188
Nicotiana_alata,91,15
Nicotiana_plumbaginifolia,86,41
Petunia_hybrida,109,19
Cestrum_nocturnum,124,51
Ipomoea_turbinata,46,8
Ipomoea_triloba,101,65
Ipomoea_mauritiana,90,9
Ipomoea_lacunosa,39,7
Ipomoea_rubriflora,74,35
Ipomoea_hederifolia,80,42
Ipomoea_quamoclit,105,84
Ipomoea_indica,169,72
Ipomoea_nil,123,112
Ipomoea_purpurea,102,155
Ipomoea_alba,89,51
Ipomoea_trifida,39,2
Ipomoea_batatas,137,106
Ipomoea_cordatotriloba,12,5
Ipomoea_carnea,87,21
Ipomoea_eriocarpa,93,2
Argyreia_nervosa,88,18
Merremia_tuberosa,58,35
Cuscuta_approximata,166,16
Cuscuta_campestris,31,147
Jacquemontia_tamnifolia,41,18
Evolvulus_nummularius,21,42
Anagallis_arvensis,122,150
Impatiens_balsamina,105,61
Impatiens_walleriana,62,96
Deutzia_crenata,100,3
Epiphyllum_oxypetalum,93,5
Opuntia_cochenillifera,38,11
Opuntia_ficusindica,82,180
Opuntia_dillenii,104,53
Opuntia_stricta,112,105
Nopalea_cochenillifera,104,20
Opuntia_monacantha,110,73
Pereskia_aculeata,65,26
Portulaca_oleracea,169,274
Portulaca_pilosa,112,59
Portulaca_grandiflora,105,53
Talinum_fruticosum,104,17
Talinum_paniculatum,98,91
Anredera_vesicaria,45,5
Anredera_cordifolia,96,100
Basella_alba,110,35
Mollugo_verticillata,86,91
Tetragonia_tetragonioides,48,73
Boerhavia_erecta,51,62
Mirabilis_jalapa,131,214
Oxybaphus_nyctagineus,12,43
Bougainvillea_spectabilis,106,25
Bougainvillea_glabra,100,43
Rivina_humilis,123,59
Petiveria_alliacea,87,6
Phytolacca_americana,166,72
Vaccaria_hispanica,166,139
Silene_gallica,115,175
Silene_vulgaris,166,88
Silene_armeria,105,68
Agrostemma_githago,122,83
Dianthus_sylvestris,69,2
Saponaria_officinalis,110,131
Cerastium_fontanum,114,108
Cerastium_glomeratum,135,169
Stellaria_pallida,73,61
Stellaria_media,148,279
Spergula_arvensis,65,219
Atriplex_hortensis,91,63
Atriplex_canescens,94,4
Atriplex_nummularia,26,15
Chenopodium_hybridum,117,10
Chenopodium_album,166,283
Chenopodium_giganteum,111,29
Dysphania_pumilio,29,75
Dysphania_ambrosioides,98,235
Alternanthera_bettzickiana,105,32
Alternanthera_pungens,65,118
Alternanthera_paronychioides,91,47
Alternanthera_philoxeroides,92,69
Gomphrena_celosioides,122,87
Gomphrena_globosa,120,89
Iresine_herbstii,101,6
Amaranthus_polygonoides,20,2
Amaranthus_cruentus,123,102
Amaranthus_dubius,53,46
Amaranthus_spinosus,121,149
Amaranthus_hypochondriacus,92,49
Amaranthus_caudatus,166,104
Amaranthus_retroflexus,117,209
Amaranthus_powellii,28,104
Amaranthus_hybridus,144,202
Amaranthus_standleyanus,19,4
Amaranthus_blitoides,96,103
Amaranthus_blitum,117,94
Amaranthus_tricolor,121,22
Amaranthus_viridis,159,206
Amaranthus_palmeri,37,52
Amaranthus_tuberculatus,18,27
Amaranthus_albus,101,158
Celosia_argentea,154,112
Homalocladium_platycladum,102,7
Fallopia_scandens,92,1
Antigonon_leptopus,103,130
Stylosanthes_guianensis,36,28
Trifolium_fragiferum,91,66
Trifolium_hybridum,96,151
Trifolium_repens,166,227
Trifolium_pratense,109,161
Trifolium_incarnatum,12,103
Trifolium_dubium,62,161
Medicago_sativa,166,282
Medicago_polymorpha,121,234
Medicago_minima,112,93
Melilotus_officinalis,167,118
Trigonella_foenumgraecum,108,16
Vicia_sativa,137,179
Vicia_villosa,93,122
Lotus_corniculatus,166,115
Securigera_varia,98,83
Sesbania_sesban,104,42
Sesbania_grandiflora,97,18
Sesbania_cannabina,112,11
Sesbania_herbacea,112,11
Robinia_pseudoacacia,108,169
Gliricidia_sepium,34,27
Calopogonium_mucunoides,97,35
Pachyrhizus_erosus,115,21
Desmodium_intortum,42,14
Desmodium_tortuosum,92,63
Desmodium_scorpiurus,97,11
Phaseolus_coccineus,116,13
Phaseolus_vulgaris,152,44
Macroptilium_atropurpureum,54,102
Macroptilium_lathyroides,109,66
Lablab_purpureus,169,90
Macrotyloma_uniflorum,89,5
Cajanus_cajan,169,56
Derris_elliptica,88,2
Tephrosia_candida,94,26
Canavalia_ensiformis,105,20
Centrosema_pubescens,97,36
Clitoria_ternatea,129,97
Indigofera_suffruticosa,112,52
Amorpha_fruticosa,103,53
Crotalaria_ochroleuca,70,11
Crotalaria_trichotoma,88,23
Crotalaria_lanceolata,86,40
Crotalaria_juncea,89,67
Crotalaria_micans,92,21
Crotalaria_incana,70,43
Ulex_europaeus,160,110
Dalbergia_sissoo,116,22
Aeschynomene_americana,97,33
Arachis_hypogaea,157,67
Acacia_mangium,39,31
Acacia_longifolia,12,41
Acacia_mearnsii,71,52
Acacia_dealbata,83,59
Acacia_decurrens,98,32
Albizia_lebbeck,137,90
Acacia_senegal,76,1
Pithecellobium_dulce,100,74
Mimosa_pudica,115,95
Mimosa_invisa,97,12
Mimosa_diplotricha,31,11
Mimosa_bimucronata,102,1
Mimosa_pigra,24,43
Desmanthus_virgatus,59,49
Leucaena_leucocephala,169,205
Neptunia_plena,59,26
Caesalpinia_pulcherrima,169,79
Senna_surattensis,169,18
Senna_fruticosa,79,15
Senna_occidentalis,169,207
Senna_hirsuta,64,60
Senna_sophera,94,23
Senna_bicapsularis,70,63
Senna_corymbosa,40,16
Senna_obtusifolia,105,93
Senna_tora,90,61
Chamaecrista_mimosoides,92,5
Senna_alata,86,127
Senna_siamea,86,51
Senna_didymobotrya,57,50
Cassia_floribunda,88,2
Polygala_paniculata,91,31
Pilea_microphylla,105,102
Cannabis_sativa,157,173
Ulmus_laevis,63,11
Cucumis_melo,123,89
Melothria_pendula,8,5
Sicyos_angulatus,35,15
Sechium_edule,89,27
Echinocystis_lobata,6,59
Momordica_charantia,117,140
Begonia_cucullata,69,10
Passiflora_suberosa,96,98
Passiflora_morifolia,18,3
Passiflora_quadrangularis,71,30
Passiflora_edulis,100,98
Passiflora_caerulea,111,44
Passiflora_foetida,169,100
Salix_fragilis,166,94
Phyllanthus_debilis,121,20
Phyllanthus_amarus,94,105
Phyllanthus_tenellus,20,95
Phyllanthus_niruri,108,7
Euphorbia_neriifolia,115,4
Euphorbia_milii,115,14
Euphorbia_tithymaloides,94,58
Euphorbia_prostrata,101,184
Euphorbia_maculata,108,130
Euphorbia_hypericifolia,137,34
Euphorbia_hyssopifolia,133,51
Euphorbia_nutans,16,29
Euphorbia_serpens,97,58
Euphorbia_marginata,115,52
Euphorbia_pulcherrima,102,13
Euphorbia_heterophylla,115,99
Euphorbia_cyathophora,94,138
Euphorbia_dentata,38,17
Euphorbia_peplus,97,215
Euphorbia_lathyris,136,85
Croton_hirtus,7,9
Codiaeum_variegatum,100,27
Manihot_esculenta,102,57
Ricinus_communis,145,350
Linum_usitatissimum,170,148
Linum_striatum,108,1
Oxalis_triangularis,13,2
Oxalis_pescaprae,65,86
Oxalis_latifolia,99,81
Oxalis_debilis,169,45
Oxalis_bowiei,42,22
Tribulus_cistoides,90,43
Sisymbrium_orientale,25,153
Sisymbrium_officinale,96,195
Sisymbrium_irio,114,149
Sisymbrium_altissimum,120,138
Brassica_juncea,137,183
Raphanus_raphanistrum,63,251
Diplotaxis_muralis,115,137
Sinapis_alba,65,93
Sinapis_arvensis,57,146
Alliaria_petiolata,94,50
Alyssum_alyssoides,94,64
Hesperis_matronalis,92,116
Bunias_orientalis,90,79
Erysimum_repandum,93,57
Capsella_bursapastoris,166,268
Cardamine_flexuosa,139,84
Nasturtium_officinale,114,198
Rorippa_amphibia,7,9
Armoracia_rusticana,96,118
Lepidium_didymum,115,219
Lepidium_virginicum,112,141
Lepidium_bonariense,13,75
Lepidium_densiflorum,98,103
Lepidium_campestre,97,83
Lobularia_maritima,105,157
Cleome_rutidosperma,64,43
Cleoserrata_speciosa,104,20
Reseda_lutea,98,78
Carica_papaya,115,155
Moringa_oleifera,95,65
Tropaeolum_majus,121,101
Waltheria_indica,179,21
Herissantia_crispa,90,7
Malvastrum_coromandelianum,135,128
Malvastrum_americanum,67,41
Abutilon_theophrasti,166,119
Sida_acuta,118,78
Hibiscus_trionum,145,121
Malachra_capitata,24,37
Corchorus_olitorius,169,48
Muntingia_calabura,88,49
Bixa_orellana,122,32
Citrus_aurantiifolia,100,51
Acer_negundo,121,105
Rhus_typhina,97,37
Clidemia_hirta,23,36
Eucalyptus_robusta,107,24
Eucalyptus_exserta,100,1
Eucalyptus_globulus,94,73
Psidium_guajava,169,156
Syzygium_jambos,169,83
Oenothera_villosa,63,34
Oenothera_tetraptera,87,31
Oenothera_stricta,105,81
Oenothera_parviflora,71,29
Oenothera_oakesiana,8,18
Oenothera_curtiflora,92,26
Oenothera_odorata,121,1
Oenothera_glazioviana,112,118
Oenothera_biennis,123,131
Oenothera_drummondii,92,27
Oenothera_laciniata,99,34
Gaura_mollis,92,3
Gaura_lindheimeri,112,20
Gaura_biennis,120,1
Oenothera_rosea,86,95
Oenothera_speciosa,45,37
Clarkia_pulchella,84,5
Ludwigia_leptocarpa,11,4
Ludwigia_hyssopifolia,95,24
Ammannia_coccinea,18,12
Rotala_ramosior,86,3
Cuphea_carthagenensis,55,43
Punica_granatum,131,72
Geranium_carolinianum,104,14
Geranium_molle,103,97
Erodium_moschatum,23,99
Parthenocissus_quinquefolia,122,66
Sedum_mexicanum,19,8
Kalanchoe_tubiflora,21,15
Bryophyllum_daigremontianum,44,9
Bryophyllum_delagoense,9,75
Bryophyllum_pinnatum,104,172
Myriophyllum_aquaticum,26,105
Ribes_nigrum,94,35
Ribes_uvacrispa,176,59
Ranunculus_sardous,12,40
Ranunculus_muricatus,96,82
Ranunculus_arvensis,94,39
Berberis_thunbergii,98,59
Papaver_nudicaule,161,9
Argemone_mexicana,159,160
Eschscholzia_californica,92,86
Sansevieria_trifasciata,104,63
Asparagus_densiflorus,102,20
Asparagus_setaceus,100,84
Cordyline_fruticosa,103,58
Agave_sisalana,68,80
Agave_americana,122,100
Nothoscordum_gracile,11,47
Zephyranthes_minuta,95,11
Zephyranthes_carinata,26,13
Zephyranthes_candida,93,23
Hippeastrum_striatum,12,5
Hippeastrum_vittatum,100,4
Sisyrinchium_micranthum,7,28
Eleutherine_bulbosa,86,21
Spartina_alterniflora,90,9
Spartina_anglica,43,18
Panicum_dichotomiflorum,114,52
Brachiaria_brizantha,42,52
Brachiaria_plantaginea,91,62
Brachiaria_mutica,91,141
Panicum_maximum,101,230
Melinis_repens,82,173
Melinis_minutiflora,92,108
Brachiaria_eruciformis,95,22
Pennisetum_polystachion,61,28
Cenchrus_purpureus,113,47
Cenchrus_incertus,7,33
Cenchrus_clandestinus,12,51
Cenchrus_echinatus,104,129
Pennisetum_purpureum,113,123
Pennisetum_glaucum,92,69
Pennisetum_clandestinum,12,83
Setaria_parviflora,169,74
Setaria_sphacelata,112,71
Paspalidium_flavidum,86,4
Panicum_acuminatum,87,10
Digitaria_ciliaris,112,193
Dichanthium_annulatum,153,68
Cymbopogon_nardus,112,5
Sorghum_halepense,111,258
Chrysopogon_zizanioides,25,18
Paspalum_dilatatum,103,177
Paspalum_urvillei,31,101
Paspalum_fimbriatum,51,12
Paspalum_virgatum,107,7
Paspalum_notatum,110,52
Paspalum_conjugatum,105,56
Paspalum_distichum,101,71
Axonopus_fissifolius,19,54
Axonopus_compressus,96,79
Cynodon_plectostachyus,52,22
Chloris_virgata,154,133
Chloris_gayana,104,162
Chloris_barbata,114,118
Eleusine_coracana,136,19
Dinebra_retroflexa,43,14
Buchloe_dactyloides,69,7
Eragrostis_curvula,69,119
Eragrostis_ciliaris,110,113
Vulpia_myuros,89,208
Festuca_rubra,125,98
Festuca_arundinacea,84,85
Lolium_remotum,46,9
Lolium_persicum,91,15
Lolium_rigidum,121,96
Lolium_multiflorum,107,187
Lolium_temulentum,74,148
Lolium_perenne,123,249
Parapholis_incurva,68,67
Dactylis_glomerata,174,220
Holcus_lanatus,120,186
Alopecurus_myosuroides,79,49
Poa_trivialis,71,100
Poa_pratensis,120,178
Poa_compressa,119,95
Poa_annua,166,253
Phleum_pratense,114,133
Phalaris_paradoxa,64,69
Phalaris_minor,97,141
Phalaris_canariensis,123,162
Avena_sterilis,91,46
Avena_fatua,137,204
Arrhenatherum_elatius,96,94
Hordeum_jubatum,96,113
Hordeum_bulbosum,98,8
Secale_cereale,112,102
Bromus_rigidus,89,58
Bromus_arvensis,166,66
Bromus_catharticus,69,182
Glyceria_maxima,108,33
Pleioblastus_gramineus,105,3
Ehrharta_erecta,24,34
Cyperus_surinamensis,13,4
Cyperus_prolifer,20,10
Cyperus_rotundus,178,178
Cyperus_esculentus,68,113
Kyllinga_polyphylla,12,7
Curcuma_longa,113,21
Etlingera_elatior,94,4
Canna_indica,169,142
Eichhornia_crassipes,114,193
Tradescantia_pallida,17,26
Tradescantia_zebrina,90,60
Tradescantia_fluminensis,19,64
Callisia_repens,19,19
Tinantia_erecta,8,2
Elaeis_guineensis,68,25
Pistia_stratiotes,109,101
Caladium_bicolor,79,19
Dieffenbachia_seguine,69,17
Sagittaria_graminea,64,1
Limnocharis_flava,19,10
Annona_glabra,79,13
Peperomia_pellucida,106,60
Piper_betle,98,3
Nymphaea_alba,108,18
Cabomba_caroliniana,24,30
