species,mrt,uses_nu,uses_cat
Gymnocoronis_spilanthoides,19,1,1
Helenium_autumnale,113,2,2
Tagetes_erecta,166,7,7
Parthenium_argentatum,69,2,2
Coreopsis_grandiflora,71,1,1
Grindelia_squarrosa,86,2,2
Erigeron_speciosus,35,1,1
Achillea_millefolium,166,6,5
Tanacetum_vulgare,146,7,6
Anthemis_arvensis,120,0,0
Erechtites_hieraciifolius,84,1,1
Sonchus_asper,111,0,0
Cichorium_intybus,166,4,4
Centaurea_diffusa,58,0,0
Cyanus_segetum,105,3,3
Silybum_marianum,83,5,5
Triodanis_perfoliata,16,0,0
Anthriscus_caucalis,113,0,0
Eryngium_foetidum,110,2,2
Salvia_coccinea,105,2,2
Salvia_sclarea,85,3,3
Stachys_arvensis,50,0,0
Justicia_adhatoda,169,5,3
Thunbergia_alata,169,1,1
Martynia_annua,58,2,2
Lantana_montevidensis,100,2,2
Verbena_bonariensis,26,1,1
Lindernia_rotundifolia,15,0,0
Plantago_aristata,123,0,0
Cymbalaria_muralis,71,1,1
Kickxia_elatine,169,0,0
Symphytum_officinale,42,7,5
Galium_aparine,137,1,1
Sherardia_arvensis,94,0,0
Diodia_virginiana,6,0,0
Asclepias_curassavica,169,3,3
Solanum_sarrachoides,43,0,0
Solanum_carolinense,65,2,2
Solanum_sisymbriifolium,121,1,1
Solanum_viarum,118,1,1
Solanum_pseudocapsicum,123,2,2
Solanum_scabrum,106,1,1
Physalis_ixocarpa,65,2,2
Physalis_pubescens,147,1,1
Physalis_peruviana,97,4,4
Datura_inoxia,97,2,2
Cestrum_nocturnum,124,3,3
Ipomoea_rubriflora,74,0,0
Ipomoea_hederifolia,80,1,1
Ipomoea_indica,169,1,1
Ipomoea_alba,89,1,1
Ipomoea_cordatotriloba,12,0,0
Merremia_tuberosa,58,1,1
Impatiens_walleriana,62,1,1
Opuntia_cochenillifera,38,4,3
Opuntia_stricta,112,2,2
Pereskia_aculeata,65,2,2
Talinum_fruticosum,104,2,2
Oxybaphus_nyctagineus,12,0,0
Rivina_humilis,123,2,2
Silene_gallica,115,1,1
Salicornia_bigelovii,21,2,2
Chenopodium_giganteum,111,2,2
Alternanthera_paronychioides,91,1,1
Gomphrena_celosioides,122,1,1
Amaranthus_tenuifolius,10,0,0
Amaranthus_dubius,53,2,2
Amaranthus_hypochondriacus,92,4,4
Amaranthus_standleyanus,19,0,0
Amaranthus_blitoides,96,0,0
Amaranthus_tricolor,121,3,3
Fallopia_scandens,92,0,0
Antigonon_leptopus,103,1,1
Stylosanthes_guianensis,36,3,2
Trifolium_hybridum,96,5,5
Trifolium_incarnatum,12,7,6
Medicago_minima,112,1,1
Vicia_sativa,137,0,0
Sesbania_sesban,104,7,4
Sesbania_grandiflora,97,8,6
Gliricidia_sepium,34,8,6
Desmodium_tortuosum,92,1,1
Macroptilium_atropurpureum,54,2,2
Macroptilium_lathyroides,109,3,2
Tephrosia_candida,94,3,1
Clitoria_ternatea,129,4,3
Indigofera_suffruticosa,112,5,4
Crotalaria_ochroleuca,70,0,0
Crotalaria_trichotoma,88,1,1
Crotalaria_lanceolata,86,2,2
Crotalaria_juncea,89,7,5
Crotalaria_micans,92,5,3
Crotalaria_incana,70,1,1
Acacia_mangium,39,6,5
Mimosa_diplotricha,31,3,2
Mimosa_pigra,24,0,0
Neptunia_plena,59,1,1
Senna_hirsuta,64,0,0
Chamaecrista_mimosoides,92,1,1
Senna_alata,86,3,2
Melothria_pendula,8,0,0
Sicyos_angulatus,35,0,0
Echinocystis_lobata,6,1,1
Passiflora_morifolia,18,2,2
Phyllanthus_debilis,121,0,0
Phyllanthus_amarus,94,1,1
Phyllanthus_tenellus,20,0,0
Phyllanthus_niruri,108,1,1
Euphorbia_nutans,16,1,1
Euphorbia_marginata,115,2,2
Oxalis_bowiei,42,1,1
Raphanus_raphanistrum,63,2,2
Diplotaxis_muralis,115,1,1
Lepidium_densiflorum,98,0,0
Malvastrum_americanum,67,0,0
Acer_negundo,121,5,3
Rhus_typhina,97,1,1
Clidemia_hirta,23,2,2
Psidium_guajava,169,2,2
Oenothera_villosa,63,2,2
Oenothera_tetraptera,87,0,0
Oenothera_stricta,105,4,4
Oenothera_parviflora,71,0,0
Oenothera_oakesiana,8,0,0
Oenothera_biennis,123,3,3
Oenothera_laciniata,99,0,0
Oenothera_speciosa,45,1,1
Clarkia_pulchella,84,1,1
Ludwigia_leptocarpa,11,0,0
Sonneratia_apetala,27,0,0
Parthenocissus_quinquefolia,122,3,3
Bryophyllum_daigremontianum,44,2,2
Bryophyllum_delagoense,9,2,2
Ranunculus_sardous,12,0,0
Sansevieria_trifasciata,104,2,2
Agave_sisalana,68,3,3
Nothoscordum_gracile,11,1,1
Melinis_minutiflora,92,2,2
Pennisetum_purpureum,113,4,3
Pennisetum_clandestinum,12,5,3
Setaria_parviflora,169,0,0
Setaria_sphacelata,112,0,0
Panicum_acuminatum,87,0,0
Cymbopogon_nardus,112,3,3
Chrysopogon_zizanioides,25,4,3
Paspalum_urvillei,31,2,2
Paspalum_fimbriatum,51,0,0
Paspalum_virgatum,107,0,0
Paspalum_notatum,110,4,3
Axonopus_compressus,96,4,2
Chloris_barbata,114,0,0
Dinebra_retroflexa,43,0,0
Buchloe_dactyloides,69,4,2
Lolium_remotum,46,0,0
Lolium_multiflorum,107,7,4
Lolium_perenne,123,7,4
Holcus_lanatus,120,2,2
Phleum_pratense,114,5,4
Phalaris_paradoxa,64,0,0
Phalaris_minor,97,3,3
Bromus_arvensis,166,3,2
Glyceria_maxima,108,3,3
Ehrharta_erecta,24,0,0
Cyperus_surinamensis,13,0,0
Sagittaria_graminea,64,0,0