species,mrt,natuRng
Zinnia_elegans,119,43
Zinnia_peruviana,98,49
Silphium_perfoliatum,76,19
Rudbeckia_hirta,121,47
Rudbeckia_laciniata,106,63
Ageratum_conyzoides,169,151
Ageratum_houstonianum,121,86
Chromolaena_odorata,86,62
Praxelis_clematidea,31,10
Eupatorium_cannabinum,99,13
Mikania_micrantha,90,37
Ageratina_adenophora,31,59
Gaillardia_aristata,107,22
Gaillardia_pulchella,114,52
Flaveria_bidentis,32,17
Galinsoga_parviflora,108,257
Galinsoga_quadriradiata,103,177
Tridax_procumbens,94,124
Acanthospermum_hispidum,86,111
Tithonia_rotundifolia,96,43
Tithonia_diversifolia,101,95
Ambrosia_artemisiifolia,65,111
Ambrosia_psilostachya,30,72
Ambrosia_trifida,113,32
Xanthium_strumarium,169,170
Xanthium_spinosum,5,186
Parthenium_hysterophorus,96,130
Acmella_radicans,8,31
Sphagneticola_trilobata,31,79
Synedrella_nodiflora,114,99
Calyptocarpus_vialis,24,41
Bidens_bipinnata,169,81
Bidens_frondosa,96,70
Coreopsis_lanceolata,113,70
Coreopsis_tinctoria,121,58
Coreopsis_basalis,72,9
Cosmos_sulphureus,100,105
Cosmos_bipinnatus,120,113
Pluchea_sagittalis,15,2
Aster_subulatus,89,64
Solidago_canadensis,108,97
Erigeron_sumatrensis,112,39
Erigeron_strigosus,55,24
Erigeron_annuus,121,86
Erigeron_philadelphicus,38,8
Erigeron_bonariensis,169,210
Conyza_sumatrensis,100,49
Erigeron_canadensis,144,238
Glebionis_coronaria,166,66
Tanacetum_parthenifolium,89,4
Leucanthemum_vulgare,112,181
Soliva_anthemifolia,96,49
Crassocephalum_rubens,12,2
Crassocephalum_crepidioides,98,80
Erechtites_valerianifolius,100,13
Crepis_tectorum,97,51
Sonchus_oleraceus,166,351
Sonchus_arvensis,143,71
Elephantopus_tomentosus,94,1
Pseudelephantopus_spicatus,97,34
Hippobroma_longiflora,93,43
Cyclospermum_leptophyllum,103,132
Ammi_majus,96,105
Conium_maculatum,120,176
Daucus_carota,166,138
Hydrocotyle_verticillata,14,9
Salvia_tiliifolia,42,14
Hyptis_suaveolens,104,67
Hyptis_brevipes,93,4
Hyptis_capitata,101,20
Ocimum_basilicum,117,55
Ruellia_tuberosa,92,55
Justicia_gendarussa,170,4
Dolichandra_unguiscati,96,60
Lantana_camara,169,194
Stachytarpheta_urticifolia,169,65
Stachytarpheta_jamaicensis,40,108
Torenia_fournieri,54,10
Mecardonia_procumbens,18,48
Veronica_polita,137,64
Veronica_persica,116,240
Veronica_arvensis,73,142
Veronica_hederifolia,37,56
Veronica_peregrina,119,82
Plantago_virginica,88,21
Stemodia_verticillata,2,7
Scoparia_dulcis,169,72
Borago_officinalis,86,121
Heliotropium_ellipticum,66,1
Heliotropium_europaeum,145,64
Mitracarpus_hirtus,43,40
Richardia_brasiliensis,64,68
Richardia_scabra,54,55
Spermacoce_alata,62,25
Spermacoce_remota,41,38
Calotropis_procera,138,78
Catharanthus_roseus,169,222
Ochrosia_elliptica,92,2
Solanum_erianthum,165,12
Solanum_elaeagnifolium,5,66
Solanum_torvum,128,72
Solanum_chrysotrichum,139,10
Solanum_rostratum,42,64
Solanum_capsicoides,145,41
Solanum_aculeatissimum,133,14
Physalis_lagascae,179,10
Physalis_angulata,146,164
Physalis_philadelphica,112,49
Datura_stramonium,163,293
Brugmansia_suaveolens,99,70
Nicandra_physalodes,93,188
Ipomoea_triloba,101,65
Ipomoea_mauritiana,90,9
Ipomoea_lacunosa,39,7
Ipomoea_quamoclit,105,84
Ipomoea_nil,123,112
Ipomoea_purpurea,102,155
Ipomoea_carnea,87,21
Cuscuta_approximata,166,16
Cuscuta_campestris,31,147
Jacquemontia_tamnifolia,41,18
Evolvulus_nummularius,21,42
Impatiens_balsamina,105,61
Opuntia_ficusindica,82,180
Opuntia_dillenii,104,53
Opuntia_monacantha,110,73
Portulaca_pilosa,112,59
Talinum_paniculatum,98,91
Anredera_vesicaria,45,5
Anredera_cordifolia,96,100
Basella_alba,110,35
Tetragonia_tetragonioides,48,73
Mirabilis_jalapa,131,214
Petiveria_alliacea,87,6
Phytolacca_americana,166,72
Vaccaria_hispanica,166,139
Silene_vulgaris,166,88
Agrostemma_githago,122,83
Cerastium_glomeratum,135,169
Stellaria_pallida,73,61
Stellaria_media,148,279
Atriplex_canescens,94,4
Atriplex_nummularia,26,15
Chenopodium_hybridum,117,10
Dysphania_pumilio,29,75
Dysphania_ambrosioides,98,235
Alternanthera_pungens,65,118
Alternanthera_philoxeroides,92,69
Amaranthus_polygonoides,20,2
Amaranthus_cruentus,123,102
Amaranthus_spinosus,121,149
Amaranthus_caudatus,166,104
Amaranthus_retroflexus,117,209
Amaranthus_powellii,28,104
Amaranthus_hybridus,144,202
Amaranthus_blitum,117,94
Amaranthus_viridis,159,206
Amaranthus_palmeri,37,52
Amaranthus_tuberculatus,18,27
Amaranthus_albus,101,158
Celosia_argentea,154,112
Trifolium_repens,166,227
Trifolium_pratense,109,161
Medicago_sativa,166,282
Medicago_polymorpha,121,234
Melilotus_officinalis,167,118
Vicia_villosa,93,122
Securigera_varia,98,83
Sesbania_cannabina,112,11
Sesbania_herbacea,112,11
Robinia_pseudoacacia,108,169
Calopogonium_mucunoides,97,35
Cajanus_cajan,169,56
Derris_elliptica,88,2
Centrosema_pubescens,97,36
Ulex_europaeus,160,110
Aeschynomene_americana,97,33
Acacia_longifolia,12,41
Acacia_mearnsii,71,52
Acacia_dealbata,83,59
Acacia_decurrens,98,32
Albizia_lebbeck,137,90
Acacia_senegal,76,1
Mimosa_pudica,115,95
Mimosa_invisa,97,12
Mimosa_bimucronata,102,1
Desmanthus_virgatus,59,49
Leucaena_leucocephala,169,205
Senna_fruticosa,79,15
Senna_occidentalis,169,207
Senna_sophera,94,23
Senna_bicapsularis,70,63
Senna_corymbosa,40,16
Senna_obtusifolia,105,93
Senna_didymobotrya,57,50
Pilea_microphylla,105,102
Cannabis_sativa,157,173
Begonia_cucullata,69,10
Passiflora_suberosa,96,98
Passiflora_quadrangularis,71,30
Passiflora_edulis,100,98
Passiflora_caerulea,111,44
Passiflora_foetida,169,100
Euphorbia_prostrata,101,184
Euphorbia_maculata,108,130
Euphorbia_hypericifolia,137,34
Euphorbia_hyssopifolia,133,51
Euphorbia_serpens,97,58
Euphorbia_pulcherrima,102,13
Euphorbia_heterophylla,115,99
Euphorbia_cyathophora,94,138
Euphorbia_dentata,38,17
Euphorbia_peplus,97,215
Croton_hirtus,7,9
Ricinus_communis,145,350
Oxalis_triangularis,13,2
Oxalis_latifolia,99,81
Oxalis_debilis,169,45
Alliaria_petiolata,94,50
Alyssum_alyssoides,94,64
Bunias_orientalis,90,79
Erysimum_repandum,93,57
Cardamine_flexuosa,139,84
Nasturtium_officinale,114,198
Rorippa_amphibia,7,9
Lepidium_didymum,115,219
Lepidium_virginicum,112,141
Lepidium_bonariense,13,75
Lepidium_campestre,97,83
Cleome_rutidosperma,64,43
Reseda_lutea,98,78
Waltheria_indica,179,21
Herissantia_crispa,90,7
Malvastrum_coromandelianum,135,128
Abutilon_theophrasti,166,119
Sida_acuta,118,78
Hibiscus_trionum,145,121
Corchorus_olitorius,169,48
Eucalyptus_robusta,107,24
Eucalyptus_exserta,100,1
Eucalyptus_globulus,94,73
Oenothera_curtiflora,92,26
Oenothera_glazioviana,112,118
Oenothera_drummondii,92,27
Gaura_mollis,92,3
Oenothera_rosea,86,95
Ammannia_coccinea,18,12
Cuphea_carthagenensis,55,43
Geranium_carolinianum,104,14
Bryophyllum_pinnatum,104,172
Myriophyllum_aquaticum,26,105
Ranunculus_muricatus,96,82
Ranunculus_arvensis,94,39
Argemone_mexicana,159,160
Asparagus_densiflorus,102,20
Agave_americana,122,100
Zephyranthes_minuta,95,11
Zephyranthes_carinata,26,13
Zephyranthes_candida,93,23
Hippeastrum_vittatum,100,4
Spartina_alterniflora,90,9
Spartina_anglica,43,18
Panicum_dichotomiflorum,114,52
Brachiaria_brizantha,42,52
Brachiaria_mutica,91,141
Panicum_maximum,101,230
Melinis_repens,82,173
Brachiaria_eruciformis,95,22
Pennisetum_polystachion,61,28
Cenchrus_purpureus,113,47
Cenchrus_incertus,7,33
Cenchrus_clandestinus,12,51
Cenchrus_echinatus,104,129
Sorghum_halepense,111,258
Paspalum_dilatatum,103,177
Paspalum_conjugatum,105,56
Paspalum_distichum,101,71
Axonopus_fissifolius,19,54
Chloris_gayana,104,162
Eragrostis_curvula,69,119
Festuca_rubra,125,98
Festuca_arundinacea,84,85
Lolium_persicum,91,15
Lolium_temulentum,74,148
Parapholis_incurva,68,67
Avena_sterilis,91,46
Avena_fatua,137,204
Arrhenatherum_elatius,96,94
Hordeum_jubatum,96,113
Secale_cereale,112,102
Bromus_catharticus,69,182
Cyperus_rotundus,178,178
Cyperus_esculentus,68,113
Eichhornia_crassipes,114,193
Tradescantia_pallida,17,26
Tradescantia_zebrina,90,60
Tradescantia_fluminensis,19,64
Callisia_repens,19,19
Tinantia_erecta,8,2
Pistia_stratiotes,109,101
Limnocharis_flava,19,10
Peperomia_pellucida,106,60
Cabomba_caroliniana,24,30