species,uses_nu,uses_cat,mrt
Zinnia_elegans,1,1,119
Zinnia_peruviana,0,0,98
Spilanthes_acmella,0,0,86
Silphium_perfoliatum,3,3,76
Sclerocarpus_africanus,0,0,46
Sanvitalia_procumbens,2,2,101
Rudbeckia_hirta,2,2,121
Rudbeckia_laciniata,2,2,106
Cota_tinctoria,2,2,91
Amberboa_moschata,1,1,166
Ageratum_conyzoides,3,3,169
Ageratum_houstonianum,2,2,121
Gymnocoronis_spilanthoides,1,1,19
Chromolaena_odorata,2,2,86
Praxelis_clematidea,0,0,31
Eupatorium_adenophorum,2,2,60
Eupatorium_cannabinum,2,2,99
Mikania_micrantha,0,0,90
Ageratina_adenophora,2,2,31
Gaillardia_aristata,1,1,107
Gaillardia_pulchella,1,1,114
Helenium_autumnale,2,2,113
Helenium_bigelovii,0,0,59
Tagetes_erecta,7,7,166
Flaveria_bidentis,1,1,32
Smallanthus_uvedalia,0,0,41
Galinsoga_parviflora,1,1,108
Galinsoga_quadriradiata,0,0,103
Tridax_procumbens,0,0,94
Acanthospermum_hispidum,1,1,86
Acanthospermum_australe,1,1,86
Tithonia_rotundifolia,2,2,96
Tithonia_diversifolia,1,1,101
Lagascea_mollis,0,0,57
Helianthus_laetiflorus,1,1,55
Helianthus_tuberosus,6,6,127
Helianthus_annuus,9,8,122
Ambrosia_artemisiifolia,2,2,65
Ambrosia_psilostachya,0,0,30
Ambrosia_trifida,1,1,113
Xanthium_strumarium,0,0,169
Xanthium_spinosum,1,1,5
Parthenium_hysterophorus,1,1,96
Parthenium_argentatum,2,2,69
Acmella_uliginosa,0,0,54
Acmella_radicans,0,0,8
Acmella_ciliata,0,0,50
Sphagneticola_trilobata,2,2,31
Eclipta_prostrata,1,1,169
Synedrella_nodiflora,0,0,114
Calyptocarpus_vialis,0,0,24
Bidens_bipinnata,2,2,169
Bidens_frondosa,1,1,96
Coreopsis_lanceolata,1,1,113
Coreopsis_tinctoria,1,1,121
Coreopsis_basalis,1,1,72
Coreopsis_grandiflora,1,1,71
Cosmos_sulphureus,3,2,100
Cosmos_bipinnatus,3,3,120
Dahlia_pinnata,2,2,116
Gnaphalium_purpureum,0,0,169
Gnaphalium_pensylvanicum,0,0,101
Gnaphalium_polycaulon,0,0,115
Pluchea_sagittalis,0,0,15
Grindelia_squarrosa,2,2,86
Aster_subulatus,0,0,89
Solidago_altissima,0,0,89
Solidago_canadensis,3,3,108
Erigeron_sumatrensis,0,0,112
Erigeron_speciosus,1,1,35
Erigeron_strigosus,1,1,55
Erigeron_annuus,1,1,121
Erigeron_karvinskianus,1,1,73
Erigeron_philadelphicus,1,1,38
Erigeron_bellioides,0,0,112
Erigeron_bonariensis,1,1,169
Conyza_sumatrensis,0,0,100
Erigeron_canadensis,2,2,144
Chrysanthemum_segetum,2,2,166
Glebionis_coronaria,2,2,166
Achillea_millefolium,6,5,166
Matricaria_matricarioides,1,1,69
Tanacetum_parthenifolium,1,1,89
Tanacetum_vulgare,7,6,146
Anthemis_arvensis,0,0,120
Leucanthemum_vulgare,2,2,112
Soliva_anthemifolia,0,0,96
Emilia_sonchifolia,3,3,138
Emilia_fosbergii,0,0,26
Crassocephalum_rubens,0,0,12
Crassocephalum_crepidioides,2,2,98
Erechtites_valerianifolia,0,0,98
Erechtites_hieracifolia,0,0,89
Erechtites_hieraciifolius,1,1,84
Erechtites_valerianifolius,0,0,100
Crepis_tectorum,0,0,97
Hypochaeris_radicata,0,0,103
Sonchus_asper,0,0,111
Sonchus_oleraceus,1,1,166
Sonchus_arvensis,0,0,143
Lactuca_sativa,2,2,166
Cichorium_intybus,4,4,166
Elephantopus_tomentosus,1,1,94
Pseudelephantopus_spicatus,1,1,97
Centaurea_diffusa,0,0,58
Cyanus_segetum,3,3,105
Carthamus_tinctorius,8,7,166
Saussurea_costus,3,3,67
Silybum_marianum,5,5,83
Triodanis_perfoliata,0,0,16
Hippobroma_longiflora,1,1,93
Coriandrum_sativum,4,4,169
Cyclospermum_leptophyllum,0,0,103
Ammi_majus,3,3,96
Foeniculum_vulgare,3,3,166
Conium_maculatum,3,3,120
Daucus_carota,2,2,166
Anthriscus_caucalis,0,0,113
Eryngium_foetidum,2,2,110
Hydrocotyle_vulgaris,0,0,43
Hydrocotyle_verticillata,0,0,14
Lonicera_sempervirens,1,1,87
Mentha_spicata,4,4,106
Prunella_grandiflora,0,0,62
Salvia_tiliifolia,0,0,42
Salvia_coccinea,2,2,105
Salvia_sclarea,3,3,85
Rosmarinus_officinalis,5,5,12
Hyptis_suaveolens,1,1,104
Hyptis_brevipes,1,1,93
Hyptis_capitata,0,0,101
Ocimum_basilicum,4,4,117
Stachys_arvensis,0,0,50
Orobanche_brassicae,0,0,45
Ruellia_tuberosa,0,0,92
Ruellia_simplex,1,1,28
Andrographis_paniculata,1,1,98
Justicia_gendarussa,3,2,170
Justicia_adhatoda,5,3,169
Thunbergia_alata,1,1,169
Martynia_annua,2,2,58
Pyrostegia_venusta,2,2,101
Dolichandra_unguiscati,3,3,96
Lantana_montevidensis,2,2,100
Lantana_camara,3,3,169
Verbena_bonariensis,1,1,26
Stachytarpheta_urticifolia,0,0,169
Stachytarpheta_jamaicensis,1,1,40
Duranta_erecta,3,3,112
Lindernia_dubia,0,0,17
Lindernia_rotundifolia,0,0,15
Torenia_fournieri,1,1,54
Mecardonia_procumbens,0,0,18
Veronica_polita,0,0,137
Veronica_persica,0,0,116
Veronica_arvensis,0,0,73
Veronica_hederifolia,0,0,37
Veronica_peregrina,2,2,119
Plantago_virginica,0,0,88
Plantago_lanceolata,2,2,123
Plantago_aristata,0,0,123
Digitalis_purpurea,3,3,100
Cymbalaria_muralis,1,1,71
Kickxia_elatine,0,0,169
Stemodia_verticillata,0,0,2
Scoparia_dulcis,1,1,169
Jasminum_sambac,5,5,115
Myosotis_arvensis,1,1,10
Borago_officinalis,5,5,86
Symphytum_officinale,7,5,42
Heliotropium_ellipticum,0,0,66
Heliotropium_europaeum,2,2,145
Galium_aparine,1,1,137
Sherardia_arvensis,0,0,94
Mitracarpus_hirtus,0,0,43
Richardia_brasiliensis,0,0,64
Richardia_scabra,0,0,54
Spermacoce_alata,0,0,62
Spermacoce_remota,0,0,41
Diodia_virginiana,0,0,6
Morinda_lucida,2,2,21
Mussaenda_erythrophylla,0,0,103
Cinchona_officinalis,1,1,94
Cinchona_pubescens,3,3,94
Cinchona_calisaya,2,2,90
Cascabela_thevetia,4,4,101
Asclepias_curassavica,3,3,169
Calotropis_procera,2,2,138
Voacanga_africana,1,1,50
Rauvolfia_tetraphylla,2,2,62
Catharanthus_roseus,2,2,169
Ochrosia_elliptica,3,3,92
Plumeria_rubra,2,2,105
Solanum_sarrachoides,0,0,43
Solanum_erianthum,1,1,165
Solanum_elaeagnifolium,1,1,5
Solanum_torvum,2,2,128
Solanum_chrysotrichum,1,1,139
Solanum_donianum,0,0,108
Solanum_carolinense,2,2,65
Solanum_rostratum,1,1,42
Solanum_wrightii,2,1,169
Solanum_sisymbriifolium,1,1,121
Solanum_capsicoides,3,3,145
Solanum_aculeatissimum,3,3,133
Solanum_viarum,1,1,118
Solanum_pseudocapsicum,2,2,123
Solanum_betaceum,1,1,67
Solanum_scabrum,1,1,106
Solanum_seaforthianum,2,2,87
Solanum_lycopersicum,3,3,167
Physalis_lagascae,0,0,179
Physalis_ixocarpa,2,2,65
Physalis_angulata,1,1,146
Physalis_pubescens,1,1,147
Physalis_philadelphica,2,2,112
Physalis_peruviana,4,4,97
Capsicum_annuum,2,2,129
Datura_inoxia,2,2,97
Datura_stramonium,5,4,163
Brugmansia_suaveolens,2,2,99
Nicandra_physalodes,2,2,93
Nicotiana_alata,2,2,91
Nicotiana_plumbaginifolia,0,0,86
Petunia_hybrida,1,1,109
Cestrum_nocturnum,3,3,124
Ipomoea_turbinata,3,3,46
Ipomoea_triloba,1,1,101
Ipomoea_mauritiana,1,1,90
Ipomoea_lacunosa,0,0,39
Ipomoea_rubriflora,0,0,74
Ipomoea_hederifolia,1,1,80
Ipomoea_quamoclit,1,1,105
Ipomoea_indica,1,1,169
Ipomoea_nil,2,2,123
Ipomoea_purpurea,3,3,102
Ipomoea_alba,1,1,89
Ipomoea_trifida,0,0,39
Ipomoea_batatas,5,5,137
Ipomoea_cordatotriloba,0,0,12
Ipomoea_carnea,0,0,87
Ipomoea_eriocarpa,2,2,93
Argyreia_nervosa,3,3,88
Merremia_tuberosa,1,1,58
Cuscuta_approximata,0,0,166
Cuscuta_campestris,0,0,31
Jacquemontia_tamnifolia,0,0,41
Evolvulus_nummularius,0,0,21
Anagallis_arvensis,2,2,122
Impatiens_balsamina,3,3,105
Impatiens_walleriana,1,1,62
Deutzia_crenata,1,1,100
Epiphyllum_oxypetalum,2,2,93
Opuntia_cochenillifera,4,3,38
Opuntia_ficusindica,6,6,82
Opuntia_dillenii,3,3,104
Opuntia_stricta,2,2,112
Nopalea_cochenillifera,5,5,104
Opuntia_monacantha,3,3,110
Pereskia_aculeata,2,2,65
Portulaca_oleracea,5,5,169
Portulaca_pilosa,1,1,112
Portulaca_grandiflora,2,2,105
Talinum_fruticosum,2,2,104
Talinum_paniculatum,2,2,98
Anredera_vesicaria,1,1,45
Anredera_cordifolia,3,3,96
Basella_alba,4,4,110
Mollugo_verticillata,0,0,86
Tetragonia_tetragonioides,0,0,48
Boerhavia_erecta,0,0,51
Mirabilis_jalapa,3,3,131
Oxybaphus_nyctagineus,0,0,12
Bougainvillea_spectabilis,2,2,106
Bougainvillea_glabra,2,2,100
Rivina_humilis,2,2,123
Petiveria_alliacea,1,1,87
Phytolacca_americana,5,5,166
Vaccaria_hispanica,3,3,166
Silene_gallica,1,1,115
Silene_vulgaris,1,1,166
Silene_armeria,1,1,105
Agrostemma_githago,3,3,122
Dianthus_sylvestris,0,0,69
Saponaria_officinalis,4,4,110
Cerastium_fontanum,0,0,114
Cerastium_glomeratum,0,0,135
Stellaria_pallida,0,0,73
Stellaria_media,3,3,148
Spergula_arvensis,1,1,65
Salicornia_bigelovii,2,2,21
Atriplex_hortensis,1,1,91
Atriplex_canescens,4,3,94
Atriplex_nummularia,1,1,26
Chenopodium_hybridum,1,1,117
Chenopodium_album,3,3,166
Chenopodium_giganteum,2,2,111
Dysphania_pumilio,0,0,29
Dysphania_ambrosioides,4,4,98
Alternanthera_bettzickiana,4,2,105
Alternanthera_pungens,1,1,65
Alternanthera_paronychioides,1,1,91
Alternanthera_philoxeroides,3,3,92
Gomphrena_celosioides,1,1,122
Gomphrena_globosa,2,2,120
Iresine_herbstii,3,3,101
Amaranthus_tortuosus,0,0,53
Amaranthus_tenuifolius,0,0,10
Amaranthus_polygonoides,0,0,20
Amaranthus_cruentus,2,2,123
Amaranthus_dubius,2,2,53
Amaranthus_spinosus,3,3,121
Amaranthus_hypochondriacus,4,4,92
Amaranthus_caudatus,4,4,166
Amaranthus_retroflexus,5,5,117
Amaranthus_powellii,1,1,28
Amaranthus_hybridus,1,1,144
Amaranthus_standleyanus,0,0,19
Amaranthus_blitoides,0,0,96
Amaranthus_blitum,1,1,117
Amaranthus_tricolor,3,3,121
Amaranthus_viridis,3,3,159
Amaranthus_palmeri,1,1,37
Amaranthus_tuberculatus,0,0,18
Amaranthus_albus,1,1,101
Celosia_argentea,4,4,154
Homalocladium_platycladum,1,1,102
Fallopia_scandens,0,0,92
Antigonon_leptopus,1,1,103
Stylosanthes_guianensis,3,2,36
Trifolium_fragiferum,1,1,91
Trifolium_hybridum,5,5,96
Trifolium_repens,7,5,166
Trifolium_pratense,7,7,109
Trifolium_incarnatum,7,6,12
Trifolium_dubium,4,3,62
Medicago_sativa,4,4,166
Medicago_polymorpha,2,2,121
Medicago_minima,1,1,112
Melilotus_officinalis,0,0,167
Trigonella_foenumgraecum,5,5,108
Vicia_sativa,0,0,137
Vicia_villosa,2,2,93
Lotus_corniculatus,4,4,166
Securigera_varia,5,4,98
Sesbania_sesban,7,4,104
Sesbania_grandiflora,8,6,97
Sesbania_cannabina,5,4,112
Sesbania_herbacea,0,0,112
Robinia_pseudoacacia,11,6,108
Gliricidia_sepium,8,6,34
Calopogonium_mucunoides,5,2,97
Pachyrhizus_erosus,5,5,115
Desmodium_intortum,1,1,42
Desmodium_tortuosum,1,1,92
Desmodium_scorpiurus,0,0,97
Phaseolus_coccineus,3,3,116
Phaseolus_vulgaris,0,0,152
Macroptilium_atropurpureum,2,2,54
Macroptilium_lathyroides,3,2,109
Lablab_purpureus,2,2,169
Macrotyloma_uniflorum,6,4,89
Erythrina_bidwillii,0,0,105
Cajanus_cajan,9,6,169
Derris_elliptica,2,2,88
Tephrosia_candida,3,1,94
Canavalia_ensiformis,7,6,105
Centrosema_pubescens,3,2,97
Clitoria_ternatea,4,3,129
Indigofera_suffruticosa,5,4,112
Amorpha_fruticosa,8,3,103
Crotalaria_ochroleuca,0,0,70
Crotalaria_trichotoma,1,1,88
Crotalaria_lanceolata,2,2,86
Crotalaria_juncea,7,5,89
Crotalaria_micans,5,3,92
Crotalaria_incana,1,1,70
Ulex_europaeus,5,2,160
Dalbergia_sissoo,6,3,116
Aeschynomene_americana,2,2,97
Arachis_hypogaea,8,7,157
Arachis_duranensis,0,0,21
Acacia_mangium,6,5,39
Acacia_longifolia,2,1,12
Acacia_mearnsii,8,4,71
Acacia_dealbata,9,4,83
Acacia_decurrens,5,3,98
Albizia_lebbeck,11,5,137
Acacia_senegal,8,6,76
Pithecellobium_dulce,9,6,100
Mimosa_pudica,3,2,115
Mimosa_invisa,0,0,97
Mimosa_diplotricha,3,2,31
Mimosa_bimucronata,0,0,102
Mimosa_pigra,0,0,24
Desmanthus_virgatus,1,1,59
Leucaena_leucocephala,10,6,169
Neptunia_plena,1,1,59
Caesalpinia_pulcherrima,3,3,169
Senna_surattensis,0,0,169
Senna_fruticosa,0,0,79
Senna_occidentalis,5,5,169
Senna_hirsuta,0,0,64
Senna_sophera,1,1,94
Senna_bicapsularis,2,2,70
Senna_corymbosa,1,1,40
Senna_obtusifolia,1,1,105
Senna_tora,2,2,90
Chamaecrista_mimosoides,1,1,92
Senna_alata,3,2,86
Senna_siamea,5,2,86
Senna_didymobotrya,3,2,57
Cassia_floribunda,3,1,88
Polygala_paniculata,0,0,91
Pilea_microphylla,1,1,105
Cannabis_sativa,2,2,157
Ulmus_laevis,2,1,63
Cucumis_melo,2,2,123
Melothria_pendula,0,0,8
Sicyos_angulatus,0,0,35
Sechium_edule,3,3,89
Echinocystis_lobata,1,1,6
Momordica_charantia,3,3,117
Begonia_cucullata,2,2,69
Elatine_americana,0,0,69
Passiflora_suberosa,1,1,96
Passiflora_morifolia,2,2,18
Passiflora_quadrangularis,2,2,71
Passiflora_edulis,4,4,100
Passiflora_caerulea,3,3,111
Passiflora_foetida,2,2,169
Salix_fragilis,6,5,166
Phyllanthus_debilis,0,0,121
Phyllanthus_amarus,1,1,94
Phyllanthus_tenellus,0,0,20
Phyllanthus_niruri,1,1,108
Euphorbia_neriifolia,3,3,115
Euphorbia_antiquorum,2,2,105
Euphorbia_milii,4,4,115
Euphorbia_tithymaloides,3,3,94
Euphorbia_prostrata,2,2,101
Euphorbia_maculata,1,1,108
Euphorbia_hypericifolia,1,1,137
Euphorbia_hyssopifolia,1,1,133
Euphorbia_nutans,1,1,16
Euphorbia_serpens,0,0,97
Euphorbia_marginata,2,2,115
Euphorbia_pulcherrima,4,4,102
Euphorbia_heterophylla,1,1,115
Euphorbia_cyathophora,4,4,94
Euphorbia_dentata,1,1,38
Euphorbia_peplus,2,2,97
Euphorbia_lathyris,4,4,136
Croton_hirtus,0,0,7
Codiaeum_variegatum,1,1,100
Manihot_esculenta,2,2,102
Ricinus_communis,8,7,145
Linum_usitatissimum,7,6,170
Linum_striatum,0,0,108
Oxalis_triangularis,0,0,13
Oxalis_pescaprae,3,3,65
Oxalis_latifolia,2,2,99
Oxalis_debilis,0,0,169
Oxalis_bowiei,1,1,42
Tribulus_cistoides,0,0,90
Sisymbrium_orientale,0,0,25
Sisymbrium_officinale,1,1,96
Sisymbrium_irio,0,0,114
Sisymbrium_altissimum,0,0,120
Brassica_juncea,6,6,137
Raphanus_raphanistrum,2,2,63
Diplotaxis_muralis,1,1,115
Sinapis_alba,2,2,65
Sinapis_arvensis,1,1,57
Eutrema_japonicum,2,2,25
Alliaria_petiolata,2,2,94
Alyssum_alyssoides,1,1,94
Hesperis_matronalis,2,2,92
Bunias_orientalis,2,2,90
Erysimum_repandum,0,0,93
Capsella_bursapastoris,4,4,166
Cardamine_flexuosa,1,1,139
Nasturtium_officinale,2,2,114
Rorippa_amphibia,0,0,7
Armoracia_rusticana,5,5,96
Lepidium_didymum,0,0,115
Lepidium_virginicum,2,2,112
Lepidium_bonariense,0,0,13
Lepidium_densiflorum,0,0,98
Lepidium_campestre,0,0,97
Lobularia_maritima,2,2,105
Cleome_rutidosperma,0,0,64
Cleoserrata_speciosa,1,1,104
Reseda_lutea,0,0,98
Carica_papaya,5,4,115
Moringa_oleifera,9,5,95
Tropaeolum_majus,3,3,121
Waltheria_indica,2,2,179
Herissantia_crispa,0,0,90
Malvastrum_coromandelianum,1,1,135
Malvastrum_americanum,0,0,67
Abutilon_theophrasti,4,3,166
Sida_acuta,2,2,118
Hibiscus_trionum,1,1,145
Malachra_capitata,1,1,24
Corchorus_olitorius,3,3,169
Muntingia_calabura,4,4,88
Bixa_orellana,4,3,122
Citrus_aurantiifolia,6,6,100
Acer_negundo,5,3,121
Rhus_typhina,1,1,97
Clidemia_hirta,2,2,23
Eucalyptus_robusta,2,2,107
Eucalyptus_exserta,1,1,100
Eucalyptus_globulus,10,6,94
Psidium_guajava,2,2,169
Syzygium_jambos,2,2,169
Oenothera_villosa,2,2,63
Oenothera_tetraptera,0,0,87
Oenothera_stricta,4,4,105
Oenothera_parviflora,0,0,71
Oenothera_oakesiana,0,0,8
Oenothera_curtiflora,0,0,92
Oenothera_odorata,0,0,121
Oenothera_glazioviana,3,3,112
Oenothera_biennis,3,3,123
Oenothera_drummondii,1,1,92
Oenothera_laciniata,0,0,99
Gaura_mollis,0,0,92
Gaura_lindheimeri,0,0,112
Gaura_biennis,0,0,120
Oenothera_rosea,1,1,86
Oenothera_speciosa,1,1,45
Clarkia_pulchella,1,1,84
Ludwigia_leptocarpa,0,0,11
Ludwigia_hyssopifolia,1,1,95
Sonneratia_apetala,0,0,27
Ammannia_coccinea,0,0,18
Rotala_ramosior,0,0,86
Cuphea_carthagenensis,2,2,55
Punica_granatum,4,3,131
Geranium_carolinianum,1,1,104
Geranium_molle,0,0,103
Erodium_moschatum,1,1,23
Parthenocissus_quinquefolia,3,3,122
Sedum_mexicanum,3,1,19
Kalanchoe_tubiflora,2,2,21
Bryophyllum_daigremontianum,2,2,44
Bryophyllum_delagoense,2,2,9
Bryophyllum_pinnatum,3,3,104
Myriophyllum_aquaticum,1,1,26
Ribes_nigrum,3,3,94
Ribes_uvacrispa,3,3,176
Ranunculus_sardous,0,0,12
Ranunculus_muricatus,0,0,96
Ranunculus_arvensis,1,1,94
Berberis_thunbergii,3,3,98
Papaver_nudicaule,2,2,161
Argemone_mexicana,2,2,159
Eschscholzia_californica,3,3,92
Sansevieria_trifasciata,2,2,104
Asparagus_densiflorus,1,1,102
Asparagus_setaceus,0,0,100
Cordyline_fruticosa,2,2,103
Agave_sisalana,3,3,68
Agave_americana,4,4,122
Nothoscordum_gracile,1,1,11
Zephyranthes_minuta,0,0,95
Zephyranthes_carinata,1,1,26
Zephyranthes_candida,1,1,93
Hippeastrum_striatum,0,0,12
Hippeastrum_vittatum,1,1,100
Sisyrinchium_atlanticum,0,0,35
Sisyrinchium_micranthum,1,1,7
Eleutherine_bulbosa,0,0,86
Spartina_alterniflora,3,3,90
Spartina_anglica,4,4,43
Panicum_dichotomiflorum,0,0,114
Brachiaria_brizantha,2,2,42
Brachiaria_plantaginea,0,0,91
Brachiaria_mutica,3,3,91
Panicum_maximum,3,3,101
Melinis_repens,3,1,82
Melinis_minutiflora,2,2,92
Brachiaria_eruciformis,1,1,95
Pennisetum_polystachion,0,0,61
Cenchrus_purpureus,4,3,113
Cenchrus_incertus,0,0,7
Cenchrus_clandestinus,5,3,12
Cenchrus_echinatus,0,0,104
Cenchrus_caliculatus,0,0,50
Pennisetum_purpureum,4,3,113
Pennisetum_glaucum,6,4,92
Pennisetum_clandestinum,5,3,12
Setaria_parviflora,0,0,169
Setaria_sphacelata,0,0,112
Paspalidium_flavidum,1,1,86
Panicum_acuminatum,0,0,87
Digitaria_ciliaris,2,2,112
Dichanthium_annulatum,0,0,153
Cymbopogon_nardus,3,3,112
Sorghum_halepense,3,3,111
Chrysopogon_zizanioides,4,3,25
Paspalum_dilatatum,4,4,103
Paspalum_urvillei,2,2,31
Paspalum_fimbriatum,0,0,51
Paspalum_virgatum,0,0,107
Paspalum_notatum,4,3,110
Paspalum_conjugatum,1,1,105
Paspalum_distichum,4,4,101
Axonopus_fissifolius,3,2,19
Axonopus_compressus,4,2,96
Cynodon_plectostachyus,3,3,52
Chloris_virgata,3,3,154
Chloris_gayana,3,3,104
Chloris_barbata,0,0,114
Eleusine_coracana,3,3,136
Dinebra_retroflexa,0,0,43
Buchloe_dactyloides,4,2,69
Eragrostis_curvula,4,3,69
Eragrostis_ciliaris,1,1,110
Vulpia_myuros,3,1,89
Festuca_rubra,3,2,125
Festuca_arundinacea,5,3,84
Lolium_remotum,0,0,46
Lolium_persicum,0,0,91
Lolium_rigidum,1,1,121
Lolium_multiflorum,7,4,107
Lolium_temulentum,2,2,74
Lolium_perenne,7,4,123
Parapholis_incurva,0,0,68
Dactylis_glomerata,4,4,174
Holcus_lanatus,2,2,120
Alopecurus_myosuroides,0,0,79
Poa_trivialis,3,3,71
Poa_pratensis,6,3,120
Poa_compressa,3,2,119
Poa_annua,1,1,166
Phleum_pratense,5,4,114
Phalaris_paradoxa,0,0,64
Phalaris_minor,3,3,97
Phalaris_canariensis,4,4,123
Avena_sterilis,2,2,91
Avena_fatua,5,5,137
Arrhenatherum_elatius,3,2,96
Hordeum_jubatum,1,1,96
Hordeum_bulbosum,1,1,98
Secale_cereale,2,2,112
Bromus_rigidus,0,0,89
Bromus_arvensis,3,2,166
Bromus_catharticus,1,1,69
Glyceria_maxima,3,3,108
Pleioblastus_gramineus,2,1,105
Ehrharta_erecta,0,0,24
Cyperus_surinamensis,0,0,13
Cyperus_prolifer,1,1,20
Cyperus_rotundus,6,5,178
Cyperus_esculentus,0,0,68
Kyllinga_polyphylla,0,0,12
Rhynchospora_submarginata,0,0,86
Curcuma_longa,5,3,113
Etlingera_elatior,2,2,94
Canna_indica,8,5,169
Eichhornia_crassipes,6,4,114
Tradescantia_pallida,1,1,17
Tradescantia_zebrina,1,1,90
Tradescantia_fluminensis,1,1,19
Callisia_repens,3,1,19
Tinantia_erecta,0,0,8
Elaeis_guineensis,7,5,68
Lilium_hansonii,1,1,73
Pistia_stratiotes,3,3,109
Caladium_bicolor,3,3,79
Dieffenbachia_seguine,3,3,69
Potamogeton_vaseyi,0,0,41
Sagittaria_graminea,0,0,64
Limnocharis_flava,1,1,19
Annona_glabra,3,3,79
Peperomia_pellucida,3,3,106
Piper_betle,3,3,98
Nymphaea_alba,3,3,108
Cabomba_caroliniana,1,1,24
