species,mrt,habitat,habitat_cat
Gymnocoronis_spilanthoides,19,11,5
Helenium_autumnale,113,5,2
Tagetes_erecta,166,7,2
Coreopsis_grandiflora,71,4,2
Erigeron_speciosus,35,2,1
Achillea_millefolium,166,13,3
Tanacetum_vulgare,146,6,2
Anthemis_arvensis,120,3,1
Erechtites_hieraciifolius,84,7,2
Sonchus_asper,111,9,3
Cichorium_intybus,166,4,3
Centaurea_diffusa,58,6,2
Silybum_marianum,83,6,3
Triodanis_perfoliata,16,3,2
Eryngium_foetidum,110,3,1
Salvia_sclarea,85,4,2
Stachys_arvensis,50,10,3
Thunbergia_alata,169,7,3
Martynia_annua,58,2,2
Lindernia_rotundifolia,15,2,2
Plantago_aristata,123,3,2
Cymbalaria_muralis,71,2,1
Kickxia_elatine,169,1,1
Symphytum_officinale,42,2,2
Galium_aparine,137,5,2
Sherardia_arvensis,94,2,2
Diodia_virginiana,6,6,3
Asclepias_curassavica,169,10,2
Solanum_carolinense,65,4,2
Solanum_sisymbriifolium,121,7,2
Solanum_viarum,118,11,2
Physalis_pubescens,147,4,2
Physalis_peruviana,97,8,2
Datura_inoxia,97,3,2
Cestrum_nocturnum,124,6,3
Ipomoea_hederifolia,80,6,2
Ipomoea_indica,169,5,2
Ipomoea_alba,89,7,3
Ipomoea_cordatotriloba,12,3,2
Merremia_tuberosa,58,7,3
Impatiens_walleriana,62,8,3
Opuntia_stricta,112,10,3
Talinum_fruticosum,104,3,2
Rivina_humilis,123,11,2
Silene_gallica,115,6,3
Salicornia_bigelovii,21,4,1
Chenopodium_giganteum,111,1,1
Gomphrena_celosioides,122,3,2
Amaranthus_dubius,53,8,2
Amaranthus_tricolor,121,4,1
Fallopia_scandens,92,3,1
Antigonon_leptopus,103,10,3
Trifolium_hybridum,96,4,2
Medicago_minima,112,2,1
Vicia_sativa,137,4,2
Sesbania_sesban,104,17,4
Sesbania_grandiflora,97,9,3
Gliricidia_sepium,34,7,3
Desmodium_tortuosum,92,1,1
Macroptilium_atropurpureum,54,8,3
Macroptilium_lathyroides,109,3,2
Tephrosia_candida,94,9,3
Clitoria_ternatea,129,7,3
Indigofera_suffruticosa,112,9,3
Crotalaria_ochroleuca,70,8,3
Crotalaria_trichotoma,88,3,2
Crotalaria_lanceolata,86,4,2
Crotalaria_juncea,89,3,2
Crotalaria_micans,92,3,1
Crotalaria_incana,70,4,2
Acacia_mangium,39,7,3
Mimosa_diplotricha,31,12,3
Mimosa_pigra,24,4,2
Neptunia_plena,59,2,2
Senna_hirsuta,64,8,2
Chamaecrista_mimosoides,92,2,1
Senna_alata,86,6,2
Melothria_pendula,8,1,1
Sicyos_angulatus,35,5,2
Echinocystis_lobata,6,7,2
Phyllanthus_amarus,94,1,1
Phyllanthus_niruri,108,1,1
Euphorbia_nutans,16,1,1
Euphorbia_marginata,115,3,1
Diplotaxis_muralis,115,3,2
Lepidium_densiflorum,98,3,2
Malvastrum_americanum,67,2,1
Acer_negundo,121,3,2
Rhus_typhina,97,12,3
Clidemia_hirta,23,8,2
Psidium_guajava,169,8,2
Oenothera_villosa,63,3,3
Oenothera_tetraptera,87,3,2
Oenothera_parviflora,71,2,2
Oenothera_oakesiana,8,3,2
Oenothera_biennis,123,2,2
Oenothera_laciniata,99,4,2
Clarkia_pulchella,84,5,2
Sonneratia_apetala,27,6,2
Parthenocissus_quinquefolia,122,7,3
Bryophyllum_daigremontianum,44,2,1
Bryophyllum_delagoense,9,3,1
Sansevieria_trifasciata,104,7,3
Agave_sisalana,68,13,3
Melinis_minutiflora,92,8,2
Pennisetum_purpureum,113,10,2
Pennisetum_clandestinum,12,11,3
Setaria_parviflora,169,11,3
Setaria_sphacelata,112,8,2
Cymbopogon_nardus,112,4,2
Chrysopogon_zizanioides,25,12,3
Paspalum_urvillei,31,13,4
Paspalum_fimbriatum,51,1,1
Paspalum_virgatum,107,8,3
Paspalum_notatum,110,8,3
Axonopus_compressus,96,4,2
Chloris_barbata,114,10,3
Dinebra_retroflexa,43,2,1
Buchloe_dactyloides,69,2,2
Lolium_remotum,46,2,1
Lolium_multiflorum,107,7,3
Lolium_perenne,123,6,2
Holcus_lanatus,120,8,2
Phleum_pratense,114,10,3
Phalaris_paradoxa,64,3,2
Phalaris_minor,97,1,1
Bromus_arvensis,166,3,1
Glyceria_maxima,108,3,2
Ehrharta_erecta,24,8,3
Cyperus_surinamensis,13,1,1
Sagittaria_graminea,64,5,3