species,mrt,sla
Cota_tinctoria,91,18.05222919
Helianthus_laetiflorus,55,7.893891563
Helianthus_tuberosus,127,23.13122929
Helianthus_annuus,122,16.67999388
Eclipta_prostrata,169,27.77777778
Gnaphalium_purpureum,169,8.120670101
Erigeron_karvinskianus,73,28.35293137
Matricaria_matricarioides,69,18.75
Hypochaeris_radicata,103,40.00885658
Lactuca_sativa,166,20.52
Carthamus_tinctorius,166,14.15
Coriandrum_sativum,169,47.427
Foeniculum_vulgare,166,9.70662445
Hydrocotyle_vulgaris,43,29.38943405
Mentha_spicata,106,22.5
Prunella_grandiflora,62,17.67218503
Rosmarinus_officinalis,12,5.359133809
Lindernia_dubia,17,72.7567593
Plantago_lanceolata,123,18.30297218
Digitalis_purpurea,100,24.66239405
Myosotis_arvensis,10,35.83155717
Cinchona_officinalis,94,11.47447197
Cascabela_thevetia,101,14.172104
Plumeria_rubra,105,38.84566667
Capsicum_annuum,129,19.78125874
Anagallis_arvensis,122,31.20192021
Portulaca_oleracea,169,18.05881895
Portulaca_grandiflora,105,19.05293919
Mollugo_verticillata,86,24.55801749
Bougainvillea_spectabilis,106,15.93931652
Silene_armeria,105,32.35
Dianthus_sylvestris,69,7.594306928
Saponaria_officinalis,110,24.7978459
Cerastium_fontanum,114,29.72867335
Spergula_arvensis,65,19.12904728
Atriplex_hortensis,91,22.42816387
Chenopodium_album,166,26.09870621
Trifolium_fragiferum,91,25.50911165
Trifolium_dubium,62,28.61771724
Trigonella_foenumgraecum,108,22.46326223
Lotus_corniculatus,166,23.76410677
Phaseolus_vulgaris,152,23.09403352
Amorpha_fruticosa,103,9.780778876
Dalbergia_sissoo,116,4.495299985
Pithecellobium_dulce,100,15.08642956
Senna_surattensis,169,16.39344262
Ulmus_laevis,63,35.55868356
Salix_fragilis,166,10.02785028
Euphorbia_lathyris,136,25.10333333
Manihot_esculenta,102,28.70422205
Linum_usitatissimum,170,43.65217971
Oxalis_pescaprae,65,48.1595002
Sisymbrium_orientale,25,22.325
Sisymbrium_officinale,96,27.5182906
Sisymbrium_altissimum,120,21.45666667
Brassica_juncea,137,24.18894997
Sinapis_alba,65,23.82011608
Sinapis_arvensis,57,38.64726035
Hesperis_matronalis,92,34.67812024
Capsella_bursapastoris,166,44.57716725
Armoracia_rusticana,96,18.34
Tropaeolum_majus,121,29.485
Muntingia_calabura,88,16.94405157
Bixa_orellana,122,18.4603756
Syzygium_jambos,169,8.78740679
Punica_granatum,131,8.95878402
Geranium_molle,103,24.810978
Erodium_moschatum,23,28.29251538
Ribes_nigrum,94,18.94549339
Ribes_uvacrispa,176,19.92671582
Berberis_thunbergii,98,24.88149296
Eschscholzia_californica,92,13.35302742
Asparagus_setaceus,100,70.05
Pennisetum_glaucum,92,32.24590508
Digitaria_ciliaris,112,30.5
Dichanthium_annulatum,153,29.2
Chloris_virgata,154,25.64431096
Vulpia_myuros,89,11.91782072
Lolium_rigidum,121,25.98794319
Dactylis_glomerata,174,26.55553442
Alopecurus_myosuroides,79,27.26666667
Poa_trivialis,71,35.81689762
Poa_pratensis,120,19.55755976
Poa_compressa,119,20.93093218
Poa_annua,166,39.51548883
Phalaris_canariensis,123,21.892
Hordeum_bulbosum,98,20.11921506
Bromus_rigidus,89,21.30523389
Canna_indica,169,42.85
Annona_glabra,79,10.30949269
Nymphaea_alba,108,14.7