species,mrt,natcon
Zinnia_elegans,119,0
Zinnia_peruviana,98,0
Spilanthes_acmella,86,0
Silphium_perfoliatum,76,0
Sclerocarpus_africanus,46,0
Sanvitalia_procumbens,101,0
Rudbeckia_hirta,121,0
Rudbeckia_laciniata,106,0
Cota_tinctoria,91,0
Amberboa_moschata,166,1
Ageratum_conyzoides,169,0
Ageratum_houstonianum,121,0
Gymnocoronis_spilanthoides,19,0
Chromolaena_odorata,86,0
Praxelis_clematidea,31,0
Eupatorium_adenophorum,60,11
Eupatorium_cannabinum,99,0
Mikania_micrantha,90,1
Ageratina_adenophora,31,0
Gaillardia_aristata,107,0
Gaillardia_pulchella,114,0
Helenium_autumnale,113,0
Helenium_bigelovii,59,0
Tagetes_erecta,166,0
Flaveria_bidentis,32,0
Smallanthus_uvedalia,41,1
Galinsoga_parviflora,108,0
Galinsoga_quadriradiata,103,0
Tridax_procumbens,94,0
Acanthospermum_hispidum,86,0
Acanthospermum_australe,86,0
Tithonia_rotundifolia,96,0
Tithonia_diversifolia,101,0
Lagascea_mollis,57,0
Helianthus_laetiflorus,55,0
Helianthus_tuberosus,127,0
Helianthus_annuus,122,0
Ambrosia_artemisiifolia,65,0
Ambrosia_psilostachya,30,0
Ambrosia_trifida,113,0
Xanthium_strumarium,169,0
Xanthium_spinosum,5,0
Parthenium_hysterophorus,96,0
Parthenium_argentatum,69,0
Acmella_uliginosa,54,0
Acmella_radicans,8,0
Acmella_ciliata,50,3
Sphagneticola_trilobata,31,2
Eclipta_prostrata,169,0
Synedrella_nodiflora,114,0
Calyptocarpus_vialis,24,0
Bidens_bipinnata,169,7
Bidens_frondosa,96,0
Coreopsis_lanceolata,113,0
Coreopsis_tinctoria,121,0
Coreopsis_basalis,72,0
Coreopsis_grandiflora,71,0
Cosmos_sulphureus,100,0
Cosmos_bipinnatus,120,0
Dahlia_pinnata,116,0
Gnaphalium_purpureum,169,0
Gnaphalium_pensylvanicum,101,0
Gnaphalium_polycaulon,115,0
Pluchea_sagittalis,15,0
Grindelia_squarrosa,86,0
Aster_subulatus,89,92
Solidago_altissima,89,2
Solidago_canadensis,108,0
Erigeron_sumatrensis,112,0
Erigeron_speciosus,35,0
Erigeron_strigosus,55,0
Erigeron_annuus,121,34
Erigeron_karvinskianus,73,0
Erigeron_philadelphicus,38,0
Erigeron_bellioides,112,0
Erigeron_bonariensis,169,0
Conyza_sumatrensis,100,1
Erigeron_canadensis,144,0
Chrysanthemum_segetum,166,15
Glebionis_coronaria,166,1
Achillea_millefolium,166,10
Matricaria_matricarioides,69,0
Tanacetum_parthenifolium,89,13
Tanacetum_vulgare,146,0
Anthemis_arvensis,120,1
Leucanthemum_vulgare,112,0
Soliva_anthemifolia,96,0
Emilia_sonchifolia,138,0
Emilia_fosbergii,26,4
Crassocephalum_rubens,12,0
Crassocephalum_crepidioides,98,0
Erechtites_valerianifolia,98,0
Erechtites_hieracifolia,89,0
Erechtites_hieraciifolius,84,0
Erechtites_valerianifolius,100,0
Crepis_tectorum,97,16
Hypochaeris_radicata,103,4
Sonchus_asper,111,0
Sonchus_oleraceus,166,0
Sonchus_arvensis,143,3
Lactuca_sativa,166,12
Cichorium_intybus,166,1
Elephantopus_tomentosus,94,1
Pseudelephantopus_spicatus,97,0
Centaurea_diffusa,58,6
Cyanus_segetum,105,0
Carthamus_tinctorius,166,1
Saussurea_costus,67,263
Silybum_marianum,83,0
Triodanis_perfoliata,16,0
Hippobroma_longiflora,93,0
Coriandrum_sativum,169,0
Cyclospermum_leptophyllum,103,0
Ammi_majus,96,0
Foeniculum_vulgare,166,0
Conium_maculatum,120,0
Daucus_carota,166,0
Anthriscus_caucalis,113,2
Eryngium_foetidum,110,1
Hydrocotyle_vulgaris,43,0
Hydrocotyle_verticillata,14,14
Lonicera_sempervirens,87,57
Mentha_spicata,106,5
Prunella_grandiflora,62,1
Salvia_tiliifolia,42,0
Salvia_coccinea,105,81
Salvia_sclarea,85,0
Rosmarinus_officinalis,12,0
Hyptis_suaveolens,104,0
Hyptis_brevipes,93,0
Hyptis_capitata,101,0
Ocimum_basilicum,117,2
Stachys_arvensis,50,17
Orobanche_brassicae,45,21
Ruellia_tuberosa,92,0
Ruellia_simplex,28,2
Andrographis_paniculata,98,1
Justicia_gendarussa,170,0
Justicia_adhatoda,169,43
Thunbergia_alata,169,0
Martynia_annua,58,0
Pyrostegia_venusta,101,0
Dolichandra_unguiscati,96,0
Lantana_montevidensis,100,0
Lantana_camara,169,0
Verbena_bonariensis,26,1
Stachytarpheta_urticifolia,169,0
Stachytarpheta_jamaicensis,40,0
Duranta_erecta,112,0
Lindernia_dubia,17,27
Lindernia_rotundifolia,15,0
Torenia_fournieri,54,9
Mecardonia_procumbens,18,0
Veronica_polita,137,0
Veronica_persica,116,0
Veronica_arvensis,73,51
Veronica_hederifolia,37,0
Veronica_peregrina,119,0
Plantago_virginica,88,0
Plantago_lanceolata,123,0
Plantago_aristata,123,16
Digitalis_purpurea,100,1
Cymbalaria_muralis,71,0
Kickxia_elatine,169,0
Stemodia_verticillata,2,0
Scoparia_dulcis,169,0
Jasminum_sambac,115,35
Myosotis_arvensis,10,4
Borago_officinalis,86,0
Symphytum_officinale,42,0
Heliotropium_ellipticum,66,7
Heliotropium_europaeum,145,0
Galium_aparine,137,64
Sherardia_arvensis,94,0
Mitracarpus_hirtus,43,0
Richardia_brasiliensis,64,0
Richardia_scabra,54,0
Spermacoce_alata,62,5
Spermacoce_remota,41,0
Diodia_virginiana,6,0
Morinda_lucida,21,27
Mussaenda_erythrophylla,103,31
Cinchona_officinalis,94,0
Cinchona_pubescens,94,0
Cinchona_calisaya,90,0
Cascabela_thevetia,101,0
Asclepias_curassavica,169,0
Calotropis_procera,138,1
Voacanga_africana,50,1
Rauvolfia_tetraphylla,62,6
Catharanthus_roseus,169,0
Ochrosia_elliptica,92,2
Plumeria_rubra,105,1
Solanum_sarrachoides,43,0
Solanum_erianthum,165,0
Solanum_elaeagnifolium,5,0
Solanum_torvum,128,0
Solanum_chrysotrichum,139,0
Solanum_donianum,108,0
Solanum_carolinense,65,0
Solanum_rostratum,42,0
Solanum_wrightii,169,0
Solanum_sisymbriifolium,121,0
Solanum_capsicoides,145,0
Solanum_aculeatissimum,133,25
Solanum_viarum,118,0
Solanum_pseudocapsicum,123,0
Solanum_betaceum,67,0
Solanum_scabrum,106,0
Solanum_seaforthianum,87,0
Solanum_lycopersicum,167,0
Physalis_lagascae,179,0
Physalis_ixocarpa,65,0
Physalis_angulata,146,2
Physalis_pubescens,147,0
Physalis_philadelphica,112,0
Physalis_peruviana,97,0
Capsicum_annuum,129,0
Datura_inoxia,97,0
Datura_stramonium,163,0
Brugmansia_suaveolens,99,0
Nicandra_physalodes,93,0
Nicotiana_alata,91,3
Nicotiana_plumbaginifolia,86,0
Petunia_hybrida,109,0
Cestrum_nocturnum,124,2
Ipomoea_turbinata,46,0
Ipomoea_triloba,101,0
Ipomoea_mauritiana,90,0
Ipomoea_lacunosa,39,0
Ipomoea_rubriflora,74,0
Ipomoea_hederifolia,80,0
Ipomoea_quamoclit,105,0
Ipomoea_indica,169,0
Ipomoea_nil,123,0
Ipomoea_purpurea,102,0
Ipomoea_alba,89,16
Ipomoea_trifida,39,0
Ipomoea_batatas,137,0
Ipomoea_cordatotriloba,12,0
Ipomoea_carnea,87,0
Ipomoea_eriocarpa,93,0
Argyreia_nervosa,88,22
Merremia_tuberosa,58,19
Cuscuta_approximata,166,9
Cuscuta_campestris,31,0
Jacquemontia_tamnifolia,41,1
Evolvulus_nummularius,21,1
Anagallis_arvensis,122,0
Impatiens_balsamina,105,250
Impatiens_walleriana,62,0
Deutzia_crenata,100,49
Epiphyllum_oxypetalum,93,0
Opuntia_cochenillifera,38,0
Opuntia_ficusindica,82,0
Opuntia_dillenii,104,0
Opuntia_stricta,112,0
Nopalea_cochenillifera,104,0
Opuntia_monacantha,110,0
Pereskia_aculeata,65,0
Portulaca_oleracea,169,0
Portulaca_pilosa,112,0
Portulaca_grandiflora,105,3
Talinum_fruticosum,104,0
Talinum_paniculatum,98,0
Anredera_vesicaria,45,0
Anredera_cordifolia,96,0
Basella_alba,110,0
Mollugo_verticillata,86,0
Tetragonia_tetragonioides,48,0
Boerhavia_erecta,51,7
Mirabilis_jalapa,131,0
Oxybaphus_nyctagineus,12,1
Bougainvillea_spectabilis,106,0
Bougainvillea_glabra,100,0
Rivina_humilis,123,0
Petiveria_alliacea,87,0
Phytolacca_americana,166,3
Vaccaria_hispanica,166,0
Silene_gallica,115,0
Silene_vulgaris,166,0
Silene_armeria,105,116
Agrostemma_githago,122,0
Dianthus_sylvestris,69,16
Saponaria_officinalis,110,0
Cerastium_fontanum,114,19
Cerastium_glomeratum,135,0
Stellaria_pallida,73,0
Stellaria_media,148,58
Spergula_arvensis,65,0
Salicornia_bigelovii,21,1
Atriplex_hortensis,91,0
Atriplex_canescens,94,14
Atriplex_nummularia,26,0
Chenopodium_hybridum,117,0
Chenopodium_album,166,8
Chenopodium_giganteum,111,0
Dysphania_pumilio,29,0
Dysphania_ambrosioides,98,3
Alternanthera_bettzickiana,105,1
Alternanthera_pungens,65,0
Alternanthera_paronychioides,91,0
Alternanthera_philoxeroides,92,0
Gomphrena_celosioides,122,0
Gomphrena_globosa,120,0
Iresine_herbstii,101,0
Amaranthus_tortuosus,53,0
Amaranthus_tenuifolius,10,0
Amaranthus_polygonoides,20,0
Amaranthus_cruentus,123,0
Amaranthus_dubius,53,0
Amaranthus_spinosus,121,0
Amaranthus_hypochondriacus,92,0
Amaranthus_caudatus,166,0
Amaranthus_retroflexus,117,0
Amaranthus_powellii,28,0
Amaranthus_hybridus,144,0
Amaranthus_standleyanus,19,0
Amaranthus_blitoides,96,0
Amaranthus_blitum,117,0
Amaranthus_tricolor,121,0
Amaranthus_viridis,159,0
Amaranthus_palmeri,37,0
Amaranthus_tuberculatus,18,0
Amaranthus_albus,101,1
Celosia_argentea,154,1
Homalocladium_platycladum,102,0
Fallopia_scandens,92,5
Antigonon_leptopus,103,0
Stylosanthes_guianensis,36,1
Trifolium_fragiferum,91,0
Trifolium_hybridum,96,0
Trifolium_repens,166,0
Trifolium_pratense,109,0
Trifolium_incarnatum,12,0
Trifolium_dubium,62,0
Medicago_sativa,166,0
Medicago_polymorpha,121,0
Medicago_minima,112,10
Melilotus_officinalis,167,3
Trigonella_foenumgraecum,108,6
Vicia_sativa,137,36
Vicia_villosa,93,0
Lotus_corniculatus,166,7
Securigera_varia,98,0
Sesbania_sesban,104,0
Sesbania_grandiflora,97,0
Sesbania_cannabina,112,2
Sesbania_herbacea,112,0
Robinia_pseudoacacia,108,1
Gliricidia_sepium,34,0
Calopogonium_mucunoides,97,0
Pachyrhizus_erosus,115,0
Desmodium_intortum,42,1
Desmodium_tortuosum,92,0
Desmodium_scorpiurus,97,0
Phaseolus_coccineus,116,1
Phaseolus_vulgaris,152,0
Macroptilium_atropurpureum,54,0
Macroptilium_lathyroides,109,0
Lablab_purpureus,169,0
Macrotyloma_uniflorum,89,0
Erythrina_bidwillii,105,10
Cajanus_cajan,169,7
Derris_elliptica,88,19
Tephrosia_candida,94,8
Canavalia_ensiformis,105,4
Centrosema_pubescens,97,0
Clitoria_ternatea,129,0
Indigofera_suffruticosa,112,78
Amorpha_fruticosa,103,0
Crotalaria_ochroleuca,70,0
Crotalaria_trichotoma,88,0
Crotalaria_lanceolata,86,0
Crotalaria_juncea,89,0
Crotalaria_micans,92,0
Crotalaria_incana,70,33
Ulex_europaeus,160,0
Dalbergia_sissoo,116,28
Aeschynomene_americana,97,1
Arachis_hypogaea,157,0
Arachis_duranensis,21,0
Acacia_mangium,39,0
Acacia_longifolia,12,0
Acacia_mearnsii,71,0
Acacia_dealbata,83,6
Acacia_decurrens,98,0
Albizia_lebbeck,137,15
Acacia_senegal,76,0
Pithecellobium_dulce,100,0
Mimosa_pudica,115,0
Mimosa_invisa,97,0
Mimosa_diplotricha,31,0
Mimosa_bimucronata,102,0
Mimosa_pigra,24,0
Desmanthus_virgatus,59,0
Leucaena_leucocephala,169,1
Neptunia_plena,59,0
Caesalpinia_pulcherrima,169,13
Senna_surattensis,169,0
Senna_fruticosa,79,0
Senna_occidentalis,169,0
Senna_hirsuta,64,0
Senna_sophera,94,0
Senna_bicapsularis,70,0
Senna_corymbosa,40,0
Senna_obtusifolia,105,0
Senna_tora,90,0
Chamaecrista_mimosoides,92,6
Senna_alata,86,8
Senna_siamea,86,0
Senna_didymobotrya,57,0
Cassia_floribunda,88,3
Polygala_paniculata,91,40
Pilea_microphylla,105,80
Cannabis_sativa,157,0
Ulmus_laevis,63,22
Cucumis_melo,123,3
Melothria_pendula,8,0
Sicyos_angulatus,35,0
Sechium_edule,89,0
Echinocystis_lobata,6,0
Momordica_charantia,117,2
Begonia_cucullata,69,189
Elatine_americana,69,3
Passiflora_suberosa,96,0
Passiflora_morifolia,18,0
Passiflora_quadrangularis,71,0
Passiflora_edulis,100,0
Passiflora_caerulea,111,15
Passiflora_foetida,169,0
Salix_fragilis,166,257
Phyllanthus_debilis,121,0
Phyllanthus_amarus,94,39
Phyllanthus_tenellus,20,0
Phyllanthus_niruri,108,0
Euphorbia_neriifolia,115,0
Euphorbia_antiquorum,105,60
Euphorbia_milii,115,0
Euphorbia_tithymaloides,94,0
Euphorbia_prostrata,101,0
Euphorbia_maculata,108,0
Euphorbia_hypericifolia,137,0
Euphorbia_hyssopifolia,133,0
Euphorbia_nutans,16,0
Euphorbia_serpens,97,0
Euphorbia_marginata,115,0
Euphorbia_pulcherrima,102,0
Euphorbia_heterophylla,115,0
Euphorbia_cyathophora,94,0
Euphorbia_dentata,38,0
Euphorbia_peplus,97,0
Euphorbia_lathyris,136,0
Croton_hirtus,7,0
Codiaeum_variegatum,100,0
Manihot_esculenta,102,0
Ricinus_communis,145,0
Linum_usitatissimum,170,0
Linum_striatum,108,7
Oxalis_triangularis,13,0
Oxalis_pescaprae,65,0
Oxalis_latifolia,99,0
Oxalis_debilis,169,0
Oxalis_bowiei,42,6
Tribulus_cistoides,90,1
Sisymbrium_orientale,25,0
Sisymbrium_officinale,96,0
Sisymbrium_irio,114,0
Sisymbrium_altissimum,120,6
Brassica_juncea,137,5
Raphanus_raphanistrum,63,0
Diplotaxis_muralis,115,0
Sinapis_alba,65,0
Sinapis_arvensis,57,0
Eutrema_japonicum,25,21
Alliaria_petiolata,94,0
Alyssum_alyssoides,94,6
Hesperis_matronalis,92,0
Bunias_orientalis,90,1
Erysimum_repandum,93,18
Capsella_bursapastoris,166,0
Cardamine_flexuosa,139,50
Nasturtium_officinale,114,0
Rorippa_amphibia,7,9
Armoracia_rusticana,96,0
Lepidium_didymum,115,0
Lepidium_virginicum,112,0
Lepidium_bonariense,13,17
Lepidium_densiflorum,98,0
Lepidium_campestre,97,0
Lobularia_maritima,105,0
Cleome_rutidosperma,64,3
Cleoserrata_speciosa,104,0
Reseda_lutea,98,2
Carica_papaya,115,0
Moringa_oleifera,95,0
Tropaeolum_majus,121,0
Waltheria_indica,179,0
Herissantia_crispa,90,0
Malvastrum_coromandelianum,135,0
Malvastrum_americanum,67,0
Abutilon_theophrasti,166,7
Sida_acuta,118,12
Hibiscus_trionum,145,25
Malachra_capitata,24,0
Corchorus_olitorius,169,3
Muntingia_calabura,88,0
Bixa_orellana,122,0
Citrus_aurantiifolia,100,9
Acer_negundo,121,66
Rhus_typhina,97,5
Clidemia_hirta,23,0
Eucalyptus_robusta,107,0
Eucalyptus_exserta,100,18
Eucalyptus_globulus,94,0
Psidium_guajava,169,1
Syzygium_jambos,169,78
Oenothera_villosa,63,0
Oenothera_tetraptera,87,0
Oenothera_stricta,105,0
Oenothera_parviflora,71,0
Oenothera_oakesiana,8,0
Oenothera_curtiflora,92,0
Oenothera_odorata,121,0
Oenothera_glazioviana,112,0
Oenothera_biennis,123,0
Oenothera_drummondii,92,0
Oenothera_laciniata,99,0
Gaura_mollis,92,0
Gaura_lindheimeri,112,0
Gaura_biennis,120,0
Oenothera_rosea,86,0
Oenothera_speciosa,45,0
Clarkia_pulchella,84,0
Ludwigia_leptocarpa,11,0
Ludwigia_hyssopifolia,95,6
Sonneratia_apetala,27,3
Ammannia_coccinea,18,4
Rotala_ramosior,86,8
Cuphea_carthagenensis,55,5
Punica_granatum,131,0
Geranium_carolinianum,104,51
Geranium_molle,103,0
Erodium_moschatum,23,4
Parthenocissus_quinquefolia,122,8
Sedum_mexicanum,19,124
Kalanchoe_tubiflora,21,4
Bryophyllum_daigremontianum,44,0
Bryophyllum_delagoense,9,0
Bryophyllum_pinnatum,104,0
Myriophyllum_aquaticum,26,10
Ribes_nigrum,94,0
Ribes_uvacrispa,176,0
Ranunculus_sardous,12,0
Ranunculus_muricatus,96,0
Ranunculus_arvensis,94,119
Berberis_thunbergii,98,220
Papaver_nudicaule,161,5
Argemone_mexicana,159,0
Eschscholzia_californica,92,0
Sansevieria_trifasciata,104,0
Asparagus_densiflorus,102,29
Asparagus_setaceus,100,0
Cordyline_fruticosa,103,0
Agave_sisalana,68,0
Agave_americana,122,0
Nothoscordum_gracile,11,0
Zephyranthes_minuta,95,0
Zephyranthes_carinata,26,0
Zephyranthes_candida,93,0
Hippeastrum_striatum,12,0
Hippeastrum_vittatum,100,0
Sisyrinchium_atlanticum,35,0
Sisyrinchium_micranthum,7,0
Eleutherine_bulbosa,86,0
Spartina_alterniflora,90,0
Spartina_anglica,43,0
Panicum_dichotomiflorum,114,0
Brachiaria_brizantha,42,8
Brachiaria_plantaginea,91,0
Brachiaria_mutica,91,0
Panicum_maximum,101,0
Melinis_repens,82,0
Melinis_minutiflora,92,0
Brachiaria_eruciformis,95,0
Pennisetum_polystachion,61,0
Cenchrus_purpureus,113,0
Cenchrus_incertus,7,0
Cenchrus_clandestinus,12,0
Cenchrus_echinatus,104,0
Cenchrus_caliculatus,50,1
Pennisetum_purpureum,113,0
Pennisetum_glaucum,92,0
Pennisetum_clandestinum,12,7
Setaria_parviflora,169,12
Setaria_sphacelata,112,0
Paspalidium_flavidum,86,1
Panicum_acuminatum,87,19
Digitaria_ciliaris,112,20
Dichanthium_annulatum,153,2
Cymbopogon_nardus,112,18
Sorghum_halepense,111,0
Chrysopogon_zizanioides,25,3
Paspalum_dilatatum,103,0
Paspalum_urvillei,31,0
Paspalum_fimbriatum,51,0
Paspalum_virgatum,107,0
Paspalum_notatum,110,0
Paspalum_conjugatum,105,6
Paspalum_distichum,101,0
Axonopus_fissifolius,19,0
Axonopus_compressus,96,0
Cynodon_plectostachyus,52,2
Chloris_virgata,154,0
Chloris_gayana,104,0
Chloris_barbata,114,3
Eleusine_coracana,136,1
Dinebra_retroflexa,43,0
Buchloe_dactyloides,69,0
Eragrostis_curvula,69,0
Eragrostis_ciliaris,110,27
Vulpia_myuros,89,0
Festuca_rubra,125,0
Festuca_arundinacea,84,54
Lolium_remotum,46,0
Lolium_persicum,91,0
Lolium_rigidum,121,0
Lolium_multiflorum,107,0
Lolium_temulentum,74,0
Lolium_perenne,123,0
Parapholis_incurva,68,0
Dactylis_glomerata,174,0
Holcus_lanatus,120,0
Alopecurus_myosuroides,79,7
Poa_trivialis,71,0
Poa_pratensis,120,0
Poa_compressa,119,0
Poa_annua,166,64
Phleum_pratense,114,3
Phalaris_paradoxa,64,0
Phalaris_minor,97,0
Phalaris_canariensis,123,2
Avena_sterilis,91,0
Avena_fatua,137,3
Arrhenatherum_elatius,96,0
Hordeum_jubatum,96,0
Hordeum_bulbosum,98,7
Secale_cereale,112,2
Bromus_rigidus,89,0
Bromus_arvensis,166,50
Bromus_catharticus,69,0
Glyceria_maxima,108,7
Pleioblastus_gramineus,105,15
Ehrharta_erecta,24,0
Cyperus_surinamensis,13,0
Cyperus_prolifer,20,0
Cyperus_rotundus,178,0
Cyperus_esculentus,68,58
Kyllinga_polyphylla,12,5
Rhynchospora_submarginata,86,7
Curcuma_longa,113,12
Etlingera_elatior,94,2
Canna_indica,169,3
Eichhornia_crassipes,114,0
Tradescantia_pallida,17,0
Tradescantia_zebrina,90,0
Tradescantia_fluminensis,19,1
Callisia_repens,19,0
Tinantia_erecta,8,1
Elaeis_guineensis,68,0
Lilium_hansonii,73,53
Pistia_stratiotes,109,0
Caladium_bicolor,79,0
Dieffenbachia_seguine,69,2
Potamogeton_vaseyi,41,20
Sagittaria_graminea,64,6
Limnocharis_flava,19,0
Annona_glabra,79,5
Peperomia_pellucida,106,7
Piper_betle,98,59
Nymphaea_alba,108,7
Cabomba_caroliniana,24,0
