species,mrt,seed,seed_scaled
Zinnia_elegans,119,8.885714286,-0.109759546
Zinnia_peruviana,98,4.08,-0.153782155
Silphium_perfoliatum,76,6.85,-0.128407649
Rudbeckia_hirta,121,1.668585399,-0.175871849
Rudbeckia_laciniata,106,2.562894969,-0.167679552
Ageratum_conyzoides,169,0.12,-0.190057622
Ageratum_houstonianum,121,0.12,-0.190057622
Chromolaena_odorata,86,1.430625,-0.178051679
Eupatorium_cannabinum,99,0.437081818,-0.187153003
Mikania_micrantha,90,0.09,-0.190332436
Ageratina_adenophora,31,0.062,-0.190588929
Gaillardia_aristata,107,12.32865551,-0.078220581
Gaillardia_pulchella,114,1.761452295,-0.175021145
Helenium_bigelovii,59,0.926,-0.182674282
Flaveria_bidentis,32,0.21,-0.189233179
Smallanthus_uvedalia,41,10.1,-0.098636116
Galinsoga_parviflora,108,0.220181818,-0.189139909
Galinsoga_quadriradiata,103,0.2408,-0.188951037
Tridax_procumbens,94,0.69,-0.184836153
Acanthospermum_hispidum,86,7.41,-0.123277785
Tithonia_rotundifolia,96,9.595,-0.103262154
Ambrosia_artemisiifolia,65,3.468461538,-0.159384135
Ambrosia_psilostachya,30,5.407,-0.141626209
Ambrosia_trifida,113,11.27942308,-0.087832045
Xanthium_strumarium,169,171.7073333,1.381763252
Xanthium_spinosum,5,136,1.054667243
Parthenium_hysterophorus,96,0.5625,-0.186004113
Synedrella_nodiflora,114,0.64,-0.185294177
Calyptocarpus_vialis,24,1.39,-0.178423823
Bidens_bipinnata,169,2.55248,-0.167774958
Bidens_frondosa,96,5.109976426,-0.144347085
Coreopsis_lanceolata,113,1.106976123,-0.181016455
Coreopsis_tinctoria,121,0.266061637,-0.188719628
Coreopsis_basalis,72,1.081052632,-0.181253927
Cosmos_sulphureus,100,6.875,-0.128178637
Cosmos_bipinnatus,120,8.298125,-0.115142141
Aster_subulatus,89,0.64699793,-0.185230072
Solidago_canadensis,108,2.369894276,-0.169447529
Erigeron_sumatrensis,112,0.035384615,-0.190832739
Erigeron_strigosus,55,0.061191441,-0.190596336
Erigeron_annuus,121,0.040909091,-0.190782132
Erigeron_philadelphicus,38,0.049633289,-0.190702214
Erigeron_bonariensis,169,0.103381818,-0.190209852
Conyza_sumatrensis,100,0.042333333,-0.190769085
Erigeron_canadensis,144,0.062187731,-0.190587209
Glebionis_coronaria,166,1.676,-0.175803928
Tanacetum_parthenifolium,89,0.64,-0.185294177
Leucanthemum_vulgare,112,0.444934678,-0.187081067
Crassocephalum_crepidioides,98,0.230909091,-0.189041642
Crepis_tectorum,97,0.222,-0.189123254
Sonchus_oleraceus,166,0.297958333,-0.18842744
Sonchus_arvensis,143,0.722934783,-0.184534455
Hippobroma_longiflora,93,0.07,-0.190515645
Cyclospermum_leptophyllum,103,0.25,-0.18886676
Ammi_majus,96,0.60778125,-0.185589316
Conium_maculatum,120,2.763804545,-0.165839126
Daucus_carota,166,1.114386709,-0.180948571
Hydrocotyle_verticillata,14,1.912217452,-0.173640065
Salvia_tiliifolia,42,0.42,-0.18730948
Hyptis_suaveolens,104,4.353846154,-0.151273595
Hyptis_capitata,101,0.407692308,-0.187422225
Ocimum_basilicum,117,1.2,-0.180164313
Dolichandra_unguiscati,96,63.05285714,0.386437021
Lantana_camara,169,10.15666667,-0.2527749
Stachytarpheta_jamaicensis,40,2.36,-0.169538166
Veronica_polita,137,0.335377778,-0.18808466
Veronica_persica,116,0.64015625,-0.185292745
Veronica_arvensis,73,0.113397959,-0.1901181
Veronica_hederifolia,37,4.07157037,-0.153859374
Veronica_peregrina,119,0.032146667,-0.1908624
Plantago_virginica,88,0.487698246,-0.186689332
Scoparia_dulcis,169,0.01,-0.191065274
Borago_officinalis,86,16.49357143,-0.040067988
Heliotropium_ellipticum,66,0.766666667,-0.18413385
Heliotropium_europaeum,145,1.025,-0.181767395
Mitracarpus_hirtus,43,0.12,-0.190057622
Richardia_brasiliensis,64,1.07,-0.181355174
Richardia_scabra,54,1.5,-0.177416171
Calotropis_procera,138,11.644,-0.248763779
Voacanga_africana,50,60,-0.097936727
Catharanthus_roseus,169,1.414285714,-0.178201354
Solanum_erianthum,165,0.685555556,-0.352599013
Solanum_elaeagnifolium,5,4.9,-0.266951363
Solanum_torvum,128,1.06,-0.277307284
Solanum_rostratum,42,3.284,-0.16107389
Solanum_capsicoides,145,3.1,-0.162759417
Solanum_aculeatissimum,133,2.59,-0.167431257
Physalis_lagascae,179,0.82,-0.183645292
Physalis_angulata,146,0.56,-0.186027014
Physalis_philadelphica,112,1.52,-0.177232962
Datura_stramonium,163,9.510520799,-0.104036024
Nicandra_physalodes,93,0.89034,-0.183000944
Ipomoea_triloba,101,13.425,-0.068177549
Ipomoea_mauritiana,90,47.53,0.244240331
Ipomoea_quamoclit,105,23.08461538,0.020309083
Ipomoea_nil,123,34.755,0.127215308
Ipomoea_purpurea,102,30.48571429,0.088106638
Ipomoea_carnea,87,79.2,0.534352463
Cuscuta_approximata,166,0.33,-0.188133923
Cuscuta_campestris,31,0.81,-0.183736896
Jacquemontia_tamnifolia,41,4.252857143,-0.152198702
Impatiens_balsamina,105,8.616666667,-0.112224149
Opuntia_ficusindica,82,20.45289855,-0.225007464
Opuntia_monacantha,110,24.15,-0.215036921
Portulaca_pilosa,112,0.04,-0.190790459
Talinum_paniculatum,98,0.26,-0.188775156
Basella_alba,110,38.72,0.163536577
Tetragonia_tetragonioides,48,1.18700332,-0.180283368
Mirabilis_jalapa,131,52.15714286,0.286627141
Petiveria_alliacea,87,13.54,-0.243650543
Phytolacca_americana,166,6.286349731,-0.133570951
Vaccaria_hispanica,166,5.953971429,-0.136615693
Silene_vulgaris,166,1.033097052,-0.181693222
Agrostemma_githago,122,13.88986047,-0.063919208
Cerastium_glomeratum,135,0.059826944,-0.190608835
Stellaria_pallida,73,0.124866667,-0.190013041
Stellaria_media,148,0.371136735,-0.187757091
Atriplex_canescens,94,9.840125097,-0.253628567
Atriplex_nummularia,26,5.544373706,-0.140367801
Chenopodium_hybridum,117,1.342072222,-0.178862864
Dysphania_pumilio,29,0.057,-0.190634731
Dysphania_ambrosioides,98,0.319325,-0.188231711
Amaranthus_cruentus,123,0.49,-0.186668247
Amaranthus_spinosus,121,0.21,-0.189233179
Amaranthus_caudatus,166,0.541333333,-0.18619801
Amaranthus_retroflexus,117,0.389538462,-0.187588522
Amaranthus_hybridus,144,0.527363636,-0.186325979
Amaranthus_blitum,117,0.460211765,-0.186941122
Amaranthus_viridis,159,0.691111111,-0.184825975
Amaranthus_palmeri,37,0.3007,-0.188402325
Amaranthus_albus,101,0.323788235,-0.188190825
Celosia_argentea,154,0.661176471,-0.18510019
Trifolium_repens,166,0.556276247,-0.186061126
Trifolium_pratense,109,1.517137379,-0.177259185
Medicago_sativa,166,2.240824502,-0.170629869
Medicago_polymorpha,121,4.463224438,-0.150271638
Melilotus_officinalis,167,2.711014376,-0.166322708
Vicia_villosa,93,32.49037551,0.10647028
Securigera_varia,98,3.881243902,-0.155602854
Sesbania_cannabina,112,12.77022064,-0.074175636
Sesbania_herbacea,112,12.30709677,-0.078418069
Robinia_pseudoacacia,108,18.88493691,-0.274461282
Calopogonium_mucunoides,97,12.01285714,-0.081113443
Cajanus_cajan,169,88.17264493,-0.042377183
Centrosema_pubescens,97,29.98428571,0.083513316
Ulex_europaeus,160,6.448443113,-0.262775438
Aeschynomene_americana,97,4.244666667,-0.15227373
Acacia_longifolia,12,15.02745547,-0.291023101
Acacia_mearnsii,71,13.10398557,-0.29928138
Acacia_dealbata,83,11.8495,-0.248209575
Acacia_decurrens,98,25.6175,-0.245555509
Albizia_lebbeck,137,110.3052867,0.118045391
Acacia_senegal,76,77.375,-0.023338418
Mimosa_pudica,115,5.34,-0.265764748
Mimosa_invisa,97,5.43,-0.141415518
Mimosa_bimucronata,102,18.59,-0.23003143
Desmanthus_virgatus,59,4.515414974,-0.149793548
Leucaena_leucocephala,169,42.74134162,-0.164898783
Senna_fruticosa,79,57.725,-0.124490042
Senna_occidentalis,169,17.65333333,-0.029444022
Senna_sophera,94,12.72,-0.245861964
Senna_bicapsularis,70,27.94,-0.204815843
Senna_corymbosa,40,26.2,-0.20950837
Senna_obtusifolia,105,26.12222222,-0.209718125
Senna_didymobotrya,57,51.34444444,-0.14169747
Cannabis_sativa,157,18.18571429,-0.024567161
Begonia_cucullata,69,0.01,-0.191065274
Passiflora_edulis,100,14.64053333,-0.05704269
Passiflora_foetida,169,8.6865,-0.111584443
Euphorbia_maculata,108,0.220666667,-0.189135468
Euphorbia_hypericifolia,137,0.39,-0.187584294
Euphorbia_hyssopifolia,133,1.48,-0.177599381
Euphorbia_serpens,97,0.27,-0.188683551
Euphorbia_heterophylla,115,6.3225,-0.133239797
Euphorbia_cyathophora,94,6.37,-0.132804675
Euphorbia_dentata,38,4.877666667,-0.146475152
Euphorbia_peplus,97,0.553,-0.186091138
Croton_hirtus,7,4.27,-0.152041665
Ricinus_communis,145,344.5916667,2.965465258
Alliaria_petiolata,94,2.668967742,-0.166707875
Alyssum_alyssoides,94,0.695393939,-0.184786742
Bunias_orientalis,90,25.46181818,0.042085381
Erysimum_repandum,93,0.24,-0.188958365
Cardamine_flexuosa,139,0.12226,-0.190036919
Nasturtium_officinale,114,0.253275,-0.18883676
Rorippa_amphibia,7,0.865571429,-0.183227836
Lepidium_didymum,115,0.525363333,-0.186344302
Lepidium_virginicum,112,0.5666,-0.185966555
Lepidium_bonariense,13,0.2328,-0.189024321
Lepidium_campestre,97,2.125590909,-0.171685463
Reseda_lutea,98,0.721148387,-0.184550819
Waltheria_indica,179,1.69,-0.275608265
Herissantia_crispa,90,3.517142857,-0.158938191
Malvastrum_coromandelianum,135,1.374545455,-0.276459
Abutilon_theophrasti,166,8.739647368,-0.111097588
Sida_acuta,118,2.411111111,-0.169069964
Hibiscus_trionum,145,4.194222222,-0.152735825
Corchorus_olitorius,169,1.65125,-0.17603065
Eucalyptus_robusta,107,3.31518159,-0.341308903
Eucalyptus_exserta,100,2.99936803,-0.342664826
Eucalyptus_globulus,94,13.35912957,-0.298185937
Oenothera_glazioviana,112,0.60128,-0.18564887
Oenothera_drummondii,92,0.233333333,-0.189019435
Gaura_mollis,92,9.198,-0.106898862
Oenothera_rosea,86,0.07,-0.190515645
Ammannia_coccinea,18,0.124975845,-0.190012041
Cuphea_carthagenensis,55,0.7,-0.184744548
Geranium_carolinianum,104,2.631818182,-0.167048183
Bryophyllum_pinnatum,104,0.06,-0.19060725
Ranunculus_muricatus,96,11.589,-0.084996174
Ranunculus_arvensis,94,12.42204444,-0.077365094
Argemone_mexicana,159,1.857142857,-0.174144574
Agave_americana,122,30.19323671,0.085427406
Spartina_alterniflora,90,22.64492754,0.016281335
Spartina_anglica,43,12.1,-0.080315173
Panicum_dichotomiflorum,114,0.597169181,-0.185686527
Brachiaria_brizantha,42,4.170799172,-0.152950391
Brachiaria_mutica,91,1.065643649,-0.18139508
Panicum_maximum,101,0.858807105,-0.1832898
Melinis_repens,82,0.3745,-0.187726282
Brachiaria_eruciformis,95,0.16,-0.189691203
Pennisetum_polystachion,61,0.263333333,-0.188744621
Cenchrus_echinatus,104,17.2,-0.033596769
Sorghum_halepense,111,3.659914009,-0.15763034
Paspalum_dilatatum,103,1.468507099,-0.177704661
Paspalum_conjugatum,105,0.59799931,-0.185678923
Paspalum_distichum,101,1.60053264,-0.176495245
Axonopus_fissifolius,19,0.3544,-0.187910407
Chloris_gayana,104,0.357102534,-0.187885651
Eragrostis_curvula,69,0.201196311,-0.189313825
Festuca_rubra,125,0.933965591,-0.182601313
Festuca_arundinacea,84,2.151659184,-0.171446666
Lolium_persicum,91,8.65,-0.1119188
Lolium_temulentum,74,8.133333333,-0.11665171
Parapholis_incurva,68,2.396,-0.169208389
Avena_sterilis,91,23.70363636,0.025979607
Avena_fatua,137,15.26868321,-0.051288541
Arrhenatherum_elatius,96,2.766496621,-0.165814465
Hordeum_jubatum,96,2.208,-0.170930557
Secale_cereale,112,28.69525574,0.071705194
Bromus_catharticus,69,9.067397133,-0.108095245
Cyperus_rotundus,178,0.221615385,-0.189126777
Cyperus_esculentus,68,0.15,-0.189782808
Pistia_stratiotes,109,1.55,-0.176958148
Cabomba_caroliniana,24,1.095804971,-0.181118788