species,gf
Zinnia_elegans,0
Zinnia_peruviana,0
Spilanthes_acmella,0
Silphium_perfoliatum,0
Sclerocarpus_africanus,0
Sanvitalia_procumbens,0
Rudbeckia_hirta,0
Rudbeckia_laciniata,0
Cota_tinctoria,0
Amberboa_moschata,0
Ageratum_conyzoides,0
Ageratum_houstonianum,0
Gymnocoronis_spilanthoides,0
Chromolaena_odorata,0
Praxelis_clematidea,0
Eupatorium_adenophorum,0
Eupatorium_cannabinum,0
Mikania_micrantha,0
Ageratina_adenophora,0
Gaillardia_aristata,0
Gaillardia_pulchella,0
Helenium_autumnale,0
Helenium_bigelovii,0
Tagetes_erecta,0
Flaveria_bidentis,0
Smallanthus_uvedalia,0
Galinsoga_parviflora,0
Galinsoga_quadriradiata,0
Tridax_procumbens,0
Acanthospermum_hispidum,0
Acanthospermum_australe,0
Tithonia_rotundifolia,0
Tithonia_diversifolia,0
Lagascea_mollis,0
Helianthus_laetiflorus,0
Helianthus_tuberosus,0
Helianthus_annuus,0
Ambrosia_artemisiifolia,0
Ambrosia_psilostachya,0
Ambrosia_trifida,0
Xanthium_strumarium,0
Xanthium_spinosum,0
Parthenium_hysterophorus,0
Parthenium_argentatum,0
Acmella_uliginosa,0
Acmella_radicans,0
Acmella_ciliata,0
Sphagneticola_trilobata,0
Eclipta_prostrata,0
Synedrella_nodiflora,0
Calyptocarpus_vialis,0
Bidens_bipinnata,0
Bidens_frondosa,0
Coreopsis_lanceolata,0
Coreopsis_tinctoria,0
Coreopsis_basalis,0
Coreopsis_grandiflora,0
Cosmos_sulphureus,0
Cosmos_bipinnatus,0
Dahlia_pinnata,0
Gnaphalium_purpureum,0
Gnaphalium_pensylvanicum,0
Gnaphalium_polycaulon,0
Pluchea_sagittalis,0
Grindelia_squarrosa,0
Aster_subulatus,0
Solidago_altissima,0
Solidago_canadensis,0
Erigeron_sumatrensis,0
Erigeron_speciosus,0
Erigeron_strigosus,0
Erigeron_annuus,0
Erigeron_karvinskianus,0
Erigeron_philadelphicus,0
Erigeron_bellioides,0
Erigeron_bonariensis,0
Conyza_sumatrensis,0
Erigeron_canadensis,0
Chrysanthemum_segetum,0
Glebionis_coronaria,0
Achillea_millefolium,0
Matricaria_matricarioides,0
Tanacetum_parthenifolium,0
Tanacetum_vulgare,0
Anthemis_arvensis,0
Leucanthemum_vulgare,0
Soliva_anthemifolia,0
Emilia_sonchifolia,0
Emilia_fosbergii,0
Crassocephalum_rubens,0
Crassocephalum_crepidioides,0
Erechtites_valerianifolia,0
Erechtites_hieracifolia,0
Erechtites_hieraciifolius,0
Erechtites_valerianifolius,0
Crepis_tectorum,0
Hypochaeris_radicata,0
Sonchus_asper,0
Sonchus_oleraceus,0
Sonchus_arvensis,0
Lactuca_sativa,0
Cichorium_intybus,0
Elephantopus_tomentosus,0
Pseudelephantopus_spicatus,0
Centaurea_diffusa,0
Cyanus_segetum,0
Carthamus_tinctorius,0
Saussurea_costus,0
Silybum_marianum,0
Triodanis_perfoliata,0
Hippobroma_longiflora,0
Coriandrum_sativum,0
Cyclospermum_leptophyllum,0
Ammi_majus,0
Foeniculum_vulgare,0
Conium_maculatum,0
Daucus_carota,0
Anthriscus_caucalis,0
Eryngium_foetidum,0
Hydrocotyle_vulgaris,0
Hydrocotyle_verticillata,0
Lonicera_sempervirens,1
Mentha_spicata,0
Prunella_grandiflora,0
Salvia_tiliifolia,0
Salvia_coccinea,0
Salvia_sclarea,0
Rosmarinus_officinalis,1
Hyptis_suaveolens,0
Hyptis_brevipes,0
Hyptis_capitata,0
Ocimum_basilicum,0
Stachys_arvensis,0
Orobanche_brassicae,0
Ruellia_tuberosa,0
Ruellia_simplex,0
Andrographis_paniculata,0
Justicia_gendarussa,1
Justicia_adhatoda,1
Thunbergia_alata,1
Martynia_annua,0
Pyrostegia_venusta,1
Dolichandra_unguiscati,0
Lantana_montevidensis,1
Lantana_camara,1
Verbena_bonariensis,0
Stachytarpheta_urticifolia,0
Stachytarpheta_jamaicensis,0
Duranta_erecta,1
Lindernia_dubia,0
Lindernia_rotundifolia,0
Torenia_fournieri,0
Mecardonia_procumbens,0
Veronica_polita,0
Veronica_persica,0
Veronica_arvensis,0
Veronica_hederifolia,0
Veronica_peregrina,0
Plantago_virginica,0
Plantago_lanceolata,0
Plantago_aristata,0
Digitalis_purpurea,0
Cymbalaria_muralis,0
Kickxia_elatine,0
Stemodia_verticillata,0
Scoparia_dulcis,0
Jasminum_sambac,0
Myosotis_arvensis,0
Borago_officinalis,0
Symphytum_officinale,0
Heliotropium_ellipticum,0
Heliotropium_europaeum,0
Galium_aparine,0
Sherardia_arvensis,0
Mitracarpus_hirtus,0
Richardia_brasiliensis,0
Richardia_scabra,0
Spermacoce_alata,0
Spermacoce_remota,0
Diodia_virginiana,0
Morinda_lucida,0
Mussaenda_erythrophylla,1
Cinchona_officinalis,2
Cinchona_pubescens,2
Cinchona_calisaya,2
Cascabela_thevetia,1
Asclepias_curassavica,0
Calotropis_procera,1
Voacanga_africana,2
Rauvolfia_tetraphylla,1
Catharanthus_roseus,0
Ochrosia_elliptica,2
Plumeria_rubra,2
Solanum_sarrachoides,0
Solanum_erianthum,2
Solanum_elaeagnifolium,1
Solanum_torvum,1
Solanum_chrysotrichum,1
Solanum_donianum,1
Solanum_carolinense,0
Solanum_rostratum,0
Solanum_wrightii,1
Solanum_sisymbriifolium,0
Solanum_capsicoides,0
Solanum_aculeatissimum,0
Solanum_viarum,1
Solanum_pseudocapsicum,0
Solanum_betaceum,2
Solanum_scabrum,0
Solanum_seaforthianum,0
Solanum_lycopersicum,0
Physalis_lagascae,0
Physalis_ixocarpa,0
Physalis_angulata,0
Physalis_pubescens,0
Physalis_philadelphica,0
Physalis_peruviana,0
Capsicum_annuum,0
Datura_inoxia,0
Datura_stramonium,0
Brugmansia_suaveolens,1
Nicandra_physalodes,0
Nicotiana_alata,0
Nicotiana_plumbaginifolia,0
Petunia_hybrida,0
Cestrum_nocturnum,1
Ipomoea_turbinata,0
Ipomoea_triloba,0
Ipomoea_mauritiana,0
Ipomoea_lacunosa,0
Ipomoea_rubriflora,0
Ipomoea_hederifolia,0
Ipomoea_quamoclit,0
Ipomoea_indica,0
Ipomoea_nil,0
Ipomoea_purpurea,0
Ipomoea_alba,0
Ipomoea_trifida,0
Ipomoea_batatas,0
Ipomoea_cordatotriloba,0
Ipomoea_carnea,0
Ipomoea_eriocarpa,0
Argyreia_nervosa,0
Merremia_tuberosa,0
Cuscuta_approximata,0
Cuscuta_campestris,0
Jacquemontia_tamnifolia,0
Evolvulus_nummularius,0
Anagallis_arvensis,0
Impatiens_balsamina,0
Impatiens_walleriana,0
Deutzia_crenata,1
Epiphyllum_oxypetalum,1
Opuntia_cochenillifera,2
Opuntia_ficusindica,1
Opuntia_dillenii,0
Opuntia_stricta,1
Nopalea_cochenillifera,1
Opuntia_monacantha,1
Pereskia_aculeata,1
Portulaca_oleracea,0
Portulaca_pilosa,0
Portulaca_grandiflora,0
Talinum_fruticosum,0
Talinum_paniculatum,0
Anredera_vesicaria,0
Anredera_cordifolia,0
Basella_alba,0
Mollugo_verticillata,0
Tetragonia_tetragonioides,0
Boerhavia_erecta,0
Mirabilis_jalapa,0
Oxybaphus_nyctagineus,0
Bougainvillea_spectabilis,1
Bougainvillea_glabra,1
Rivina_humilis,1
Petiveria_alliacea,1
Phytolacca_americana,0
Vaccaria_hispanica,0
Silene_gallica,0
Silene_vulgaris,0
Silene_armeria,0
Agrostemma_githago,0
Dianthus_sylvestris,0
Saponaria_officinalis,0
Cerastium_fontanum,0
Cerastium_glomeratum,0
Stellaria_pallida,0
Stellaria_media,0
Spergula_arvensis,0
Salicornia_bigelovii,0
Atriplex_hortensis,0
Atriplex_canescens,1
Atriplex_nummularia,0
Chenopodium_hybridum,0
Chenopodium_album,0
Chenopodium_giganteum,0
Dysphania_pumilio,0
Dysphania_ambrosioides,0
Alternanthera_bettzickiana,0
Alternanthera_pungens,0
Alternanthera_paronychioides,0
Alternanthera_philoxeroides,0
Gomphrena_celosioides,0
Gomphrena_globosa,0
Iresine_herbstii,0
Amaranthus_tortuosus,0
Amaranthus_tenuifolius,0
Amaranthus_polygonoides,0
Amaranthus_cruentus,0
Amaranthus_dubius,0
Amaranthus_spinosus,0
Amaranthus_hypochondriacus,0
Amaranthus_caudatus,0
Amaranthus_retroflexus,0
Amaranthus_powellii,0
Amaranthus_hybridus,0
Amaranthus_standleyanus,0
Amaranthus_blitoides,0
Amaranthus_blitum,0
Amaranthus_tricolor,0
Amaranthus_viridis,0
Amaranthus_palmeri,0
Amaranthus_tuberculatus,0
Amaranthus_albus,0
Celosia_argentea,0
Homalocladium_platycladum,1
Fallopia_scandens,0
Antigonon_leptopus,1
Stylosanthes_guianensis,1
Trifolium_fragiferum,0
Trifolium_hybridum,0
Trifolium_repens,0
Trifolium_pratense,0
Trifolium_incarnatum,0
Trifolium_dubium,0
Medicago_sativa,0
Medicago_polymorpha,0
Medicago_minima,0
Melilotus_officinalis,0
Trigonella_foenumgraecum,0
Vicia_sativa,0
Vicia_villosa,0
Lotus_corniculatus,0
Securigera_varia,0
Sesbania_sesban,0
Sesbania_grandiflora,0
Sesbania_cannabina,0
Sesbania_herbacea,0
Robinia_pseudoacacia,2
Gliricidia_sepium,2
Calopogonium_mucunoides,0
Pachyrhizus_erosus,0
Desmodium_intortum,0
Desmodium_tortuosum,0
Desmodium_scorpiurus,0
Phaseolus_coccineus,0
Phaseolus_vulgaris,0
Macroptilium_atropurpureum,0
Macroptilium_lathyroides,0
Lablab_purpureus,0
Macrotyloma_uniflorum,0
Erythrina_bidwillii,2
Cajanus_cajan,1
Derris_elliptica,0
Tephrosia_candida,1
Canavalia_ensiformis,0
Centrosema_pubescens,0
Clitoria_ternatea,0
Indigofera_suffruticosa,1
Amorpha_fruticosa,1
Crotalaria_ochroleuca,0
Crotalaria_trichotoma,0
Crotalaria_lanceolata,0
Crotalaria_juncea,0
Crotalaria_micans,1
Crotalaria_incana,0
Ulex_europaeus,1
Dalbergia_sissoo,2
Aeschynomene_americana,0
Arachis_hypogaea,0
Arachis_duranensis,0
Acacia_mangium,2
Acacia_longifolia,2
Acacia_mearnsii,2
Acacia_dealbata,1
Acacia_decurrens,2
Albizia_lebbeck,2
Acacia_senegal,2
Pithecellobium_dulce,2
Mimosa_pudica,1
Mimosa_invisa,0
Mimosa_diplotricha,0
Mimosa_bimucronata,1
Mimosa_pigra,0
Desmanthus_virgatus,0
Leucaena_leucocephala,1
Neptunia_plena,0
Caesalpinia_pulcherrima,1
Senna_surattensis,2
Senna_fruticosa,1
Senna_occidentalis,0
Senna_hirsuta,1
Senna_sophera,1
Senna_bicapsularis,1
Senna_corymbosa,1
Senna_obtusifolia,1
Senna_tora,0
Chamaecrista_mimosoides,1
Senna_alata,1
Senna_siamea,2
Senna_didymobotrya,1
Cassia_floribunda,1
Polygala_paniculata,0
Pilea_microphylla,0
Cannabis_sativa,0
Ulmus_laevis,2
Cucumis_melo,0
Melothria_pendula,0
Sicyos_angulatus,0
Sechium_edule,0
Echinocystis_lobata,0
Momordica_charantia,0
Begonia_cucullata,0
Elatine_americana,0
Passiflora_suberosa,0
Passiflora_morifolia,1
Passiflora_quadrangularis,0
Passiflora_edulis,0
Passiflora_caerulea,0
Passiflora_foetida,0
Salix_fragilis,2
Phyllanthus_debilis,0
Phyllanthus_amarus,0
Phyllanthus_tenellus,0
Phyllanthus_niruri,0
Euphorbia_neriifolia,1
Euphorbia_antiquorum,2
Euphorbia_milii,1
Euphorbia_tithymaloides,1
Euphorbia_prostrata,0
Euphorbia_maculata,0
Euphorbia_hypericifolia,0
Euphorbia_hyssopifolia,0
Euphorbia_nutans,0
Euphorbia_serpens,0
Euphorbia_marginata,0
Euphorbia_pulcherrima,1
Euphorbia_heterophylla,0
Euphorbia_cyathophora,0
Euphorbia_dentata,0
Euphorbia_peplus,0
Euphorbia_lathyris,0
Croton_hirtus,0
Codiaeum_variegatum,1
Manihot_esculenta,1
Ricinus_communis,0
Linum_usitatissimum,0
Linum_striatum,0
Oxalis_triangularis,0
Oxalis_pescaprae,0
Oxalis_latifolia,0
Oxalis_debilis,0
Oxalis_bowiei,0
Tribulus_cistoides,0
Sisymbrium_orientale,0
Sisymbrium_officinale,0
Sisymbrium_irio,0
Sisymbrium_altissimum,0
Brassica_juncea,0
Raphanus_raphanistrum,0
Diplotaxis_muralis,0
Sinapis_alba,0
Sinapis_arvensis,0
Eutrema_japonicum,0
Alliaria_petiolata,0
Alyssum_alyssoides,0
Hesperis_matronalis,0
Bunias_orientalis,0
Erysimum_repandum,0
Capsella_bursapastoris,0
Cardamine_flexuosa,0
Nasturtium_officinale,0
Rorippa_amphibia,0
Armoracia_rusticana,0
Lepidium_didymum,0
Lepidium_virginicum,0
Lepidium_bonariense,0
Lepidium_densiflorum,0
Lepidium_campestre,0
Lobularia_maritima,0
Cleome_rutidosperma,0
Cleoserrata_speciosa,0
Reseda_lutea,0
Carica_papaya,2
Moringa_oleifera,2
Tropaeolum_majus,0
Waltheria_indica,1
Herissantia_crispa,0
Malvastrum_coromandelianum,1
Malvastrum_americanum,0
Abutilon_theophrasti,0
Sida_acuta,0
Hibiscus_trionum,0
Malachra_capitata,0
Corchorus_olitorius,0
Muntingia_calabura,2
Bixa_orellana,2
Citrus_aurantiifolia,2
Acer_negundo,2
Rhus_typhina,2
Clidemia_hirta,1
Eucalyptus_robusta,2
Eucalyptus_exserta,2
Eucalyptus_globulus,2
Psidium_guajava,2
Syzygium_jambos,2
Oenothera_villosa,0
Oenothera_tetraptera,0
Oenothera_stricta,0
Oenothera_parviflora,0
Oenothera_oakesiana,0
Oenothera_curtiflora,0
Oenothera_odorata,0
Oenothera_glazioviana,0
Oenothera_biennis,0
Oenothera_drummondii,0
Oenothera_laciniata,0
Gaura_mollis,0
Gaura_lindheimeri,0
Gaura_biennis,0
Oenothera_rosea,0
Oenothera_speciosa,0
Clarkia_pulchella,0
Ludwigia_leptocarpa,0
Ludwigia_hyssopifolia,0
Sonneratia_apetala,2
Ammannia_coccinea,0
Rotala_ramosior,0
Cuphea_carthagenensis,0
Punica_granatum,1
Geranium_carolinianum,0
Geranium_molle,0
Erodium_moschatum,0
Parthenocissus_quinquefolia,1
Sedum_mexicanum,0
Kalanchoe_tubiflora,0
Bryophyllum_daigremontianum,0
Bryophyllum_delagoense,0
Bryophyllum_pinnatum,0
Myriophyllum_aquaticum,0
Ribes_nigrum,1
Ribes_uvacrispa,1
Ranunculus_sardous,0
Ranunculus_muricatus,0
Ranunculus_arvensis,0
Berberis_thunbergii,1
Papaver_nudicaule,0
Argemone_mexicana,0
Eschscholzia_californica,0
Sansevieria_trifasciata,0
Asparagus_densiflorus,1
Asparagus_setaceus,1
Cordyline_fruticosa,0
Agave_sisalana,0
Agave_americana,0
Nothoscordum_gracile,0
Zephyranthes_minuta,0
Zephyranthes_carinata,0
Zephyranthes_candida,0
Hippeastrum_striatum,0
Hippeastrum_vittatum,0
Sisyrinchium_atlanticum,0
Sisyrinchium_micranthum,0
Eleutherine_bulbosa,0
Spartina_alterniflora,0
Spartina_anglica,0
Panicum_dichotomiflorum,0
Brachiaria_brizantha,0
Brachiaria_plantaginea,0
Brachiaria_mutica,0
Panicum_maximum,0
Melinis_repens,0
Melinis_minutiflora,0
Brachiaria_eruciformis,0
Pennisetum_polystachion,0
Cenchrus_purpureus,0
Cenchrus_incertus,0
Cenchrus_clandestinus,0
Cenchrus_echinatus,0
Cenchrus_caliculatus,0
Pennisetum_purpureum,0
Pennisetum_glaucum,0
Pennisetum_clandestinum,0
Setaria_parviflora,0
Setaria_sphacelata,0
Paspalidium_flavidum,0
Panicum_acuminatum,0
Digitaria_ciliaris,0
Dichanthium_annulatum,0
Cymbopogon_nardus,0
Sorghum_halepense,0
Chrysopogon_zizanioides,0
Paspalum_dilatatum,0
Paspalum_urvillei,0
Paspalum_fimbriatum,0
Paspalum_virgatum,0
Paspalum_notatum,0
Paspalum_conjugatum,0
Paspalum_distichum,0
Axonopus_fissifolius,0
Axonopus_compressus,0
Cynodon_plectostachyus,0
Chloris_virgata,0
Chloris_gayana,0
Chloris_barbata,0
Eleusine_coracana,0
Dinebra_retroflexa,0
Buchloe_dactyloides,0
Eragrostis_curvula,0
Eragrostis_ciliaris,0
Vulpia_myuros,0
Festuca_rubra,0
Festuca_arundinacea,0
Lolium_remotum,0
Lolium_persicum,0
Lolium_rigidum,0
Lolium_multiflorum,0
Lolium_temulentum,0
Lolium_perenne,0
Parapholis_incurva,0
Dactylis_glomerata,0
Holcus_lanatus,0
Alopecurus_myosuroides,0
Poa_trivialis,0
Poa_pratensis,0
Poa_compressa,0
Poa_annua,0
Phleum_pratense,0
Phalaris_paradoxa,0
Phalaris_minor,0
Phalaris_canariensis,0
Avena_sterilis,0
Avena_fatua,0
Arrhenatherum_elatius,0
Hordeum_jubatum,0
Hordeum_bulbosum,0
Secale_cereale,0
Bromus_rigidus,0
Bromus_arvensis,0
Bromus_catharticus,0
Glyceria_maxima,0
Pleioblastus_gramineus,2
Ehrharta_erecta,0
Cyperus_surinamensis,0
Cyperus_prolifer,0
Cyperus_rotundus,0
Cyperus_esculentus,0
Kyllinga_polyphylla,0
Rhynchospora_submarginata,0
Curcuma_longa,0
Etlingera_elatior,0
Canna_indica,0
Eichhornia_crassipes,0
Tradescantia_pallida,0
Tradescantia_zebrina,0
Tradescantia_fluminensis,0
Callisia_repens,0
Tinantia_erecta,0
Elaeis_guineensis,1
Lilium_hansonii,0
Pistia_stratiotes,0
Caladium_bicolor,0
Dieffenbachia_seguine,0
Potamogeton_vaseyi,0
Sagittaria_graminea,0
Limnocharis_flava,0
Annona_glabra,2
Peperomia_pellucida,0
Piper_betle,0
Nymphaea_alba,0
Cabomba_caroliniana,0