species,mrt,habitat,habitat_cat
Spilanthes_acmella,86,2,1
Sanvitalia_procumbens,101,2,1
Cota_tinctoria,91,4,2
Eupatorium_adenophorum,60,4,2
Acanthospermum_australe,86,10,3
Helianthus_tuberosus,127,5,2
Acmella_uliginosa,54,5,3
Eclipta_prostrata,169,4,2
Gnaphalium_pensylvanicum,101,2,1
Gnaphalium_polycaulon,115,3,2
Erigeron_karvinskianus,73,13,3
Erigeron_bellioides,112,7,3
Matricaria_matricarioides,69,3,2
Emilia_sonchifolia,138,7,3
Emilia_fosbergii,26,7,2
Erechtites_valerianifolia,98,8,3
Erechtites_hieracifolia,89,6,2
Hypochaeris_radicata,103,4,1
Lactuca_sativa,166,1,1
Carthamus_tinctorius,166,1,1
Coriandrum_sativum,169,5,2
Foeniculum_vulgare,166,9,2
Hydrocotyle_vulgaris,43,2,1
Mentha_spicata,106,3,2
Rosmarinus_officinalis,12,7,3
Ruellia_simplex,28,1,1
Andrographis_paniculata,98,4,2
Pyrostegia_venusta,101,1,1
Duranta_erecta,112,9,3
Lindernia_dubia,17,4,2
Plantago_lanceolata,123,6,2
Digitalis_purpurea,100,5,3
Jasminum_sambac,115,6,3
Myosotis_arvensis,10,5,2
Mussaenda_erythrophylla,103,6,2
Cinchona_officinalis,94,2,1
Cinchona_pubescens,94,6,2
Cinchona_calisaya,90,2,1
Cascabela_thevetia,101,8,3
Rauvolfia_tetraphylla,62,1,1
Plumeria_rubra,105,5,3
Solanum_donianum,108,9,2
Solanum_seaforthianum,87,8,2
Capsicum_annuum,129,7,3
Nicotiana_alata,91,4,2
Nicotiana_plumbaginifolia,86,5,2
Ipomoea_turbinata,46,1,1
Ipomoea_batatas,137,1,1
Ipomoea_eriocarpa,93,5,2
Argyreia_nervosa,88,7,2
Anagallis_arvensis,122,3,2
Epiphyllum_oxypetalum,93,3,3
Nopalea_cochenillifera,104,7,3
Portulaca_oleracea,169,11,3
Portulaca_grandiflora,105,1,1
Mollugo_verticillata,86,2,1
Boerhavia_erecta,51,4,2
Bougainvillea_spectabilis,106,5,3
Silene_armeria,105,1,1
Dianthus_sylvestris,69,2,1
Saponaria_officinalis,110,3,2
Cerastium_fontanum,114,3,2
Spergula_arvensis,65,1,1
Atriplex_hortensis,91,4,2
Chenopodium_album,166,5,2
Alternanthera_bettzickiana,105,8,2
Gomphrena_globosa,120,7,2
Trifolium_fragiferum,91,3,2
Lotus_corniculatus,166,4,2
Desmodium_intortum,42,4,1
Desmodium_scorpiurus,97,2,1
Phaseolus_coccineus,116,4,2
Phaseolus_vulgaris,152,1,1
Canavalia_ensiformis,105,4,2
Amorpha_fruticosa,103,7,3
Dalbergia_sissoo,116,12,3
Pithecellobium_dulce,100,3,2
Caesalpinia_pulcherrima,169,6,2
Senna_surattensis,169,9,3
Senna_tora,90,3,2
Senna_siamea,86,8,3
Cassia_floribunda,88,7,2
Ulmus_laevis,63,2,1
Cucumis_melo,123,2,1
Sechium_edule,89,6,2
Momordica_charantia,117,4,4
Elatine_americana,69,4,2
Salix_fragilis,166,2,1
Euphorbia_neriifolia,115,6,2
Euphorbia_milii,115,5,2
Euphorbia_tithymaloides,94,4,3
Euphorbia_lathyris,136,3,1
Codiaeum_variegatum,100,4,2
Manihot_esculenta,102,2,1
Linum_striatum,108,2,2
Tribulus_cistoides,90,4,2
Sisymbrium_orientale,25,1,1
Sisymbrium_officinale,96,4,2
Sisymbrium_irio,114,7,2
Sisymbrium_altissimum,120,3,2
Brassica_juncea,137,5,2
Sinapis_alba,65,4,2
Eutrema_japonicum,25,1,1
Capsella_bursapastoris,166,13,3
Armoracia_rusticana,96,3,3
Carica_papaya,115,3,2
Moringa_oleifera,95,10,3
Muntingia_calabura,88,5,2
Bixa_orellana,122,6,2
Syzygium_jambos,169,6,2
Gaura_biennis,120,3,1
Ludwigia_hyssopifolia,95,2,2
Rotala_ramosior,86,2,1
Punica_granatum,131,2,1
Geranium_molle,103,3,2
Erodium_moschatum,23,4,2
Sedum_mexicanum,19,1,1
Ribes_nigrum,94,4,2
Ribes_uvacrispa,176,5,2
Berberis_thunbergii,98,7,2
Asparagus_setaceus,100,5,2
Cordyline_fruticosa,103,7,3
Sisyrinchium_atlanticum,35,5,3
Sisyrinchium_micranthum,7,3,1
Brachiaria_plantaginea,91,1,1
Paspalidium_flavidum,86,3,2
Digitaria_ciliaris,112,11,3
Dichanthium_annulatum,153,8,3
Cynodon_plectostachyus,52,4,2
Chloris_virgata,154,9,3
Eleusine_coracana,136,2,1
Eragrostis_ciliaris,110,8,4
Vulpia_myuros,89,11,2
Lolium_rigidum,121,4,1
Dactylis_glomerata,174,5,2
Alopecurus_myosuroides,79,2,1
Poa_trivialis,71,2,1
Poa_pratensis,120,9,2
Poa_compressa,119,11,2
Poa_annua,166,12,4
Phalaris_canariensis,123,1,1
Hordeum_bulbosum,98,1,1
Bromus_rigidus,89,6,2
Cyperus_prolifer,20,1,1
Kyllinga_polyphylla,12,3,1
Etlingera_elatior,94,4,2
Canna_indica,169,9,3
Elaeis_guineensis,68,6,3
Lilium_hansonii,73,1,1
Caladium_bicolor,79,3,2
Dieffenbachia_seguine,69,5,3
Potamogeton_vaseyi,41,4,1
Annona_glabra,79,13,5
Nymphaea_alba,108,2,1