species,mrt,uses_nu,uses_cat
Zinnia_elegans,119,1,1
Zinnia_peruviana,98,0,0
Silphium_perfoliatum,76,3,3
Rudbeckia_hirta,121,2,2
Rudbeckia_laciniata,106,2,2
Ageratum_conyzoides,169,3,3
Ageratum_houstonianum,121,2,2
Chromolaena_odorata,86,2,2
Praxelis_clematidea,31,0,0
Eupatorium_cannabinum,99,2,2
Mikania_micrantha,90,0,0
Ageratina_adenophora,31,2,2
Gaillardia_aristata,107,1,1
Gaillardia_pulchella,114,1,1
Helenium_bigelovii,59,0,0
Flaveria_bidentis,32,1,1
Smallanthus_uvedalia,41,0,0
Galinsoga_parviflora,108,1,1
Galinsoga_quadriradiata,103,0,0
Tridax_procumbens,94,0,0
Acanthospermum_hispidum,86,1,1
Tithonia_rotundifolia,96,2,2
Tithonia_diversifolia,101,1,1
Ambrosia_artemisiifolia,65,2,2
Ambrosia_psilostachya,30,0,0
Ambrosia_trifida,113,1,1
Xanthium_strumarium,169,0,0
Xanthium_spinosum,5,1,1
Parthenium_hysterophorus,96,1,1
Acmella_radicans,8,0,0
Sphagneticola_trilobata,31,2,2
Synedrella_nodiflora,114,0,0
Calyptocarpus_vialis,24,0,0
Bidens_bipinnata,169,2,2
Bidens_frondosa,96,1,1
Coreopsis_lanceolata,113,1,1
Coreopsis_tinctoria,121,1,1
Coreopsis_basalis,72,1,1
Cosmos_sulphureus,100,3,2
Cosmos_bipinnatus,120,3,3
Pluchea_sagittalis,15,0,0
Aster_subulatus,89,0,0
Solidago_canadensis,108,3,3
Erigeron_sumatrensis,112,0,0
Erigeron_strigosus,55,1,1
Erigeron_annuus,121,1,1
Erigeron_philadelphicus,38,1,1
Erigeron_bonariensis,169,1,1
Conyza_sumatrensis,100,0,0
Erigeron_canadensis,144,2,2
Chrysanthemum_segetum,166,2,2
Glebionis_coronaria,166,2,2
Tanacetum_parthenifolium,89,1,1
Leucanthemum_vulgare,112,2,2
Soliva_anthemifolia,96,0,0
Crassocephalum_rubens,12,0,0
Crassocephalum_crepidioides,98,2,2
Erechtites_valerianifolius,100,0,0
Crepis_tectorum,97,0,0
Sonchus_oleraceus,166,1,1
Sonchus_arvensis,143,0,0
Elephantopus_tomentosus,94,1,1
Pseudelephantopus_spicatus,97,1,1
Hippobroma_longiflora,93,1,1
Cyclospermum_leptophyllum,103,0,0
Ammi_majus,96,3,3
Conium_maculatum,120,3,3
Daucus_carota,166,2,2
Hydrocotyle_verticillata,14,0,0
Salvia_tiliifolia,42,0,0
Hyptis_suaveolens,104,1,1
Hyptis_brevipes,93,1,1
Hyptis_capitata,101,0,0
Ocimum_basilicum,117,4,4
Orobanche_brassicae,45,0,0
Ruellia_tuberosa,92,0,0
Justicia_gendarussa,170,3,2
Dolichandra_unguiscati,96,3,3
Lantana_camara,169,3,3
Stachytarpheta_urticifolia,169,0,0
Stachytarpheta_jamaicensis,40,1,1
Torenia_fournieri,54,1,1
Mecardonia_procumbens,18,0,0
Veronica_polita,137,0,0
Veronica_persica,116,0,0
Veronica_arvensis,73,0,0
Veronica_hederifolia,37,0,0
Veronica_peregrina,119,2,2
Plantago_virginica,88,0,0
Stemodia_verticillata,2,0,0
Scoparia_dulcis,169,1,1
Borago_officinalis,86,5,5
Heliotropium_ellipticum,66,0,0
Heliotropium_europaeum,145,2,2
Mitracarpus_hirtus,43,0,0
Richardia_brasiliensis,64,0,0
Richardia_scabra,54,0,0
Spermacoce_alata,62,0,0
Spermacoce_remota,41,0,0
Calotropis_procera,138,2,2
Voacanga_africana,50,1,1
Catharanthus_roseus,169,2,2
Ochrosia_elliptica,92,3,3
Solanum_erianthum,165,1,1
Solanum_elaeagnifolium,5,1,1
Solanum_torvum,128,2,2
Solanum_chrysotrichum,139,1,1
Solanum_rostratum,42,1,1
Solanum_capsicoides,145,3,3
Solanum_aculeatissimum,133,3,3
Physalis_lagascae,179,0,0
Physalis_angulata,146,1,1
Physalis_philadelphica,112,2,2
Datura_stramonium,163,5,4
Brugmansia_suaveolens,99,2,2
Nicandra_physalodes,93,2,2
Ipomoea_triloba,101,1,1
Ipomoea_mauritiana,90,1,1
Ipomoea_lacunosa,39,0,0
Ipomoea_quamoclit,105,1,1
Ipomoea_nil,123,2,2
Ipomoea_purpurea,102,3,3
Ipomoea_carnea,87,0,0
Cuscuta_approximata,166,0,0
Cuscuta_campestris,31,0,0
Jacquemontia_tamnifolia,41,0,0
Evolvulus_nummularius,21,0,0
Impatiens_balsamina,105,3,3
Opuntia_ficusindica,82,6,6
Opuntia_dillenii,104,3,3
Opuntia_monacantha,110,3,3
Portulaca_pilosa,112,1,1
Talinum_paniculatum,98,2,2
Anredera_vesicaria,45,1,1
Anredera_cordifolia,96,3,3
Basella_alba,110,4,4
Tetragonia_tetragonioides,48,0,0
Mirabilis_jalapa,131,3,3
Petiveria_alliacea,87,1,1
Phytolacca_americana,166,5,5
Vaccaria_hispanica,166,3,3
Silene_vulgaris,166,1,1
Agrostemma_githago,122,3,3
Cerastium_glomeratum,135,0,0
Stellaria_pallida,73,0,0
Stellaria_media,148,3,3
Atriplex_canescens,94,4,3
Atriplex_nummularia,26,1,1
Chenopodium_hybridum,117,1,1
Dysphania_pumilio,29,0,0
Dysphania_ambrosioides,98,4,4
Alternanthera_pungens,65,1,1
Alternanthera_philoxeroides,92,3,3
Amaranthus_tortuosus,53,0,0
Amaranthus_polygonoides,20,0,0
Amaranthus_cruentus,123,2,2
Amaranthus_spinosus,121,3,3
Amaranthus_caudatus,166,4,4
Amaranthus_retroflexus,117,5,5
Amaranthus_powellii,28,1,1
Amaranthus_hybridus,144,1,1
Amaranthus_blitum,117,1,1
Amaranthus_viridis,159,3,3
Amaranthus_palmeri,37,1,1
Amaranthus_tuberculatus,18,0,0
Amaranthus_albus,101,1,1
Celosia_argentea,154,4,4
Trifolium_repens,166,7,5
Trifolium_pratense,109,7,7
Medicago_sativa,166,4,4
Medicago_polymorpha,121,2,2
Melilotus_officinalis,167,0,0
Vicia_villosa,93,2,2
Securigera_varia,98,5,4
Sesbania_cannabina,112,5,4
Sesbania_herbacea,112,0,0
Robinia_pseudoacacia,108,11,6
Calopogonium_mucunoides,97,5,2
Cajanus_cajan,169,9,6
Derris_elliptica,88,2,2
Centrosema_pubescens,97,3,2
Ulex_europaeus,160,5,2
Aeschynomene_americana,97,2,2
Acacia_longifolia,12,2,1
Acacia_mearnsii,71,8,4
Acacia_dealbata,83,9,4
Acacia_decurrens,98,5,3
Albizia_lebbeck,137,11,5
Acacia_senegal,76,8,6
Mimosa_pudica,115,3,2
Mimosa_invisa,97,0,0
Mimosa_bimucronata,102,0,0
Desmanthus_virgatus,59,1,1
Leucaena_leucocephala,169,10,6
Senna_fruticosa,79,0,0
Senna_occidentalis,169,5,5
Senna_sophera,94,1,1
Senna_bicapsularis,70,2,2
Senna_corymbosa,40,1,1
Senna_obtusifolia,105,1,1
Senna_didymobotrya,57,3,2
Pilea_microphylla,105,1,1
Cannabis_sativa,157,2,2
Begonia_cucullata,69,2,2
Passiflora_suberosa,96,1,1
Passiflora_quadrangularis,71,2,2
Passiflora_edulis,100,4,4
Passiflora_caerulea,111,3,3
Passiflora_foetida,169,2,2
Euphorbia_antiquorum,105,2,2
Euphorbia_prostrata,101,2,2
Euphorbia_maculata,108,1,1
Euphorbia_hypericifolia,137,1,1
Euphorbia_hyssopifolia,133,1,1
Euphorbia_serpens,97,0,0
Euphorbia_pulcherrima,102,4,4
Euphorbia_heterophylla,115,1,1
Euphorbia_cyathophora,94,4,4
Euphorbia_dentata,38,1,1
Euphorbia_peplus,97,2,2
Croton_hirtus,7,0,0
Ricinus_communis,145,8,7
Oxalis_triangularis,13,0,0
Oxalis_latifolia,99,2,2
Oxalis_debilis,169,0,0
Alliaria_petiolata,94,2,2
Alyssum_alyssoides,94,1,1
Bunias_orientalis,90,2,2
Erysimum_repandum,93,0,0
Cardamine_flexuosa,139,1,1
Nasturtium_officinale,114,2,2
Rorippa_amphibia,7,0,0
Lepidium_didymum,115,0,0
Lepidium_virginicum,112,2,2
Lepidium_bonariense,13,0,0
Lepidium_campestre,97,0,0
Cleome_rutidosperma,64,0,0
Reseda_lutea,98,0,0
Waltheria_indica,179,2,2
Herissantia_crispa,90,0,0
Malvastrum_coromandelianum,135,1,1
Abutilon_theophrasti,166,4,3
Sida_acuta,118,2,2
Hibiscus_trionum,145,1,1
Corchorus_olitorius,169,3,3
Eucalyptus_robusta,107,2,2
Eucalyptus_exserta,100,1,1
Eucalyptus_globulus,94,10,6
Oenothera_curtiflora,92,0,0
Oenothera_glazioviana,112,3,3
Oenothera_drummondii,92,1,1
Gaura_mollis,92,0,0
Oenothera_rosea,86,1,1
Ammannia_coccinea,18,0,0
Cuphea_carthagenensis,55,2,2
Geranium_carolinianum,104,1,1
Bryophyllum_pinnatum,104,3,3
Myriophyllum_aquaticum,26,1,1
Ranunculus_muricatus,96,0,0
Ranunculus_arvensis,94,1,1
Argemone_mexicana,159,2,2
Asparagus_densiflorus,102,1,1
Agave_americana,122,4,4
Zephyranthes_minuta,95,0,0
Zephyranthes_carinata,26,1,1
Zephyranthes_candida,93,1,1
Hippeastrum_vittatum,100,1,1
Spartina_alterniflora,90,3,3
Spartina_anglica,43,4,4
Panicum_dichotomiflorum,114,0,0
Brachiaria_brizantha,42,2,2
Brachiaria_mutica,91,3,3
Panicum_maximum,101,3,3
Melinis_repens,82,3,1
Brachiaria_eruciformis,95,1,1
Pennisetum_polystachion,61,0,0
Cenchrus_purpureus,113,4,3
Cenchrus_incertus,7,0,0
Cenchrus_clandestinus,12,5,3
Cenchrus_echinatus,104,0,0
Cenchrus_caliculatus,50,0,0
Sorghum_halepense,111,3,3
Paspalum_dilatatum,103,4,4
Paspalum_conjugatum,105,1,1
Paspalum_distichum,101,4,4
Axonopus_fissifolius,19,3,2
Chloris_gayana,104,3,3
Eragrostis_curvula,69,4,3
Festuca_rubra,125,3,2
Festuca_arundinacea,84,5,3
Lolium_persicum,91,0,0
Lolium_temulentum,74,2,2
Parapholis_incurva,68,0,0
Avena_sterilis,91,2,2
Avena_fatua,137,5,5
Arrhenatherum_elatius,96,3,2
Hordeum_jubatum,96,1,1
Secale_cereale,112,2,2
Bromus_catharticus,69,1,1
Cyperus_rotundus,178,6,5
Cyperus_esculentus,68,0,0
Eichhornia_crassipes,114,6,4
Tradescantia_pallida,17,1,1
Tradescantia_zebrina,90,1,1
Tradescantia_fluminensis,19,1,1
Callisia_repens,19,3,1
Tinantia_erecta,8,0,0
Pistia_stratiotes,109,3,3
Limnocharis_flava,19,1,1
Peperomia_pellucida,106,3,3
Cabomba_caroliniana,24,1,1