species,height_scaled,height,mrt
Zinnia_elegans,-0.400516595,0.4,119
Zinnia_peruviana,-0.341511222,0.5,98
Silphium_perfoliatum,0.622400541,2.1336,76
Sclerocarpus_africanus,0.071526385,1.2,46
Sanvitalia_procumbens,-0.430019281,0.35,101
Rudbeckia_hirta,-0.376101015,0.441378571,121
Rudbeckia_laciniata,0.339477648,1.654113333,106
Cota_tinctoria,-0.348886894,0.4875,91
Amberboa_moschata,-0.400516595,0.4,166
Ageratum_conyzoides,-0.04648436,1,169
Ageratum_houstonianum,-0.04648436,1,121
Gymnocoronis_spilanthoides,0.248542502,1.5,19
Chromolaena_odorata,0.838596226,2.5,86
Praxelis_clematidea,-0.04648436,1,31
Eupatorium_adenophorum,0.838596226,2.5,60
Eupatorium_cannabinum,-0.101275063,0.907142857,99
Ageratina_adenophora,-0.164495105,0.8,31
Gaillardia_aristata,-0.276841334,0.6096,107
Gaillardia_pulchella,-0.276841334,0.6096,114
Helenium_autumnale,-0.218811517,0.707946667,113
Helenium_bigelovii,-0.105489733,0.9,59
Tagetes_erecta,0.071526385,1.2,166
Flaveria_bidentis,-0.04648436,1,32
Smallanthus_uvedalia,0.543569364,2,41
Galinsoga_parviflora,-0.412612696,0.3795,108
Galinsoga_quadriradiata,-0.432969549,0.345,103
Tridax_procumbens,-0.341511222,0.5,94
Acanthospermum_hispidum,-0.28250585,0.6,86
Acanthospermum_australe,-0.312008536,0.55,86
Lagascea_mollis,-0.04648436,1,57
Helianthus_laetiflorus,-0.088771544,0.928333333,55
Helianthus_tuberosus,0.509229811,1.941802667,127
Helianthus_annuus,0.821122206,2.470385714,122
Ambrosia_artemisiifolia,-0.331711775,0.516607721,65
Ambrosia_psilostachya,-0.478675709,0.267538986,30
Ambrosia_trifida,-0.031733017,1.025,113
Xanthium_strumarium,-0.20961686,0.723529412,169
Xanthium_spinosum,-0.300945029,0.56875,5
Parthenium_hysterophorus,-0.536228951,0.17,96
Parthenium_argentatum,-0.459521967,0.3,69
Acmella_uliginosa,-0.341511222,0.5,54
Acmella_radicans,-0.400516595,0.4,8
Acmella_ciliata,-0.164495105,0.8,50
Sphagneticola_trilobata,-0.223500477,0.7,31
Eclipta_prostrata,-0.061023284,0.97536,169
Synedrella_nodiflora,-0.341511222,0.5,114
Bidens_bipinnata,0.027272355,1.125,169
Bidens_frondosa,-0.242264186,0.6682,96
Coreopsis_lanceolata,-0.513658303,0.208251852,113
Coreopsis_tinctoria,-0.503792855,0.224971429,121
Coreopsis_basalis,-0.28250585,0.6,72
Coreopsis_grandiflora,-0.04648436,1,71
Cosmos_sulphureus,0.543569364,2,100
Cosmos_bipinnatus,0.130531757,1.3,120
Dahlia_pinnata,0.307547874,1.6,116
Gnaphalium_purpureum,-0.611755828,0.042,169
Gnaphalium_pensylvanicum,-0.371013908,0.45,101
Gnaphalium_polycaulon,-0.489024653,0.25,115
Pluchea_sagittalis,0.248542502,1.5,15
Grindelia_squarrosa,-0.105489733,0.9,86
Solidago_altissima,0.425558619,1.8,89
Solidago_canadensis,-0.147330775,0.829089436,108
Erigeron_sumatrensis,-0.018161782,1.048,112
Erigeron_speciosus,-0.44779285,0.319878049,35
Erigeron_strigosus,-0.382393557,0.430714216,55
Erigeron_annuus,-0.211263277,0.72073913,121
Erigeron_karvinskianus,-0.465422504,0.29,73
Erigeron_philadelphicus,-0.132962634,0.85344,38
Erigeron_bonariensis,-0.319335037,0.537583333,169
Conyza_sumatrensis,-0.125152289,0.866676667,100
Erigeron_canadensis,-0.348333718,0.4884375,144
Chrysanthemum_segetum,-0.28250585,0.6,166
Glebionis_coronaria,-0.459521967,0.3,166
Achillea_millefolium,-0.50615747,0.220963971,166
Matricaria_matricarioides,-0.565908653,0.1197,69
Tanacetum_parthenifolium,-0.400516595,0.4,89
Tanacetum_vulgare,-0.173402106,0.784904762,146
Anthemis_arvensis,-0.460286142,0.298704906,120
Leucanthemum_vulgare,-0.420561984,0.366027857,112
Soliva_anthemifolia,-0.548030026,0.15,96
Emilia_sonchifolia,-0.400516595,0.4,138
Emilia_fosbergii,-0.04648436,1,26
Crassocephalum_rubens,0.248542502,1.5,12
Erechtites_valerianifolia,1.133623088,3,98
Erechtites_hieracifolia,-0.04648436,1,89
Erechtites_hieraciifolius,0.1797029,1.383333333,84
Erechtites_valerianifolius,-0.04648436,1,100
Crepis_tectorum,-0.453832163,0.309642857,97
Hypochaeris_radicata,-0.503996588,0.22462615,103
Sonchus_asper,-0.354511607,0.477967456,111
Sonchus_oleraceus,-0.078138635,0.946353571,166
Sonchus_arvensis,0.025797221,1.1225,143
Lactuca_sativa,-0.223500477,0.7,166
Cichorium_intybus,-0.196239995,0.7462,166
Elephantopus_tomentosus,-0.04648436,1,94
Pseudelephantopus_spicatus,-0.04648436,1,97
Centaurea_diffusa,-0.422303194,0.363076923,58
Cyanus_segetum,-0.32704771,0.524512195,105
Carthamus_tinctorius,-0.120609859,0.874375,166
Saussurea_costus,0.543569364,2,67
Silybum_marianum,0.11991079,1.282,83
Triodanis_perfoliata,-0.483124116,0.26,16
Hippobroma_longiflora,-0.430019281,0.35,93
Coriandrum_sativum,-0.348591867,0.488,169
Cyclospermum_leptophyllum,-0.432477838,0.345833333,103
Ammi_majus,-0.32380961,0.53,96
Foeniculum_vulgare,0.216932481,1.446428571,166
Conium_maculatum,0.411790699,1.776666667,120
Daucus_carota,-0.344589721,0.49478268,166
Anthriscus_caucalis,-0.361868076,0.4655,113
Eryngium_foetidum,-0.105489733,0.9,110
Hydrocotyle_vulgaris,-0.545959706,0.153508696,43
Hydrocotyle_verticillata,-0.577532712,0.1,14
Lonicera_sempervirens,0.289136714,4.99872,87
Mentha_spicata,-0.283489273,0.598333333,106
Prunella_grandiflora,-0.524675699,0.18958,62
Salvia_coccinea,-0.105489733,0.9,105
Salvia_sclarea,-0.283135241,0.598933333,85
Rosmarinus_officinalis,-0.923293732,0.69581405,12
Hyptis_suaveolens,0.307547874,1.6,104
Hyptis_capitata,0.661580108,2.2,101
Ocimum_basilicum,-0.400516595,0.4,117
Stachys_arvensis,-0.531434765,0.178125,50
Orobanche_brassicae,-0.459521967,0.3,45
Ruellia_tuberosa,-0.223500477,0.7,92
Ruellia_simplex,-0.099589195,0.91,28
Andrographis_paniculata,-0.341511222,0.5,98
Thunbergia_alata,0.289497379,5,169
Martynia_annua,0.443260231,1.83,58
Pyrostegia_venusta,0.289497379,5,101
Dolichandra_unguiscati,-0.417824837,0.370666667,96
Lantana_montevidensis,-0.837583212,1,100
Lantana_camara,-0.307855334,2.88,169
Verbena_bonariensis,0.130531757,1.3,26
Duranta_erecta,-0.696698138,1.5,112
Lindernia_dubia,-0.597201169,0.066666667,17
Veronica_polita,-0.489614707,0.249,137
Veronica_persica,-0.520651533,0.1964,116
Veronica_arvensis,-0.553566641,0.140616761,73
Veronica_hederifolia,-0.490794814,0.247,37
Veronica_peregrina,-0.550795902,0.1453125,119
Plantago_virginica,-0.627687278,0.015,88
Plantago_lanceolata,-0.533784889,0.174142101,123
Plantago_aristata,-0.459521967,0.3,123
Digitalis_purpurea,-0.044211014,1.003852778,100
Cymbalaria_muralis,-0.479583794,0.266,71
Kickxia_elatine,-0.472230817,0.278461538,169
Stemodia_verticillata,-0.548030026,0.15,2
Scoparia_dulcis,-0.28250585,0.6,169
Jasminum_sambac,0.266244113,1.53,115
Myosotis_arvensis,-0.456301087,0.305458621,10
Borago_officinalis,-0.381044822,0.433,86
Symphytum_officinale,-0.182524525,0.769444444,42
Heliotropium_ellipticum,-0.518527339,0.2,66
Heliotropium_europaeum,-0.518527339,0.2,145
Galium_aparine,-0.370605315,0.450692468,137
Sherardia_arvensis,-0.542129488,0.16,94
Mitracarpus_hirtus,-0.540162643,0.163333333,43
Richardia_brasiliensis,-0.371013908,0.45,64
Richardia_scabra,-0.28250585,0.6,54
Spermacoce_alata,-0.28250585,0.6,62
Spermacoce_remota,-0.223500477,0.7,41
Diodia_virginiana,-0.28250585,0.6,6
Morinda_lucida,9.984428946,18,21
Cinchona_officinalis,-1.040587108,3,94
Cinchona_calisaya,-1.040587108,3,90
Cascabela_thevetia,0.289497379,5,101
Asclepias_curassavica,-0.04648436,1,169
Calotropis_procera,-0.696698138,1.5,138
Voacanga_africana,0.047219652,12,50
Rauvolfia_tetraphylla,-0.555813064,2,62
Catharanthus_roseus,-0.04648436,1,169
Ochrosia_elliptica,-0.677984854,6,92
Plumeria_rubra,-0.798852272,5,105
Solanum_erianthum,-1.174475975,1.892266667,165
Solanum_elaeagnifolium,-1.0066453,0.4,5
Solanum_torvum,-0.837583212,1,128
Solanum_chrysotrichum,-0.696698138,1.5,139
Solanum_donianum,-0.612167094,1.8,108
Solanum_carolinense,0.071526385,1.2,65
Solanum_rostratum,-0.223500477,0.7,42
Solanum_wrightii,1.416577971,9,169
Solanum_sisymbriifolium,0.396055933,1.75,121
Solanum_pseudocapsicum,-0.184163562,0.766666667,123
Solanum_betaceum,-1.161454525,2,67
Solanum_scabrum,-0.430019281,0.35,106
Solanum_seaforthianum,2.903784259,6,87
Solanum_lycopersicum,0.248542502,1.5,167
Physalis_lagascae,-0.04648436,1,179
Physalis_ixocarpa,-0.105489733,0.9,65
Physalis_angulata,-0.341511222,0.5,146
Physalis_pubescens,-0.341511222,0.5,147
Physalis_philadelphica,0.071526385,1.2,112
Physalis_peruviana,-0.341511222,0.5,97
Capsicum_annuum,-0.253003164,0.65,129
Datura_stramonium,0.089103775,1.229789474,163
Brugmansia_suaveolens,-0.443105005,2.4,99
Nicandra_physalodes,-0.345444914,0.493333333,93
Nicotiana_alata,0.248542502,1.5,91
Petunia_hybrida,-0.28250585,0.6,109
Ipomoea_turbinata,0.779590853,2.4,46
Ipomoea_triloba,0.602574736,2.1,101
Ipomoea_mauritiana,0.425558619,1.8,90
Ipomoea_quamoclit,2.077709046,4.6,105
Ipomoea_nil,0.248542502,1.5,123
Ipomoea_alba,5.263999155,10,89
Ipomoea_carnea,1.207379803,3.125,87
Argyreia_nervosa,5.263999155,10,88
Cuscuta_campestris,-0.406417132,0.39,31
Anagallis_arvensis,-0.579041372,0.097443182,122
Impatiens_balsamina,-0.335610685,0.51,105
Impatiens_walleriana,-0.223500477,0.7,62
Deutzia_crenata,-0.485370527,2.25,100
Epiphyllum_oxypetalum,0.571267527,6,93
Opuntia_cochenillifera,-1.233974976,1.4,38
Opuntia_ficusindica,-0.634934121,1.7192,82
Opuntia_stricta,-0.274042916,3,112
Opuntia_monacantha,0.853037675,7,110
Pereskia_aculeata,1.698348119,10,65
Portulaca_oleracea,-0.581420124,0.093411765,169
Portulaca_pilosa,-0.518527339,0.2,112
Portulaca_grandiflora,-0.459521967,0.3,105
Talinum_fruticosum,-0.04648436,1,104
Talinum_paniculatum,-0.105489733,0.9,98
Anredera_vesicaria,4.201902452,8.2,45
Anredera_cordifolia,4.673945431,9,96
Basella_alba,2.018703673,4.5,110
Mollugo_verticillata,-0.597763125,0.065714286,86
Tetragonia_tetragonioides,-0.463455659,0.293333333,48
Boerhavia_erecta,-0.164495105,0.8,51
Mirabilis_jalapa,0.248542502,1.5,131
Oxybaphus_nyctagineus,-0.04648436,1,12
Bougainvillea_glabra,1.134807823,8,100
Rivina_humilis,-0.908025749,0.75,123
Phytolacca_americana,0.627788268,2.142730909,166
Vaccaria_hispanica,-0.307747037,0.557222222,166
Silene_gallica,-0.474774856,0.27415,115
Silene_vulgaris,-0.404373798,0.393462963,166
Silene_armeria,-0.36806364,0.455,105
Agrostemma_githago,-0.230876149,0.6875,122
Dianthus_sylvestris,-0.52808621,0.1838,69
Saponaria_officinalis,-0.296929011,0.57555619,110
Cerastium_fontanum,-0.48906817,0.24992625,114
Cerastium_glomeratum,-0.511337904,0.212184375,135
Stellaria_pallida,-0.469734435,0.282692308,73
Stellaria_media,-0.449382648,0.317183721,148
Spergula_arvensis,-0.469809814,0.282564558,65
Salicornia_bigelovii,-0.28250585,0.6,21
Atriplex_hortensis,-0.149743762,0.825,91
Atriplex_canescens,-0.786291653,1.182033333,94
Atriplex_nummularia,0.836590043,2.4966,26
Chenopodium_hybridum,-0.301682596,0.5675,117
Chenopodium_album,-0.363750238,0.462310185,166
Chenopodium_giganteum,0.543569364,2,111
Dysphania_pumilio,-0.302174307,0.566666667,29
Dysphania_ambrosioides,-0.292745017,0.582647059,98
Alternanthera_bettzickiana,-0.341511222,0.5,105
Alternanthera_pungens,-0.28250585,0.6,65
Alternanthera_paronychioides,-0.164495105,0.8,91
Gomphrena_celosioides,-0.430019281,0.35,122
Gomphrena_globosa,-0.28250585,0.6,120
Iresine_herbstii,0.543569364,2,101
Amaranthus_tortuosus,0.248542502,1.5,53
Amaranthus_tenuifolius,-0.430019281,0.35,10
Amaranthus_polygonoides,-0.164495105,0.8,20
Amaranthus_cruentus,-0.400516595,0.4,123
Amaranthus_dubius,0.248542502,1.5,53
Amaranthus_spinosus,0.051857927,1.166666667,121
Amaranthus_hypochondriacus,-0.164495105,0.8,92
Amaranthus_caudatus,-0.219812642,0.70625,166
Amaranthus_retroflexus,-0.136849995,0.846851852,117
Amaranthus_powellii,-0.20383202,0.733333333,28
Amaranthus_hybridus,-0.286193686,0.59375,144
Amaranthus_standleyanus,-0.341511222,0.5,19
Amaranthus_blitoides,-0.294798636,0.579166667,96
Amaranthus_blitum,-0.352984489,0.480555556,117
Amaranthus_tricolor,0.101029071,1.25,121
Amaranthus_viridis,-0.400516595,0.4,159
Amaranthus_palmeri,-0.04648436,1,37
Amaranthus_albus,-0.406417132,0.39,101
Celosia_argentea,-0.211699403,0.72,154
Homalocladium_platycladum,-0.274042916,3,102
Fallopia_scandens,-0.392930189,0.412857143,92
Antigonon_leptopus,1.698348119,10,103
Stylosanthes_guianensis,-0.781229182,1.2,36
Trifolium_fragiferum,-0.50613694,0.220998765,91
Trifolium_hybridum,-0.368028773,0.455059091,96
Trifolium_repens,-0.534256021,0.173343644,166
Trifolium_pratense,-0.438025569,0.336431256,109
Trifolium_incarnatum,-0.499455194,0.232322727,12
Trifolium_dubium,-0.48666934,0.253991692,62
Medicago_sativa,-0.244842683,0.663830063,166
Medicago_polymorpha,-0.476233214,0.271678431,121
Medicago_minima,-0.555397853,0.137513294,112
Melilotus_officinalis,-0.17920753,0.775065957,167
Trigonella_foenumgraecum,-0.396091192,0.4075,108
Vicia_sativa,-0.444519851,0.325425,137
Vicia_villosa,-0.250974034,0.653438889,93
Lotus_corniculatus,-0.48475732,0.257232109,166
Securigera_varia,-0.342017377,0.499142188,98
Sesbania_sesban,4.083891707,8,104
Sesbania_grandiflora,2.960429417,6.096,97
Sesbania_cannabina,0.099691615,1.247733333,112
Sesbania_herbacea,1.133623088,3,112
Robinia_pseudoacacia,0.47996465,15.58032798,108
Gliricidia_sepium,0.99143592,19.812,34
Calopogonium_mucunoides,2.313730535,5,97
Desmodium_tortuosum,0.276707733,1.547733333,92
Desmodium_scorpiurus,-0.28250585,0.6,97
Phaseolus_coccineus,1.281136518,3.25,116
Phaseolus_vulgaris,0.021371818,1.115,152
Macroptilium_atropurpureum,0.082855416,1.2192,54
Lablab_purpureus,0.082855416,1.2192,169
Macrotyloma_uniflorum,-0.28250585,0.6,89
Erythrina_bidwillii,-0.315382601,9,105
Cajanus_cajan,-0.284891067,2.9615,169
Derris_elliptica,5.263999155,10,88
Tephrosia_candida,-0.274042916,3,94
Canavalia_ensiformis,0.248542502,1.5,105
Centrosema_pubescens,-0.371013908,0.45,97
Clitoria_ternatea,8.214267774,15,129
Indigofera_suffruticosa,-0.696698138,1.5,112
Amorpha_fruticosa,-0.084538403,3.67255,103
Crotalaria_ochroleuca,0.307547874,1.6,70
Crotalaria_trichotoma,0.228874044,1.466666667,88
Crotalaria_lanceolata,-0.075987046,0.95,86
Crotalaria_juncea,0.548289793,2.008,89
Crotalaria_micans,-0.555813064,2,92
Crotalaria_incana,0.838596226,2.5,70
Ulex_europaeus,-0.673974739,1.580645161,160
Dalbergia_sissoo,1.618496083,25,116
Aeschynomene_americana,0.1108633,1.266666667,97
Arachis_hypogaea,-0.341511222,0.5,157
Acacia_mangium,-0.177741746,10.13877551,39
Acacia_longifolia,-0.721690513,5.6384,12
Acacia_mearnsii,-0.360050994,8.630434783,71
Acacia_dealbata,2.170204742,11.67461538,83
Acacia_decurrens,-0.91971969,4,98
Albizia_lebbeck,0.107653361,12.5,137
Acacia_senegal,-0.418983245,8.142857143,76
Pithecellobium_dulce,1.014158995,20,100
Mimosa_pudica,0.946961058,7.333333333,115
Mimosa_invisa,-0.12515819,0.866666667,97
Mimosa_diplotricha,-0.28250585,0.6,31
Mimosa_bimucronata,1.980118266,11,102
Mimosa_pigra,0.95660697,2.7,24
Desmanthus_virgatus,-0.451379226,0.3138,59
Leucaena_leucocephala,0.557922893,5.95264,169
Caesalpinia_pulcherrima,0.289497379,5,169
Senna_surattensis,-0.194515183,10,169
Senna_fruticosa,0.571267527,6,79
Senna_occidentalis,0.543569364,2,169
Senna_hirsuta,-0.274042916,3,64
Senna_corymbosa,-0.41492799,2.5,40
Senna_tora,-0.105489733,0.9,90
Chamaecrista_mimosoides,-0.837583212,1,92
Senna_alata,-0.274042916,3,86
Senna_siamea,1.014158995,20,86
Senna_didymobotrya,1.416577971,9,57
Cassia_floribunda,-0.555813064,2,88
Polygala_paniculata,-0.341511222,0.5,91
Pilea_microphylla,-0.536228951,0.17,105
Cannabis_sativa,0.351801903,1.675,157
Ulmus_laevis,2.010850317,28.24615385,63
Cucumis_melo,1.133623088,3,123
Sicyos_angulatus,2.313730535,5,35
Sechium_edule,6.444106602,12,89
Echinocystis_lobata,2.136714418,4.7,6
Begonia_cucullata,2.608757397,5.5,69
Passiflora_suberosa,-0.584416672,0.088333333,96
Passiflora_edulis,2.903784259,6,100
Passiflora_foetida,0.720585481,2.3,169
Salix_fragilis,0.111973158,12.53573996,166
Phyllanthus_debilis,-0.28250585,0.6,121
Phyllanthus_amarus,-0.193997791,0.75,94
Phyllanthus_tenellus,-0.04648436,1,20
Phyllanthus_niruri,-0.21759994,0.71,108
Euphorbia_neriifolia,1.134807823,8,115
Euphorbia_antiquorum,-0.436250019,8,105
Euphorbia_milii,-0.612167094,1.8,115
Euphorbia_tithymaloides,-0.274042916,3,94
Euphorbia_prostrata,-0.562781369,0.125,101
Euphorbia_maculata,-0.574582443,0.105,108
Euphorbia_hyssopifolia,-0.601134861,0.06,133
Euphorbia_nutans,-0.521385591,0.195155946,16
Euphorbia_serpens,-0.597594538,0.066,97
Euphorbia_marginata,-0.105489733,0.9,115
Euphorbia_pulcherrima,-0.251501304,3.08,102
Euphorbia_heterophylla,-0.085821275,0.933333333,115
Euphorbia_cyathophora,-0.04648436,1,94
Euphorbia_dentata,-0.400516595,0.4,38
Euphorbia_peplus,-0.520654343,0.196395238,97
Euphorbia_lathyris,-0.09073839,0.925,136
Croton_hirtus,-0.105489733,0.9,7
Codiaeum_variegatum,0.571267527,6,100
Manihot_esculenta,-0.130452849,3.5096,102
Ricinus_communis,2.077709046,4.6,145
Linum_usitatissimum,-0.304359294,0.562963636,170
Linum_striatum,-0.168932309,0.79248,108
Oxalis_triangularis,-0.518527339,0.2,13
Oxalis_pescaprae,-0.427490479,0.354285714,65
Oxalis_bowiei,-0.548030026,0.15,42
Tribulus_cistoides,-0.459521967,0.3,90
Sisymbrium_orientale,-0.284144888,0.597222222,25
Sisymbrium_officinale,-0.345160814,0.493814815,96
Sisymbrium_irio,-0.423945198,0.360294118,114
Sisymbrium_altissimum,-0.220684312,0.704772727,120
Brassica_juncea,-0.167091341,0.7956,137
Raphanus_raphanistrum,-0.344716287,0.494568182,63
Diplotaxis_muralis,-0.493883919,0.241764706,115
Sinapis_alba,-0.354116915,0.478636364,65
Sinapis_arvensis,-0.318422163,0.539130435,57
Eutrema_japonicum,-0.04648436,1,25
Alliaria_petiolata,-0.326259616,0.525847826,94
Alyssum_alyssoides,-0.550082386,0.146521739,94
Hesperis_matronalis,-0.274408065,0.61372381,92
Bunias_orientalis,-0.183376824,0.768,90
Erysimum_repandum,-0.506234554,0.220833333,93
Capsella_bursapastoris,-0.500858982,0.229943642,166
Cardamine_flexuosa,-0.461365885,0.296875,139
Nasturtium_officinale,-0.312303563,0.5495,114
Rorippa_amphibia,-0.181515886,0.771153846,7
Armoracia_rusticana,-0.055335166,0.985,96
Lepidium_didymum,-0.505103617,0.22275,115
Lepidium_virginicum,-0.387977953,0.42125,112
Lepidium_bonariense,-0.376914446,0.44,13
Lepidium_densiflorum,-0.484880228,0.25702381,98
Lepidium_campestre,-0.407758163,0.387727273,97
Lobularia_maritima,-0.517740601,0.201333333,105
Cleome_rutidosperma,-0.04648436,1,64
Cleoserrata_speciosa,-0.28250585,0.6,104
Reseda_lutea,-0.372418798,0.447619048,98
Carica_papaya,-0.51296054,7.365333333,115
Moringa_oleifera,0.047219652,12,95
Tropaeolum_majus,-0.143105658,0.83625,121
Waltheria_indica,-0.84697555,0.966666667,179
Malvastrum_coromandelianum,-0.931506594,0.666666667,135
Malvastrum_americanum,-0.341511222,0.5,67
Abutilon_theophrasti,0.177736055,1.38,166
Sida_acuta,0.543569364,2,118
Hibiscus_trionum,-0.291893068,0.584090909,145
Corchorus_olitorius,0.228874044,1.466666667,169
Muntingia_calabura,0.107653361,12.5,88
Bixa_orellana,-0.476539158,7.666666667,122
Citrus_aurantiifolia,-0.91971969,4,100
Acer_negundo,-0.007309368,11.54885261,121
Rhus_typhina,-1.148997281,2.103065366,97
Eucalyptus_robusta,2.844623516,35.1444,107
Eucalyptus_exserta,1.618496083,25,100
Eucalyptus_globulus,1.740840542,26.01222034,94
Psidium_guajava,-0.237060514,9.648,169
Syzygium_jambos,0.142221443,12.786,169
Oenothera_villosa,0.543569364,2,63
Oenothera_tetraptera,-0.400516595,0.4,87
Oenothera_stricta,-0.184163562,0.766666667,105
Oenothera_parviflora,-0.067940859,0.963636364,71
Oenothera_oakesiana,-0.317909073,0.54,8
Oenothera_curtiflora,-0.28250585,0.6,92
Oenothera_glazioviana,-0.092079421,0.922727273,112
Oenothera_biennis,-0.126853081,0.863794231,123
Oenothera_drummondii,-0.28250585,0.6,92
Oenothera_laciniata,-0.28250585,0.6,99
Gaura_mollis,1.487655322,3.6,92
Oenothera_rosea,-0.498465513,0.234,86
Oenothera_speciosa,-0.276605313,0.61,45
Ludwigia_leptocarpa,1.133623088,3,11
Ludwigia_hyssopifolia,0.543569364,2,95
Ammannia_coccinea,-0.348780684,0.48768,18
Rotala_ramosior,-0.595234323,0.07,86
Cuphea_carthagenensis,-0.28250585,0.6,55
Punica_granatum,0.677338334,6.376444444,131
Geranium_carolinianum,-0.518527339,0.2,104
Geranium_molle,-0.485958162,0.25519697,103
Erodium_moschatum,-0.413301092,0.378333333,23
Parthenocissus_quinquefolia,-0.336811443,2.777235,122
Sedum_mexicanum,-0.577532712,0.1,19
Bryophyllum_daigremontianum,0.071526385,1.2,44
Bryophyllum_delagoense,-0.28250585,0.6,9
Bryophyllum_pinnatum,-0.164495105,0.8,104
Myriophyllum_aquaticum,0.543569364,2,26
Ribes_nigrum,-0.675565377,1.575,94
Ribes_uvacrispa,-0.834856404,1.009677419,176
Ranunculus_sardous,-0.503775996,0.225,12
Ranunculus_muricatus,-0.483124116,0.26,96
Ranunculus_arvensis,-0.419806813,0.367307692,94
Berberis_thunbergii,-0.531192615,2.087377778,98
Papaver_nudicaule,-0.577532712,0.1,161
Argemone_mexicana,-0.04648436,1,159
Eschscholzia_californica,-0.52572814,0.187796364,92
Sansevieria_trifasciata,-0.223500477,0.7,104
Asparagus_densiflorus,-0.837583212,1,102
Asparagus_setaceus,-0.41492799,2.5,100
Cordyline_fruticosa,1.152504807,3.032,103
Agave_sisalana,0.543569364,2,68
Agave_americana,0.343934521,1.661666667,122
Zephyranthes_minuta,-0.459521967,0.3,95
Zephyranthes_carinata,-0.459521967,0.3,26
Zephyranthes_candida,-0.459521967,0.3,93
Hippeastrum_striatum,-0.371013908,0.45,12
Hippeastrum_vittatum,-0.371013908,0.45,100
Sisyrinchium_atlanticum,-0.223500477,0.7,35
Sisyrinchium_micranthum,-0.518527339,0.2,7
Eleutherine_bulbosa,-0.400516595,0.4,86
Spartina_alterniflora,-0.17629618,0.78,90
Spartina_anglica,-0.389163147,0.419241379,43
Panicum_dichotomiflorum,0.112011937,1.268613333,114
Brachiaria_brizantha,-0.238841874,0.674,42
Brachiaria_plantaginea,-0.164495105,0.8,91
Brachiaria_mutica,-0.096992959,0.9144,91
Panicum_maximum,-0.040039158,1.010923077,101
Melinis_repens,-0.174526018,0.783,82
Melinis_minutiflora,0.248542502,1.5,92
Brachiaria_eruciformis,-0.400516595,0.4,95
Pennisetum_polystachion,0.042023698,1.15,61
Cenchrus_purpureus,2.313730535,5,113
Cenchrus_incertus,-0.164495105,0.8,7
Cenchrus_clandestinus,-0.223500477,0.7,12
Cenchrus_echinatus,-0.105489733,0.9,104
Pennisetum_purpureum,1.161945666,3.048,113
Pennisetum_glaucum,-0.265945008,0.628066667,92
Setaria_parviflora,-0.449617494,0.316785714,169
Setaria_sphacelata,-0.249266157,0.656333333,112
Paspalidium_flavidum,-0.04648436,1,86
Panicum_acuminatum,-0.502709871,0.226806827,87
Digitaria_ciliaris,-0.474674547,0.27432,112
Dichanthium_annulatum,0.330048589,1.638133333,153
Cymbopogon_nardus,0.779590853,2.4,112
Sorghum_halepense,0.095302868,1.240295455,111
Chrysopogon_zizanioides,0.582984952,2.0668,25
Paspalum_dilatatum,-0.222923536,0.700977778,103
Paspalum_urvillei,-0.616527567,0.033913043,31
Paspalum_fimbriatum,-0.04648436,1,51
Paspalum_virgatum,0.248542502,1.5,107
Paspalum_notatum,-0.428538136,0.352510186,110
Paspalum_conjugatum,-0.096992959,0.9144,105
Paspalum_distichum,-0.421248722,0.364864,101
Axonopus_fissifolius,-0.590294302,0.078372156,19
Axonopus_compressus,-0.456689709,0.3048,96
Cynodon_plectostachyus,-0.04648436,1,52
Chloris_virgata,-0.267754507,0.625,154
Chloris_gayana,-0.099717935,0.909781818,104
Chloris_barbata,-0.193997791,0.75,114
Eleusine_coracana,-0.04648436,1,136
Dinebra_retroflexa,-0.164495105,0.8,43
Buchloe_dactyloides,-0.625327063,0.019,69
Eragrostis_curvula,-0.249777536,0.655466667,69
Eragrostis_ciliaris,-0.238251821,0.675,110
Vulpia_myuros,-0.529434189,0.181515498,89
Festuca_rubra,-0.431086791,0.348190826,125
Festuca_arundinacea,-0.215655312,0.71329568,84
Lolium_remotum,-0.301050395,0.568571429,46
Lolium_persicum,-0.223500477,0.7,91
Lolium_rigidum,-0.403741006,0.394535394,121
Lolium_multiflorum,-0.342736718,0.497923077,107
Lolium_temulentum,-0.193997791,0.75,74
Lolium_perenne,-0.48426495,0.258066559,123
Parapholis_incurva,-0.59208737,0.075333333,68
Dactylis_glomerata,-0.378061439,0.43805612,174
Holcus_lanatus,-0.370739748,0.450464636,120
Alopecurus_myosuroides,-0.33654297,0.50842,79
Poa_trivialis,-0.461266227,0.297043896,71
Poa_pratensis,-0.457723582,0.303047833,120
Poa_compressa,-0.4609851,0.297520339,119
Poa_annua,-0.532930475,0.175590128,166
Phleum_pratense,-0.299749128,0.570776765,114
Phalaris_paradoxa,-0.390682366,0.416666667,64
Phalaris_minor,0.027272355,1.125,97
Phalaris_canariensis,-0.31176268,0.550416667,123
Avena_sterilis,-0.295086083,0.578679512,91
Avena_fatua,0.008503926,1.093192,137
Arrhenatherum_elatius,-0.343649289,0.496376488,96
Hordeum_jubatum,-0.341511222,0.5,96
Hordeum_bulbosum,-0.164495105,0.8,98
Secale_cereale,0.194493581,1.4084,112
Bromus_rigidus,-0.477892306,0.268866667,89
Bromus_arvensis,-0.314951429,0.5450125,166
Bromus_catharticus,-0.238795385,0.674078788,69
Glyceria_maxima,0.286091375,1.563636364,108
Ehrharta_erecta,-0.04648436,1,24
Cyperus_surinamensis,-0.164495105,0.8,13
Cyperus_prolifer,-0.28250585,0.6,20
Cyperus_rotundus,-0.489024653,0.25,178
Cyperus_esculentus,-0.396575036,0.40668,68
Kyllinga_polyphylla,-0.105489733,0.9,12
Rhynchospora_submarginata,-0.28250585,0.6,86
Curcuma_longa,0.248542502,1.5,113
Etlingera_elatior,1.487655322,3.6,94
Canna_indica,0.543569364,2,169
Eichhornia_crassipes,0.543569364,2,114
Tradescantia_pallida,-0.371013908,0.45,17
Tradescantia_zebrina,-0.506726265,0.22,90
Tradescantia_fluminensis,-0.506726265,0.22,19
Callisia_repens,-0.164495105,0.8,19
Tinantia_erecta,-0.164495105,0.8,8
Elaeis_guineensis,4.516049597,20,68
Caladium_bicolor,-0.164495105,0.8,79
Dieffenbachia_seguine,-0.04648436,1,69
Potamogeton_vaseyi,-0.276605313,0.61,41
Sagittaria_graminea,-0.28250585,0.6,64
Annona_glabra,0.07787163,12.2536,79
Peperomia_pellucida,-0.459521967,0.3,106
Piper_betle,2.903784259,6,98
Nymphaea_alba,-0.001492764,1.07625,108
Cabomba_caroliniana,0.425558619,1.8,24
