species,mrt,int_nu,int_cat
Gymnocoronis_spilanthoides,19,1,1
Helenium_autumnale,113,1,1
Tagetes_erecta,166,1,1
Parthenium_argentatum,69,1,1
Coreopsis_grandiflora,71,1,1
Achillea_millefolium,166,1,1
Anthemis_arvensis,120,1,1
Erechtites_hieraciifolius,84,1,1
Sonchus_asper,111,1,1
Cichorium_intybus,166,1,1
Cyanus_segetum,105,1,1
Silybum_marianum,83,1,1
Triodanis_perfoliata,16,1,1
Eryngium_foetidum,110,2,1
Salvia_coccinea,105,2,2
Stachys_arvensis,50,1,1
Justicia_adhatoda,169,1,1
Martynia_annua,58,2,2
Lantana_montevidensis,100,1,1
Plantago_aristata,123,2,1
Cymbalaria_muralis,71,1,1
Symphytum_officinale,42,1,1
Asclepias_curassavica,169,1,1
Solanum_sarrachoides,43,1,1
Solanum_carolinense,65,1,1
Solanum_sisymbriifolium,121,1,1
Solanum_pseudocapsicum,123,1,1
Physalis_pubescens,147,1,1
Physalis_peruviana,97,1,1
Datura_inoxia,97,2,2
Ipomoea_hederifolia,80,1,1
Ipomoea_indica,169,1,1
Ipomoea_alba,89,1,1
Opuntia_cochenillifera,38,1,1
Oxybaphus_nyctagineus,12,1,1
Rivina_humilis,123,1,1
Silene_gallica,115,1,1
Chenopodium_giganteum,111,1,1
Gomphrena_celosioides,122,1,1
Amaranthus_hypochondriacus,92,1,1
Amaranthus_blitoides,96,2,1
Amaranthus_tricolor,121,2,1
Antigonon_leptopus,103,1,1
Stylosanthes_guianensis,36,1,1
Trifolium_hybridum,96,1,1
Trifolium_incarnatum,12,1,1
Vicia_sativa,137,1,1
Sesbania_sesban,104,1,1
Sesbania_grandiflora,97,1,1
Macroptilium_atropurpureum,54,1,1
Macroptilium_lathyroides,109,1,1
Tephrosia_candida,94,1,1
Clitoria_ternatea,129,1,1
Indigofera_suffruticosa,112,1,1
Crotalaria_ochroleuca,70,1,1
Crotalaria_trichotoma,88,2,2
Crotalaria_lanceolata,86,1,1
Crotalaria_juncea,89,1,1
Crotalaria_micans,92,2,2
Crotalaria_incana,70,1,1
Acacia_mangium,39,1,1
Mimosa_diplotricha,31,1,1
Senna_hirsuta,64,1,1
Chamaecrista_mimosoides,92,1,1
Senna_alata,86,1,1
Sicyos_angulatus,35,4,4
Euphorbia_nutans,16,2,1
Euphorbia_marginata,115,1,1
Oxalis_bowiei,42,1,1
Lepidium_densiflorum,98,3,2
Acer_negundo,121,1,1
Rhus_typhina,97,1,1
Psidium_guajava,169,1,1
Oenothera_villosa,63,1,1
Oenothera_tetraptera,87,1,1
Oenothera_stricta,105,2,1
Oenothera_parviflora,71,1,1
Oenothera_oakesiana,8,1,1
Oenothera_laciniata,99,1,1
Clarkia_pulchella,84,1,1
Parthenocissus_quinquefolia,122,2,2
Sansevieria_trifasciata,104,1,1
Agave_sisalana,68,1,1
Melinis_minutiflora,92,1,1
Pennisetum_purpureum,113,1,1
Pennisetum_clandestinum,12,2,1
Setaria_parviflora,169,2,2
Cymbopogon_nardus,112,1,1
Chrysopogon_zizanioides,25,3,2
Paspalum_urvillei,31,2,2
Paspalum_notatum,110,1,1
Axonopus_compressus,96,1,1
Dinebra_retroflexa,43,1,1
Buchloe_dactyloides,69,2,1
Lolium_multiflorum,107,2,2
Lolium_perenne,123,2,2
Holcus_lanatus,120,1,1
Phleum_pratense,114,1,1
Bromus_arvensis,166,1,1
Ehrharta_erecta,24,2,2