species,mrt,natuRng
Gymnocoronis_spilanthoides,19,15
Helenium_autumnale,113,7
Tagetes_erecta,166,82
Parthenium_argentatum,69,1
Coreopsis_grandiflora,71,55
Grindelia_squarrosa,86,34
Achillea_millefolium,166,82
Tanacetum_vulgare,146,134
Anthemis_arvensis,120,80
Erechtites_hieraciifolius,84,16
Sonchus_asper,111,249
Cichorium_intybus,166,177
Centaurea_diffusa,58,58
Cyanus_segetum,105,104
Silybum_marianum,83,156
Triodanis_perfoliata,16,4
Anthriscus_caucalis,113,51
Eryngium_foetidum,110,11
Salvia_coccinea,105,72
Salvia_sclarea,85,22
Stachys_arvensis,50,99
Justicia_adhatoda,169,1
Thunbergia_alata,169,120
Martynia_annua,58,47
Lantana_montevidensis,100,32
Verbena_bonariensis,26,101
Plantago_aristata,123,35
Cymbalaria_muralis,71,167
Kickxia_elatine,169,76
Symphytum_officinale,42,66
Galium_aparine,137,106
Sherardia_arvensis,94,118
Diodia_virginiana,6,2
Asclepias_curassavica,169,140
Solanum_sarrachoides,43,30
Solanum_carolinense,65,20
Solanum_sisymbriifolium,121,64
Solanum_viarum,118,54
Solanum_pseudocapsicum,123,103
Solanum_scabrum,106,8
Physalis_ixocarpa,65,33
Physalis_pubescens,147,27
Physalis_peruviana,97,126
Cestrum_nocturnum,124,51
Ipomoea_rubriflora,74,35
Ipomoea_hederifolia,80,42
Ipomoea_indica,169,72
Ipomoea_alba,89,51
Ipomoea_cordatotriloba,12,5
Merremia_tuberosa,58,35
Impatiens_walleriana,62,96
Opuntia_cochenillifera,38,11
Opuntia_stricta,112,105
Pereskia_aculeata,65,26
Talinum_fruticosum,104,17
Oxybaphus_nyctagineus,12,43
Rivina_humilis,123,59
Silene_gallica,115,175
Chenopodium_giganteum,111,29
Alternanthera_paronychioides,91,47
Gomphrena_celosioides,122,87
Amaranthus_dubius,53,46
Amaranthus_hypochondriacus,92,49
Amaranthus_standleyanus,19,4
Amaranthus_blitoides,96,103
Amaranthus_tricolor,121,22
Fallopia_scandens,92,1
Antigonon_leptopus,103,130
Stylosanthes_guianensis,36,28
Trifolium_hybridum,96,151
Trifolium_incarnatum,12,103
Medicago_minima,112,93
Vicia_sativa,137,179
Sesbania_sesban,104,42
Sesbania_grandiflora,97,18
Gliricidia_sepium,34,27
Desmodium_tortuosum,92,63
Macroptilium_atropurpureum,54,102
Macroptilium_lathyroides,109,66
Tephrosia_candida,94,26
Clitoria_ternatea,129,97
Indigofera_suffruticosa,112,52
Crotalaria_ochroleuca,70,11
Crotalaria_trichotoma,88,23
Crotalaria_lanceolata,86,40
Crotalaria_juncea,89,67
Crotalaria_micans,92,21
Crotalaria_incana,70,43
Acacia_mangium,39,31
Mimosa_diplotricha,31,11
Mimosa_pigra,24,43
Neptunia_plena,59,26
Senna_hirsuta,64,60
Chamaecrista_mimosoides,92,5
Senna_alata,86,127
Melothria_pendula,8,5
Sicyos_angulatus,35,15
Echinocystis_lobata,6,59
Passiflora_morifolia,18,3
Phyllanthus_debilis,121,20
Phyllanthus_amarus,94,105
Phyllanthus_tenellus,20,95
Phyllanthus_niruri,108,7
Euphorbia_nutans,16,29
Euphorbia_marginata,115,52
Oxalis_bowiei,42,22
Raphanus_raphanistrum,63,251
Diplotaxis_muralis,115,137
Lepidium_densiflorum,98,103
Malvastrum_americanum,67,41
Acer_negundo,121,105
Rhus_typhina,97,37
Clidemia_hirta,23,36
Psidium_guajava,169,156
Oenothera_villosa,63,34
Oenothera_tetraptera,87,31
Oenothera_stricta,105,81
Oenothera_parviflora,71,29
Oenothera_oakesiana,8,18
Oenothera_biennis,123,131
Oenothera_laciniata,99,34
Oenothera_speciosa,45,37
Clarkia_pulchella,84,5
Ludwigia_leptocarpa,11,4
Parthenocissus_quinquefolia,122,66
Bryophyllum_daigremontianum,44,9
Bryophyllum_delagoense,9,75
Ranunculus_sardous,12,40
Sansevieria_trifasciata,104,63
Agave_sisalana,68,80
Nothoscordum_gracile,11,47
Melinis_minutiflora,92,108
Pennisetum_purpureum,113,123
Pennisetum_clandestinum,12,83
Setaria_parviflora,169,74
Setaria_sphacelata,112,71
Panicum_acuminatum,87,10
Cymbopogon_nardus,112,5
Chrysopogon_zizanioides,25,18
Paspalum_urvillei,31,101
Paspalum_fimbriatum,51,12
Paspalum_virgatum,107,7
Paspalum_notatum,110,52
Axonopus_compressus,96,79
Chloris_barbata,114,118
Dinebra_retroflexa,43,14
Buchloe_dactyloides,69,7
Lolium_remotum,46,9
Lolium_multiflorum,107,187
Lolium_perenne,123,249
Holcus_lanatus,120,186
Phleum_pratense,114,133
Phalaris_paradoxa,64,69
Phalaris_minor,97,141
Bromus_arvensis,166,66
Glyceria_maxima,108,33
Ehrharta_erecta,24,34
Cyperus_surinamensis,13,4
Sagittaria_graminea,64,1