species,mrt,seed,seed_scaled
Spilanthes_acmella,86,3.3,-0.160927322
Sclerocarpus_africanus,46,12.875,-0.073215808
Sanvitalia_procumbens,101,0.49,-0.186668247
Cota_tinctoria,91,0.51,-0.186485038
Amberboa_moschata,166,3.1,-0.162759417
Acanthospermum_australe,86,11.06,-0.089842064
Helianthus_laetiflorus,55,3.96675,-0.154819578
Helianthus_tuberosus,127,4.112213734,-0.153487062
Helianthus_annuus,122,45.31770368,0.223974654
Acmella_uliginosa,54,0.1,-0.190240831
Eclipta_prostrata,169,0.887425699,-0.183027641
Dahlia_pinnata,116,9.090769231,-0.107881146
Gnaphalium_purpureum,169,0.037571429,-0.190812706
Erigeron_karvinskianus,73,0.049090909,-0.190707182
Matricaria_matricarioides,69,0.09,-0.190332436
Hypochaeris_radicata,103,0.78389769,-0.183976006
Lactuca_sativa,166,1.011,-0.181895642
Carthamus_tinctorius,166,35.4625,0.133696342
Coriandrum_sativum,169,11.95,-0.081689244
Foeniculum_vulgare,166,13.57140625,-0.066836398
Hydrocotyle_vulgaris,43,0.412,-0.187382764
Prunella_grandiflora,62,1.203818182,-0.180129336
Rosmarinus_officinalis,12,1.119404235,-0.277147079
Duranta_erecta,112,240.4125,0.368191505
Lindernia_dubia,17,0.01,-0.191065274
Plantago_lanceolata,123,1.516647352,-0.177263674
Digitalis_purpurea,100,0.083830039,-0.190388956
Myosotis_arvensis,10,0.434282609,-0.187178645
Cinchona_officinalis,94,0.42,-0.353739156
Cinchona_calisaya,90,0.3,-0.354254368
Cascabela_thevetia,101,1908.16,4.865863313
Rauvolfia_tetraphylla,62,16.34,-0.236099352
Plumeria_rubra,105,36.73,-0.197844792
Solanum_seaforthianum,87,1.98,-0.173019145
Capsicum_annuum,129,4.233387097,-0.152377057
Nicotiana_alata,91,0.097857143,-0.190260461
Petunia_hybrida,109,0.121538462,-0.190043529
Ipomoea_turbinata,46,148.23,1.16669981
Ipomoea_eriocarpa,93,8.5,-0.113292871
Anagallis_arvensis,122,0.463374359,-0.186912151
Deutzia_crenata,100,0.17,-0.279707484
Portulaca_oleracea,169,0.204740321,-0.18928136
Portulaca_grandiflora,105,0.1128,-0.190123577
Mollugo_verticillata,86,0.073882455,-0.19048008
Boerhavia_erecta,51,1.69,-0.175675682
Silene_armeria,105,0.133745455,-0.189931707
Dianthus_sylvestris,69,0.433714286,-0.187183851
Saponaria_officinalis,110,1.58512108,-0.176636422
Cerastium_fontanum,114,0.129675439,-0.18996899
Spergula_arvensis,65,0.422245455,-0.187288911
Atriplex_hortensis,91,4.310055556,-0.151674737
Chenopodium_album,166,0.729057015,-0.184478372
Gomphrena_globosa,120,5.05,-0.144896497
Trifolium_fragiferum,91,1.321229567,-0.179053793
Trifolium_dubium,62,0.4450155,-0.187080327
Trigonella_foenumgraecum,108,12.35817647,-0.077950155
Lotus_corniculatus,166,1.25555406,-0.179655411
Pachyrhizus_erosus,115,522.1428571,4.591917874
Desmodium_intortum,42,1.332054561,-0.178954631
Desmodium_scorpiurus,97,2.31,-0.169996189
Phaseolus_coccineus,116,1046.56,9.395826157
Phaseolus_vulgaris,152,309.743686,2.646241324
Lablab_purpureus,169,218.0868321,1.806621328
Macrotyloma_uniflorum,89,30.6,0.089153549
Canavalia_ensiformis,105,1183.142857,10.64698952
Amorpha_fruticosa,103,8.291639017,-0.257804608
Dalbergia_sissoo,116,44.00454545,-0.166612056
Arachis_hypogaea,157,633.0142857,5.607552434
Pithecellobium_dulce,100,87.19270833,0.018813204
Caesalpinia_pulcherrima,169,181.82,0.210176077
Senna_surattensis,169,8.08,-0.320851499
Senna_tora,90,16.43636364,-0.040592038
Senna_siamea,86,24.63,-0.249795269
Ulmus_laevis,63,6.912531352,-0.325863942
Cucumis_melo,123,14.59808767,-0.057431513
Momordica_charantia,117,67.77785714,0.429720249
Salix_fragilis,166,0.136186904,-0.354957687
Euphorbia_lathyris,136,32.91388889,0.110349862
Codiaeum_variegatum,100,29,-0.201957178
Manihot_esculenta,102,114,0.027275427
Linum_usitatissimum,170,5.610384615,-0.13976311
Linum_striatum,108,0.561832528,-0.186010227
Sisymbrium_orientale,25,0.249777778,-0.188868796
Sisymbrium_officinale,96,0.27705,-0.18861897
Sisymbrium_irio,114,0.10505,-0.190194571
Sisymbrium_altissimum,120,0.188696429,-0.18942833
Brassica_juncea,137,2.584480109,-0.167481822
Sinapis_alba,65,4.938315152,-0.145919583
Sinapis_arvensis,57,2.310951282,-0.169987475
Hesperis_matronalis,92,2.408712075,-0.16909194
Capsella_bursapastoris,166,0.128265227,-0.189981908
Lobularia_maritima,105,0.318038809,-0.188243493
Carica_papaya,115,24.30171683,-0.251204729
Moringa_oleifera,95,242.5,0.685613851
Tropaeolum_majus,121,148.8714286,1.172575598
Malachra_capitata,24,3.7,-0.157263134
Muntingia_calabura,88,0.246646957,-0.354483435
Bixa_orellana,122,26.025,-0.243805937
Syzygium_jambos,169,1294.45125,5.202090615
Oenothera_odorata,121,0.38,-0.187675899
Gaura_biennis,120,8.1,-0.116957059
Ludwigia_hyssopifolia,95,0.12,-0.190057622
Rotala_ramosior,86,0.011,-0.191056113
Punica_granatum,131,25.0539877,-0.212598998
Geranium_molle,103,1.112105263,-0.18096947
Erodium_moschatum,23,2.6089975,-0.167257231
Ribes_nigrum,94,57.33236667,-0.125548917
Ribes_uvacrispa,176,4.9036,-0.266941655
Berberis_thunbergii,98,16.2539299,-0.23633147
Papaver_nudicaule,161,0.1,-0.190240831
Eschscholzia_californica,92,1.476758178,-0.177629077
Asparagus_setaceus,100,60.36,-0.117383831
Cordyline_fruticosa,103,9.746652863,-0.101872943
Sisyrinchium_atlanticum,35,0.5,-0.186576643
Sisyrinchium_micranthum,7,0.57,-0.18593541
Pennisetum_glaucum,92,4.877069197,-0.146480625
Digitaria_ciliaris,112,0.558612319,-0.186039726
Dichanthium_annulatum,153,0.398686522,-0.187504722
Chloris_virgata,154,0.178285714,-0.189523697
Eleusine_coracana,136,2.258,-0.170472534
Eragrostis_ciliaris,110,0.02,-0.190973669
Vulpia_myuros,89,0.481460695,-0.186746471
Lolium_rigidum,121,2.528358241,-0.167995925
Dactylis_glomerata,174,0.832843365,-0.18352764
Alopecurus_myosuroides,79,1.789967449,-0.174759933
Poa_trivialis,71,0.1747357,-0.189556217
Poa_pratensis,120,0.255555336,-0.188815871
Poa_compressa,119,0.214968434,-0.189187666
Poa_annua,166,0.256613131,-0.188806181
Phalaris_canariensis,123,4.676428571,-0.148318588
Hordeum_bulbosum,98,7.644375,-0.121130799
Bromus_rigidus,89,3.33,-0.160652508
Canna_indica,169,190.7,1.555745033
Elaeis_guineensis,68,1908.25,4.86610603
Dieffenbachia_seguine,69,179,1.448567517
Annona_glabra,79,215.4929167,0.569660888
Nymphaea_alba,108,1.94,-0.173385564