species,mrt,natCon_nu,natCon_bi
Spilanthes_acmella,86,0,0
Sclerocarpus_africanus,46,0,0
Sanvitalia_procumbens,101,0,0
Cota_tinctoria,91,0,0
Amberboa_moschata,166,1,1
Eupatorium_adenophorum,60,11,1
Acanthospermum_australe,86,0,0
Lagascea_mollis,57,0,0
Helianthus_laetiflorus,55,0,0
Helianthus_tuberosus,127,0,0
Helianthus_annuus,122,0,0
Acmella_uliginosa,54,0,0
Acmella_ciliata,50,3,1
Eclipta_prostrata,169,0,0
Dahlia_pinnata,116,0,0
Gnaphalium_purpureum,169,0,0
Gnaphalium_pensylvanicum,101,0,0
Gnaphalium_polycaulon,115,0,0
Solidago_altissima,89,2,1
Erigeron_karvinskianus,73,0,0
Erigeron_bellioides,112,0,0
Matricaria_matricarioides,69,0,0
Emilia_sonchifolia,138,0,0
Emilia_fosbergii,26,4,1
Erechtites_valerianifolia,98,0,0
Erechtites_hieracifolia,89,0,0
Hypochaeris_radicata,103,4,1
Lactuca_sativa,166,12,1
Carthamus_tinctorius,166,1,1
Saussurea_costus,67,263,1
Coriandrum_sativum,169,0,0
Foeniculum_vulgare,166,0,0
Hydrocotyle_vulgaris,43,0,0
Lonicera_sempervirens,87,57,1
Mentha_spicata,106,5,1
Prunella_grandiflora,62,1,1
Rosmarinus_officinalis,12,0,0
Ruellia_simplex,28,2,1
Andrographis_paniculata,98,1,1
Pyrostegia_venusta,101,0,0
Duranta_erecta,112,0,0
Lindernia_dubia,17,27,1
Plantago_lanceolata,123,0,0
Digitalis_purpurea,100,1,1
Jasminum_sambac,115,35,1
Myosotis_arvensis,10,4,1
Morinda_lucida,21,27,1
Mussaenda_erythrophylla,103,31,1
Cinchona_officinalis,94,0,0
Cinchona_pubescens,94,0,0
Cinchona_calisaya,90,0,0
Cascabela_thevetia,101,0,0
Rauvolfia_tetraphylla,62,6,1
Plumeria_rubra,105,1,1
Solanum_donianum,108,0,0
Solanum_wrightii,169,0,0
Solanum_betaceum,67,0,0
Solanum_seaforthianum,87,0,0
Solanum_lycopersicum,167,0,0
Capsicum_annuum,129,0,0
Nicotiana_alata,91,3,1
Nicotiana_plumbaginifolia,86,0,0
Petunia_hybrida,109,0,0
Ipomoea_turbinata,46,0,0
Ipomoea_trifida,39,0,0
Ipomoea_batatas,137,0,0
Ipomoea_eriocarpa,93,0,0
Argyreia_nervosa,88,22,1
Anagallis_arvensis,122,0,0
Deutzia_crenata,100,49,1
Epiphyllum_oxypetalum,93,0,0
Nopalea_cochenillifera,104,0,0
Portulaca_oleracea,169,0,0
Portulaca_grandiflora,105,3,1
Mollugo_verticillata,86,0,0
Boerhavia_erecta,51,7,1
Bougainvillea_spectabilis,106,0,0
Bougainvillea_glabra,100,0,0
Silene_armeria,105,116,1
Dianthus_sylvestris,69,16,1
Saponaria_officinalis,110,0,0
Cerastium_fontanum,114,19,1
Spergula_arvensis,65,0,0
Atriplex_hortensis,91,0,0
Chenopodium_album,166,8,1
Alternanthera_bettzickiana,105,1,1
Gomphrena_globosa,120,0,0
Iresine_herbstii,101,0,0
Homalocladium_platycladum,102,0,0
Trifolium_fragiferum,91,0,0
Trifolium_dubium,62,0,0
Trigonella_foenumgraecum,108,6,1
Lotus_corniculatus,166,7,1
Pachyrhizus_erosus,115,0,0
Desmodium_intortum,42,1,1
Desmodium_scorpiurus,97,0,0
Phaseolus_coccineus,116,1,1
Phaseolus_vulgaris,152,0,0
Lablab_purpureus,169,0,0
Macrotyloma_uniflorum,89,0,0
Erythrina_bidwillii,105,10,1
Canavalia_ensiformis,105,4,1
Amorpha_fruticosa,103,0,0
Dalbergia_sissoo,116,28,1
Arachis_hypogaea,157,0,0
Arachis_duranensis,21,0,0
Pithecellobium_dulce,100,0,0
Caesalpinia_pulcherrima,169,13,1
Senna_surattensis,169,0,0
Senna_tora,90,0,0
Senna_siamea,86,0,0
Cassia_floribunda,88,3,1
Polygala_paniculata,91,40,1
Ulmus_laevis,63,22,1
Cucumis_melo,123,3,1
Sechium_edule,89,0,0
Momordica_charantia,117,2,1
Elatine_americana,69,3,1
Salix_fragilis,166,257,1
Euphorbia_neriifolia,115,0,0
Euphorbia_milii,115,0,0
Euphorbia_tithymaloides,94,0,0
Euphorbia_lathyris,136,0,0
Codiaeum_variegatum,100,0,0
Manihot_esculenta,102,0,0
Linum_usitatissimum,170,0,0
Linum_striatum,108,7,1
Oxalis_pescaprae,65,0,0
Tribulus_cistoides,90,1,1
Sisymbrium_orientale,25,0,0
Sisymbrium_officinale,96,0,0
Sisymbrium_irio,114,0,0
Sisymbrium_altissimum,120,6,1
Brassica_juncea,137,5,1
Sinapis_alba,65,0,0
Sinapis_arvensis,57,0,0
Eutrema_japonicum,25,21,1
Hesperis_matronalis,92,0,0
Capsella_bursapastoris,166,0,0
Armoracia_rusticana,96,0,0
Lobularia_maritima,105,0,0
Cleoserrata_speciosa,104,0,0
Carica_papaya,115,0,0
Moringa_oleifera,95,0,0
Tropaeolum_majus,121,0,0
Malachra_capitata,24,0,0
Muntingia_calabura,88,0,0
Bixa_orellana,122,0,0
Citrus_aurantiifolia,100,9,1
Syzygium_jambos,169,78,1
Oenothera_odorata,121,0,0
Gaura_lindheimeri,112,0,0
Gaura_biennis,120,0,0
Ludwigia_hyssopifolia,95,6,1
Rotala_ramosior,86,8,1
Punica_granatum,131,0,0
Geranium_molle,103,0,0
Erodium_moschatum,23,4,1
Sedum_mexicanum,19,124,1
Kalanchoe_tubiflora,21,4,1
Ribes_nigrum,94,0,0
Ribes_uvacrispa,176,0,0
Berberis_thunbergii,98,220,1
Papaver_nudicaule,161,5,1
Eschscholzia_californica,92,0,0
Asparagus_setaceus,100,0,0
Cordyline_fruticosa,103,0,0
Hippeastrum_striatum,12,0,0
Sisyrinchium_atlanticum,35,0,0
Sisyrinchium_micranthum,7,0,0
Eleutherine_bulbosa,86,0,0
Brachiaria_plantaginea,91,0,0
Pennisetum_glaucum,92,0,0
Paspalidium_flavidum,86,1,1
Digitaria_ciliaris,112,20,1
Dichanthium_annulatum,153,2,1
Cynodon_plectostachyus,52,2,1
Chloris_virgata,154,0,0
Eleusine_coracana,136,1,1
Eragrostis_ciliaris,110,27,1
Vulpia_myuros,89,0,0
Lolium_rigidum,121,0,0
Dactylis_glomerata,174,0,0
Alopecurus_myosuroides,79,7,1
Poa_trivialis,71,0,0
Poa_pratensis,120,0,0
Poa_compressa,119,0,0
Poa_annua,166,64,1
Phalaris_canariensis,123,2,1
Hordeum_bulbosum,98,7,1
Bromus_rigidus,89,0,0
Pleioblastus_gramineus,105,15,1
Cyperus_prolifer,20,0,0
Kyllinga_polyphylla,12,5,1
Rhynchospora_submarginata,86,7,1
Curcuma_longa,113,12,1
Etlingera_elatior,94,2,1
Canna_indica,169,3,1
Elaeis_guineensis,68,0,0
Lilium_hansonii,73,53,1
Caladium_bicolor,79,0,0
Dieffenbachia_seguine,69,2,1
Potamogeton_vaseyi,41,20,1
Annona_glabra,79,5,1
Piper_betle,98,59,1
Nymphaea_alba,108,7,1