species,mrt,habitat
Zinnia_peruviana,98,10
Spilanthes_acmella,86,2
Silphium_perfoliatum,76,3
Sanvitalia_procumbens,101,2
Rudbeckia_hirta,121,6
Rudbeckia_laciniata,106,7
Cota_tinctoria,91,4
Ageratum_conyzoides,169,10
Ageratum_houstonianum,121,9
Gymnocoronis_spilanthoides,19,11
Chromolaena_odorata,86,9
Eupatorium_adenophorum,60,4
Eupatorium_cannabinum,99,3
Mikania_micrantha,90,7
Ageratina_adenophora,31,9
Gaillardia_aristata,107,2
Gaillardia_pulchella,114,8
Helenium_autumnale,113,5
Helenium_bigelovii,59,3
Tagetes_erecta,166,7
Galinsoga_parviflora,108,11
Galinsoga_quadriradiata,103,7
Tridax_procumbens,94,1
Acanthospermum_hispidum,86,6
Acanthospermum_australe,86,10
Tithonia_rotundifolia,96,7
Tithonia_diversifolia,101,7
Helianthus_tuberosus,127,5
Ambrosia_artemisiifolia,65,9
Ambrosia_psilostachya,30,9
Ambrosia_trifida,113,11
Xanthium_strumarium,169,5
Xanthium_spinosum,5,11
Parthenium_hysterophorus,96,13
Acmella_uliginosa,54,5
Sphagneticola_trilobata,31,13
Eclipta_prostrata,169,4
Synedrella_nodiflora,114,1
Calyptocarpus_vialis,24,6
Bidens_bipinnata,169,3
Bidens_frondosa,96,7
Coreopsis_lanceolata,113,3
Coreopsis_tinctoria,121,4
Coreopsis_basalis,72,2
Coreopsis_grandiflora,71,4
Cosmos_sulphureus,100,11
Cosmos_bipinnatus,120,3
Gnaphalium_pensylvanicum,101,2
Gnaphalium_polycaulon,115,3
Aster_subulatus,89,7
Solidago_canadensis,108,10
Erigeron_sumatrensis,112,5
Erigeron_speciosus,35,2
Erigeron_annuus,121,3
Erigeron_karvinskianus,73,13
Erigeron_philadelphicus,38,4
Erigeron_bellioides,112,7
Erigeron_bonariensis,169,9
Conyza_sumatrensis,100,5
Erigeron_canadensis,144,5
Chrysanthemum_segetum,166,2
Achillea_millefolium,166,13
Matricaria_matricarioides,69,3
Tanacetum_vulgare,146,6
Anthemis_arvensis,120,3
Leucanthemum_vulgare,112,6
Emilia_sonchifolia,138,7
Emilia_fosbergii,26,7
Crassocephalum_rubens,12,3
Crassocephalum_crepidioides,98,9
Erechtites_valerianifolia,98,8
Erechtites_hieracifolia,89,6
Erechtites_hieraciifolius,84,7
Erechtites_valerianifolius,100,8
Crepis_tectorum,97,2
Hypochaeris_radicata,103,4
Sonchus_asper,111,9
Sonchus_oleraceus,166,11
Sonchus_arvensis,143,1
Lactuca_sativa,166,1
Cichorium_intybus,166,4
Elephantopus_tomentosus,94,3
Pseudelephantopus_spicatus,97,8
Centaurea_diffusa,58,6
Carthamus_tinctorius,166,1
Silybum_marianum,83,6
Triodanis_perfoliata,16,3
Coriandrum_sativum,169,5
Cyclospermum_leptophyllum,103,6
Ammi_majus,96,4
Foeniculum_vulgare,166,9
Conium_maculatum,120,8
Daucus_carota,166,7
Eryngium_foetidum,110,3
Hydrocotyle_vulgaris,43,2
Hydrocotyle_verticillata,14,3
Mentha_spicata,106,3
Salvia_tiliifolia,42,1
Salvia_sclarea,85,4
Rosmarinus_officinalis,12,7
Hyptis_suaveolens,104,10
Hyptis_brevipes,93,8
Hyptis_capitata,101,2
Ocimum_basilicum,117,4
Stachys_arvensis,50,10
Orobanche_brassicae,45,1
Ruellia_simplex,28,1
Andrographis_paniculata,98,4
Justicia_gendarussa,170,2
Thunbergia_alata,169,7
Martynia_annua,58,2
Pyrostegia_venusta,101,1
Dolichandra_unguiscati,96,8
Lantana_camara,169,8
Stachytarpheta_urticifolia,169,7
Stachytarpheta_jamaicensis,40,4
Duranta_erecta,112,9
Lindernia_dubia,17,4
Lindernia_rotundifolia,15,2
Torenia_fournieri,54,4
Veronica_polita,137,1
Veronica_arvensis,73,4
Veronica_peregrina,119,3
Plantago_virginica,88,3
Plantago_lanceolata,123,6
Plantago_aristata,123,3
Digitalis_purpurea,100,5
Cymbalaria_muralis,71,2
Kickxia_elatine,169,1
Scoparia_dulcis,169,2
Jasminum_sambac,115,6
Myosotis_arvensis,10,5
Borago_officinalis,86,2
Symphytum_officinale,42,2
Heliotropium_ellipticum,66,2
Galium_aparine,137,5
Sherardia_arvensis,94,2
Mitracarpus_hirtus,43,2
Richardia_scabra,54,1
Spermacoce_alata,62,2
Diodia_virginiana,6,6
Mussaenda_erythrophylla,103,6
Cinchona_officinalis,94,2
Cinchona_pubescens,94,6
Cinchona_calisaya,90,2
Cascabela_thevetia,101,8
Asclepias_curassavica,169,10
Calotropis_procera,138,12
Rauvolfia_tetraphylla,62,1
Catharanthus_roseus,169,6
Plumeria_rubra,105,5
Solanum_erianthum,165,9
Solanum_elaeagnifolium,5,9
Solanum_torvum,128,7
Solanum_chrysotrichum,139,6
Solanum_donianum,108,9
Solanum_carolinense,65,4
Solanum_rostratum,42,5
Solanum_sisymbriifolium,121,7
Solanum_capsicoides,145,5
Solanum_aculeatissimum,133,6
Solanum_viarum,118,11
Solanum_seaforthianum,87,8
Physalis_lagascae,179,4
Physalis_angulata,146,7
Physalis_pubescens,147,4
Physalis_philadelphica,112,1
Physalis_peruviana,97,8
Capsicum_annuum,129,7
Datura_inoxia,97,3
Datura_stramonium,163,3
Brugmansia_suaveolens,99,5
Nicandra_physalodes,93,3
Nicotiana_alata,91,4
Nicotiana_plumbaginifolia,86,5
Cestrum_nocturnum,124,6
Ipomoea_turbinata,46,1
Ipomoea_triloba,101,7
Ipomoea_mauritiana,90,3
Ipomoea_lacunosa,39,7
Ipomoea_hederifolia,80,6
Ipomoea_quamoclit,105,8
Ipomoea_indica,169,5
Ipomoea_nil,123,6
Ipomoea_purpurea,102,7
Ipomoea_alba,89,7
Ipomoea_batatas,137,1
Ipomoea_cordatotriloba,12,3
Ipomoea_carnea,87,2
Ipomoea_eriocarpa,93,5
Argyreia_nervosa,88,7
Merremia_tuberosa,58,7
Cuscuta_approximata,166,4
Cuscuta_campestris,31,5
Jacquemontia_tamnifolia,41,1
Evolvulus_nummularius,21,4
Anagallis_arvensis,122,3
Impatiens_balsamina,105,6
Impatiens_walleriana,62,8
Epiphyllum_oxypetalum,93,3
Opuntia_ficusindica,82,8
Opuntia_stricta,112,10
Nopalea_cochenillifera,104,7
Opuntia_monacantha,110,1
Portulaca_oleracea,169,11
Portulaca_pilosa,112,11
Portulaca_grandiflora,105,1
Talinum_fruticosum,104,3
Talinum_paniculatum,98,1
Anredera_vesicaria,45,7
Anredera_cordifolia,96,7
Basella_alba,110,9
Mollugo_verticillata,86,2
Tetragonia_tetragonioides,48,9
Boerhavia_erecta,51,4
Mirabilis_jalapa,131,7
Bougainvillea_spectabilis,106,5
Rivina_humilis,123,11
Petiveria_alliacea,87,9
Phytolacca_americana,166,4
Vaccaria_hispanica,166,3
Silene_gallica,115,6
Silene_vulgaris,166,4
Silene_armeria,105,1
Agrostemma_githago,122,3
Dianthus_sylvestris,69,2
Saponaria_officinalis,110,3
Cerastium_fontanum,114,3
Cerastium_glomeratum,135,1
Stellaria_media,148,5
Spergula_arvensis,65,1
Salicornia_bigelovii,21,4
Atriplex_hortensis,91,4
Atriplex_canescens,94,1
Atriplex_nummularia,26,2
Chenopodium_hybridum,117,2
Chenopodium_album,166,5
Chenopodium_giganteum,111,1
Dysphania_pumilio,29,3
Dysphania_ambrosioides,98,6
Alternanthera_bettzickiana,105,8
Alternanthera_philoxeroides,92,12
Gomphrena_celosioides,122,3
Gomphrena_globosa,120,7
Amaranthus_cruentus,123,6
Amaranthus_dubius,53,8
Amaranthus_spinosus,121,7
Amaranthus_caudatus,166,3
Amaranthus_retroflexus,117,5
Amaranthus_hybridus,144,5
Amaranthus_blitum,117,5
Amaranthus_tricolor,121,4
Amaranthus_viridis,159,1
Amaranthus_palmeri,37,7
Amaranthus_tuberculatus,18,6
Amaranthus_albus,101,3
Fallopia_scandens,92,3
Antigonon_leptopus,103,10
Trifolium_fragiferum,91,3
Trifolium_hybridum,96,4
Trifolium_repens,166,4
Trifolium_pratense,109,4
Medicago_sativa,166,4
Medicago_polymorpha,121,10
Medicago_minima,112,2
Melilotus_officinalis,167,4
Vicia_sativa,137,4
Vicia_villosa,93,6
Lotus_corniculatus,166,4
Securigera_varia,98,8
Sesbania_sesban,104,17
Sesbania_grandiflora,97,9
Sesbania_cannabina,112,2
Sesbania_herbacea,112,1
Robinia_pseudoacacia,108,7
Gliricidia_sepium,34,7
Calopogonium_mucunoides,97,6
Desmodium_intortum,42,4
Desmodium_tortuosum,92,1
Desmodium_scorpiurus,97,2
Phaseolus_coccineus,116,4
Phaseolus_vulgaris,152,1
Macroptilium_atropurpureum,54,8
Macroptilium_lathyroides,109,3
Derris_elliptica,88,6
Tephrosia_candida,94,9
Canavalia_ensiformis,105,4
Centrosema_pubescens,97,1
Clitoria_ternatea,129,7
Indigofera_suffruticosa,112,9
Amorpha_fruticosa,103,7
Crotalaria_ochroleuca,70,8
Crotalaria_trichotoma,88,3
Crotalaria_lanceolata,86,4
Crotalaria_juncea,89,3
Crotalaria_micans,92,3
Crotalaria_incana,70,4
Ulex_europaeus,160,9
Dalbergia_sissoo,116,12
Aeschynomene_americana,97,6
Acacia_mangium,39,7
Acacia_longifolia,12,6
Acacia_mearnsii,71,9
Acacia_dealbata,83,4
Acacia_decurrens,98,3
Albizia_lebbeck,137,10
Acacia_senegal,76,4
Pithecellobium_dulce,100,3
Mimosa_pudica,115,11
Mimosa_diplotricha,31,12
Mimosa_bimucronata,102,1
Mimosa_pigra,24,4
Desmanthus_virgatus,59,8
Leucaena_leucocephala,169,13
Neptunia_plena,59,2
Caesalpinia_pulcherrima,169,6
Senna_surattensis,169,9
Senna_fruticosa,79,1
Senna_occidentalis,169,13
Senna_hirsuta,64,8
Senna_sophera,94,1
Senna_obtusifolia,105,4
Senna_tora,90,3
Chamaecrista_mimosoides,92,2
Senna_alata,86,6
Senna_siamea,86,8
Cassia_floribunda,88,7
Pilea_microphylla,105,2
Ulmus_laevis,63,2
Cucumis_melo,123,2
Melothria_pendula,8,1
Sicyos_angulatus,35,5
Sechium_edule,89,6
Echinocystis_lobata,6,7
Momordica_charantia,117,4
Begonia_cucullata,69,6
Elatine_americana,69,4
Passiflora_suberosa,96,4
Passiflora_edulis,100,1
Passiflora_caerulea,111,6
Passiflora_foetida,169,6
Salix_fragilis,166,2
Phyllanthus_amarus,94,1
Phyllanthus_niruri,108,1
Euphorbia_neriifolia,115,6
Euphorbia_antiquorum,105,2
Euphorbia_milii,115,5
Euphorbia_tithymaloides,94,4
Euphorbia_prostrata,101,3
Euphorbia_maculata,108,1
Euphorbia_hypericifolia,137,4
Euphorbia_hyssopifolia,133,4
Euphorbia_nutans,16,1
Euphorbia_serpens,97,3
Euphorbia_marginata,115,3
Euphorbia_pulcherrima,102,3
Euphorbia_heterophylla,115,2
Euphorbia_cyathophora,94,2
Euphorbia_dentata,38,2
Euphorbia_peplus,97,4
Euphorbia_lathyris,136,3
Croton_hirtus,7,1
Codiaeum_variegatum,100,4
Manihot_esculenta,102,2
Ricinus_communis,145,9
Linum_striatum,108,2
Oxalis_latifolia,99,3
Tribulus_cistoides,90,4
Sisymbrium_orientale,25,1
Sisymbrium_officinale,96,4
Sisymbrium_irio,114,7
Sisymbrium_altissimum,120,3
Brassica_juncea,137,5
Diplotaxis_muralis,115,3
Sinapis_alba,65,4
Eutrema_japonicum,25,1
Alliaria_petiolata,94,6
Alyssum_alyssoides,94,1
Bunias_orientalis,90,7
Erysimum_repandum,93,4
Capsella_bursapastoris,166,13
Cardamine_flexuosa,139,8
Nasturtium_officinale,114,2
Rorippa_amphibia,7,4
Armoracia_rusticana,96,3
Lepidium_didymum,115,2
Lepidium_virginicum,112,10
Lepidium_bonariense,13,6
Lepidium_densiflorum,98,3
Cleome_rutidosperma,64,7
Carica_papaya,115,3
Moringa_oleifera,95,10
Waltheria_indica,179,5
Herissantia_crispa,90,4
Malvastrum_coromandelianum,135,1
Malvastrum_americanum,67,2
Abutilon_theophrasti,166,2
Sida_acuta,118,8
Hibiscus_trionum,145,2
Corchorus_olitorius,169,4
Muntingia_calabura,88,5
Bixa_orellana,122,6
Acer_negundo,121,3
Rhus_typhina,97,12
Clidemia_hirta,23,8
Eucalyptus_robusta,107,8
Eucalyptus_exserta,100,4
Eucalyptus_globulus,94,4
Psidium_guajava,169,8
Syzygium_jambos,169,6
Oenothera_villosa,63,3
Oenothera_tetraptera,87,3
Oenothera_parviflora,71,2
Oenothera_oakesiana,8,3
Oenothera_curtiflora,92,4
Oenothera_glazioviana,112,3
Oenothera_biennis,123,2
Oenothera_laciniata,99,4
Gaura_biennis,120,3
Oenothera_rosea,86,3
Clarkia_pulchella,84,5
Ludwigia_hyssopifolia,95,2
Sonneratia_apetala,27,6
Ammannia_coccinea,18,6
Rotala_ramosior,86,2
Cuphea_carthagenensis,55,8
Punica_granatum,131,2
Geranium_carolinianum,104,1
Geranium_molle,103,3
Erodium_moschatum,23,4
Parthenocissus_quinquefolia,122,7
Sedum_mexicanum,19,1
Bryophyllum_daigremontianum,44,2
Bryophyllum_delagoense,9,3
Myriophyllum_aquaticum,26,6
Ribes_nigrum,94,4
Ribes_uvacrispa,176,5
Ranunculus_muricatus,96,4
Ranunculus_arvensis,94,1
Berberis_thunbergii,98,7
Argemone_mexicana,159,6
Sansevieria_trifasciata,104,7
Asparagus_densiflorus,102,13
Asparagus_setaceus,100,5
Cordyline_fruticosa,103,7
Agave_sisalana,68,13
Agave_americana,122,10
Sisyrinchium_atlanticum,35,5
Sisyrinchium_micranthum,7,3
Spartina_alterniflora,90,6
Spartina_anglica,43,8
Panicum_dichotomiflorum,114,2
Brachiaria_brizantha,42,4
Brachiaria_plantaginea,91,1
Brachiaria_mutica,91,3
Melinis_repens,82,15
Melinis_minutiflora,92,8
Brachiaria_eruciformis,95,3
Pennisetum_polystachion,61,8
Cenchrus_purpureus,113,8
Cenchrus_incertus,7,2
Cenchrus_clandestinus,12,1
Cenchrus_echinatus,104,3
Cenchrus_caliculatus,50,1
Pennisetum_purpureum,113,10
Pennisetum_clandestinum,12,11
Setaria_parviflora,169,11
Setaria_sphacelata,112,8
Paspalidium_flavidum,86,3
Digitaria_ciliaris,112,11
Dichanthium_annulatum,153,8
Cymbopogon_nardus,112,4
Sorghum_halepense,111,8
Chrysopogon_zizanioides,25,12
Paspalum_dilatatum,103,1
Paspalum_urvillei,31,13
Paspalum_fimbriatum,51,1
Paspalum_virgatum,107,8
Paspalum_notatum,110,8
Paspalum_conjugatum,105,3
Paspalum_distichum,101,16
Axonopus_fissifolius,19,12
Axonopus_compressus,96,4
Cynodon_plectostachyus,52,4
Chloris_virgata,154,9
Chloris_gayana,104,10
Chloris_barbata,114,10
Eleusine_coracana,136,2
Dinebra_retroflexa,43,2
Buchloe_dactyloides,69,2
Eragrostis_curvula,69,5
Eragrostis_ciliaris,110,8
Vulpia_myuros,89,11
Festuca_rubra,125,6
Festuca_arundinacea,84,11
Lolium_remotum,46,2
Lolium_persicum,91,3
Lolium_rigidum,121,4
Lolium_multiflorum,107,7
Lolium_temulentum,74,4
Lolium_perenne,123,6
Parapholis_incurva,68,3
Dactylis_glomerata,174,5
Holcus_lanatus,120,8
Alopecurus_myosuroides,79,2
Poa_trivialis,71,2
Poa_pratensis,120,9
Poa_compressa,119,11
Poa_annua,166,12
Phleum_pratense,114,10
Phalaris_paradoxa,64,3
Phalaris_minor,97,1
Phalaris_canariensis,123,1
Avena_sterilis,91,3
Avena_fatua,137,8
Arrhenatherum_elatius,96,9
Hordeum_jubatum,96,3
Hordeum_bulbosum,98,1
Bromus_rigidus,89,6
Bromus_arvensis,166,3
Bromus_catharticus,69,1
Glyceria_maxima,108,3
Ehrharta_erecta,24,8
Cyperus_surinamensis,13,1
Cyperus_prolifer,20,1
Cyperus_rotundus,178,12
Cyperus_esculentus,68,15
Kyllinga_polyphylla,12,3
Etlingera_elatior,94,4
Canna_indica,169,9
Eichhornia_crassipes,114,1
Tradescantia_pallida,17,7
Tradescantia_zebrina,90,4
Tradescantia_fluminensis,19,7
Callisia_repens,19,6
Elaeis_guineensis,68,6
Lilium_hansonii,73,1
Pistia_stratiotes,109,7
Caladium_bicolor,79,3
Dieffenbachia_seguine,69,5
Potamogeton_vaseyi,41,4
Sagittaria_graminea,64,5
Limnocharis_flava,19,17
Annona_glabra,79,13
Peperomia_pellucida,106,4
Nymphaea_alba,108,2
Cabomba_caroliniana,24,5
