species,mrt,uses_nu,uses_cat
Spilanthes_acmella,86,0,0
Sclerocarpus_africanus,46,0,0
Sanvitalia_procumbens,101,2,2
Cota_tinctoria,91,2,2
Amberboa_moschata,166,1,1
Eupatorium_adenophorum,60,2,2
Acanthospermum_australe,86,1,1
Lagascea_mollis,57,0,0
Helianthus_laetiflorus,55,1,1
Helianthus_tuberosus,127,6,6
Helianthus_annuus,122,9,8
Acmella_uliginosa,54,0,0
Acmella_ciliata,50,0,0
Eclipta_prostrata,169,1,1
Dahlia_pinnata,116,2,2
Gnaphalium_purpureum,169,0,0
Gnaphalium_pensylvanicum,101,0,0
Gnaphalium_polycaulon,115,0,0
Solidago_altissima,89,0,0
Erigeron_karvinskianus,73,1,1
Erigeron_bellioides,112,0,0
Matricaria_matricarioides,69,1,1
Emilia_sonchifolia,138,3,3
Emilia_fosbergii,26,0,0
Erechtites_valerianifolia,98,0,0
Erechtites_hieracifolia,89,0,0
Hypochaeris_radicata,103,0,0
Lactuca_sativa,166,2,2
Carthamus_tinctorius,166,8,7
Saussurea_costus,67,3,3
Coriandrum_sativum,169,4,4
Foeniculum_vulgare,166,3,3
Hydrocotyle_vulgaris,43,0,0
Lonicera_sempervirens,87,1,1
Mentha_spicata,106,4,4
Prunella_grandiflora,62,0,0
Rosmarinus_officinalis,12,5,5
Ruellia_simplex,28,1,1
Andrographis_paniculata,98,1,1
Pyrostegia_venusta,101,2,2
Duranta_erecta,112,3,3
Lindernia_dubia,17,0,0
Plantago_lanceolata,123,2,2
Digitalis_purpurea,100,3,3
Jasminum_sambac,115,5,5
Myosotis_arvensis,10,1,1
Morinda_lucida,21,2,2
Mussaenda_erythrophylla,103,0,0
Cinchona_officinalis,94,1,1
Cinchona_pubescens,94,3,3
Cinchona_calisaya,90,2,2
Cascabela_thevetia,101,4,4
Rauvolfia_tetraphylla,62,2,2
Plumeria_rubra,105,2,2
Solanum_donianum,108,0,0
Solanum_wrightii,169,2,1
Solanum_betaceum,67,1,1
Solanum_seaforthianum,87,2,2
Solanum_lycopersicum,167,3,3
Capsicum_annuum,129,2,2
Nicotiana_alata,91,2,2
Nicotiana_plumbaginifolia,86,0,0
Petunia_hybrida,109,1,1
Ipomoea_turbinata,46,3,3
Ipomoea_trifida,39,0,0
Ipomoea_batatas,137,5,5
Ipomoea_eriocarpa,93,2,2
Argyreia_nervosa,88,3,3
Anagallis_arvensis,122,2,2
Deutzia_crenata,100,1,1
Epiphyllum_oxypetalum,93,2,2
Nopalea_cochenillifera,104,5,5
Portulaca_oleracea,169,5,5
Portulaca_grandiflora,105,2,2
Mollugo_verticillata,86,0,0
Boerhavia_erecta,51,0,0
Bougainvillea_spectabilis,106,2,2
Bougainvillea_glabra,100,2,2
Silene_armeria,105,1,1
Dianthus_sylvestris,69,0,0
Saponaria_officinalis,110,4,4
Cerastium_fontanum,114,0,0
Spergula_arvensis,65,1,1
Atriplex_hortensis,91,1,1
Chenopodium_album,166,3,3
Alternanthera_bettzickiana,105,4,2
Gomphrena_globosa,120,2,2
Iresine_herbstii,101,3,3
Homalocladium_platycladum,102,1,1
Trifolium_fragiferum,91,1,1
Trifolium_dubium,62,4,3
Trigonella_foenumgraecum,108,5,5
Lotus_corniculatus,166,4,4
Pachyrhizus_erosus,115,5,5
Desmodium_intortum,42,1,1
Desmodium_scorpiurus,97,0,0
Phaseolus_coccineus,116,3,3
Phaseolus_vulgaris,152,0,0
Lablab_purpureus,169,2,2
Macrotyloma_uniflorum,89,6,4
Erythrina_bidwillii,105,0,0
Canavalia_ensiformis,105,7,6
Amorpha_fruticosa,103,8,3
Dalbergia_sissoo,116,6,3
Arachis_hypogaea,157,8,7
Arachis_duranensis,21,0,0
Pithecellobium_dulce,100,9,6
Caesalpinia_pulcherrima,169,3,3
Senna_surattensis,169,0,0
Senna_tora,90,2,2
Senna_siamea,86,5,2
Cassia_floribunda,88,3,1
Polygala_paniculata,91,0,0
Ulmus_laevis,63,2,1
Cucumis_melo,123,2,2
Sechium_edule,89,3,3
Momordica_charantia,117,3,3
Elatine_americana,69,0,0
Salix_fragilis,166,6,5
Euphorbia_neriifolia,115,3,3
Euphorbia_milii,115,4,4
Euphorbia_tithymaloides,94,3,3
Euphorbia_lathyris,136,4,4
Codiaeum_variegatum,100,1,1
Manihot_esculenta,102,2,2
Linum_usitatissimum,170,7,6
Linum_striatum,108,0,0
Oxalis_pescaprae,65,3,3
Tribulus_cistoides,90,0,0
Sisymbrium_orientale,25,0,0
Sisymbrium_officinale,96,1,1
Sisymbrium_irio,114,0,0
Sisymbrium_altissimum,120,0,0
Brassica_juncea,137,6,6
Sinapis_alba,65,2,2
Sinapis_arvensis,57,1,1
Eutrema_japonicum,25,2,2
Hesperis_matronalis,92,2,2
Capsella_bursapastoris,166,4,4
Armoracia_rusticana,96,5,5
Lobularia_maritima,105,2,2
Cleoserrata_speciosa,104,1,1
Carica_papaya,115,5,4
Moringa_oleifera,95,9,5
Tropaeolum_majus,121,3,3
Malachra_capitata,24,1,1
Muntingia_calabura,88,4,4
Bixa_orellana,122,4,3
Citrus_aurantiifolia,100,6,6
Syzygium_jambos,169,2,2
Oenothera_odorata,121,0,0
Gaura_lindheimeri,112,0,0
Gaura_biennis,120,0,0
Ludwigia_hyssopifolia,95,1,1
Rotala_ramosior,86,0,0
Punica_granatum,131,4,3
Geranium_molle,103,0,0
Erodium_moschatum,23,1,1
Sedum_mexicanum,19,3,1
Kalanchoe_tubiflora,21,2,2
Ribes_nigrum,94,3,3
Ribes_uvacrispa,176,3,3
Berberis_thunbergii,98,3,3
Papaver_nudicaule,161,2,2
Eschscholzia_californica,92,3,3
Asparagus_setaceus,100,0,0
Cordyline_fruticosa,103,2,2
Hippeastrum_striatum,12,0,0
Sisyrinchium_atlanticum,35,0,0
Sisyrinchium_micranthum,7,1,1
Eleutherine_bulbosa,86,0,0
Brachiaria_plantaginea,91,0,0
Pennisetum_glaucum,92,6,4
Paspalidium_flavidum,86,1,1
Digitaria_ciliaris,112,2,2
Dichanthium_annulatum,153,0,0
Cynodon_plectostachyus,52,3,3
Chloris_virgata,154,3,3
Eleusine_coracana,136,3,3
Eragrostis_ciliaris,110,1,1
Vulpia_myuros,89,3,1
Lolium_rigidum,121,1,1
Dactylis_glomerata,174,4,4
Alopecurus_myosuroides,79,0,0
Poa_trivialis,71,3,3
Poa_pratensis,120,6,3
Poa_compressa,119,3,2
Poa_annua,166,1,1
Phalaris_canariensis,123,4,4
Hordeum_bulbosum,98,1,1
Bromus_rigidus,89,0,0
Pleioblastus_gramineus,105,2,1
Cyperus_prolifer,20,1,1
Kyllinga_polyphylla,12,0,0
Rhynchospora_submarginata,86,0,0
Curcuma_longa,113,5,3
Etlingera_elatior,94,2,2
Canna_indica,169,8,5
Elaeis_guineensis,68,7,5
Lilium_hansonii,73,1,1
Caladium_bicolor,79,3,3
Dieffenbachia_seguine,69,3,3
Potamogeton_vaseyi,41,0,0
Annona_glabra,79,3,3
Piper_betle,98,3,3
Nymphaea_alba,108,3,3