species,mrt,native
Zinnia_elegans,119,1
Zinnia_peruviana,98,6
Spilanthes_acmella,86,4
Silphium_perfoliatum,76,5
Sclerocarpus_africanus,46,8
Sanvitalia_procumbens,101,2
Rudbeckia_hirta,121,7
Rudbeckia_laciniata,106,8
Cota_tinctoria,91,9
Amberboa_moschata,166,2
Ageratum_conyzoides,169,6
Ageratum_houstonianum,121,1
Gymnocoronis_spilanthoides,19,3
Chromolaena_odorata,86,9
Praxelis_clematidea,31,3
Eupatorium_adenophorum,60,1
Eupatorium_cannabinum,99,9
Mikania_micrantha,90,7
Ageratina_adenophora,31,1
Gaillardia_aristata,107,5
Gaillardia_pulchella,114,4
Helenium_autumnale,113,10
Helenium_bigelovii,59,2
Tagetes_erecta,166,3
Flaveria_bidentis,32,3
Smallanthus_uvedalia,41,4
Galinsoga_parviflora,108,8
Galinsoga_quadriradiata,103,1
Tridax_procumbens,94,6
Acanthospermum_hispidum,86,7
Acanthospermum_australe,86,5
Tithonia_rotundifolia,96,2
Tithonia_diversifolia,101,2
Lagascea_mollis,57,7
Helianthus_laetiflorus,55,6
Helianthus_tuberosus,127,7
Helianthus_annuus,122,8
Ambrosia_artemisiifolia,65,11
Ambrosia_psilostachya,30,9
Ambrosia_trifida,113,8
Xanthium_strumarium,169,31
Xanthium_spinosum,5,1
Parthenium_hysterophorus,96,7
Parthenium_argentatum,69,2
Acmella_uliginosa,54,13
Acmella_radicans,8,5
Acmella_ciliata,50,5
Sphagneticola_trilobata,31,5
Eclipta_prostrata,169,13
Synedrella_nodiflora,114,7
Calyptocarpus_vialis,24,4
Bidens_bipinnata,169,6
Bidens_frondosa,96,9
Coreopsis_lanceolata,113,5
Coreopsis_tinctoria,121,9
Coreopsis_basalis,72,2
Coreopsis_grandiflora,71,5
Cosmos_sulphureus,100,1
Cosmos_bipinnatus,120,2
Dahlia_pinnata,116,1
Gnaphalium_purpureum,169,12
Gnaphalium_pensylvanicum,101,4
Gnaphalium_polycaulon,115,1
Pluchea_sagittalis,15,3
Grindelia_squarrosa,86,7
Aster_subulatus,89,12
Solidago_altissima,89,8
Solidago_canadensis,108,5
Erigeron_sumatrensis,112,3
Erigeron_speciosus,35,6
Erigeron_strigosus,55,6
Erigeron_annuus,121,5
Erigeron_karvinskianus,73,5
Erigeron_philadelphicus,38,9
Erigeron_bellioides,112,3
Erigeron_bonariensis,169,4
Conyza_sumatrensis,100,3
Erigeron_canadensis,144,10
Chrysanthemum_segetum,166,4
Glebionis_coronaria,166,5
Achillea_millefolium,166,22
Matricaria_matricarioides,69,10
Tanacetum_parthenifolium,89,4
Tanacetum_vulgare,146,12
Anthemis_arvensis,120,9
Leucanthemum_vulgare,112,6
Soliva_anthemifolia,96,2
Emilia_sonchifolia,138,6
Emilia_fosbergii,26,12
Crassocephalum_rubens,12,7
Crassocephalum_crepidioides,98,8
Erechtites_hieraciifolius,84,12
Erechtites_valerianifolius,100,7
Crepis_tectorum,97,10
Hypochaeris_radicata,103,9
Sonchus_asper,111,18
Sonchus_oleraceus,166,14
Sonchus_arvensis,143,10
Lactuca_sativa,166,1
Cichorium_intybus,166,11
Elephantopus_tomentosus,94,3
Pseudelephantopus_spicatus,97,5
Centaurea_diffusa,58,4
Cyanus_segetum,105,7
Carthamus_tinctorius,166,1
Saussurea_costus,67,1
Silybum_marianum,83,8
Triodanis_perfoliata,16,9
Hippobroma_longiflora,93,1
Coriandrum_sativum,169,4
Cyclospermum_leptophyllum,103,10
Ammi_majus,96,9
Foeniculum_vulgare,166,8
Conium_maculatum,120,12
Daucus_carota,166,11
Anthriscus_caucalis,113,7
Eryngium_foetidum,110,5
Hydrocotyle_vulgaris,43,8
Hydrocotyle_verticillata,14,18
Lonicera_sempervirens,87,5
Mentha_spicata,106,2
Prunella_grandiflora,62,7
Salvia_tiliifolia,42,4
Salvia_coccinea,105,7
Salvia_sclarea,85,7
Rosmarinus_officinalis,12,5
Hyptis_suaveolens,104,7
Hyptis_brevipes,93,7
Hyptis_capitata,101,5
Ocimum_basilicum,117,7
Stachys_arvensis,50,7
Orobanche_brassicae,45,7
Ruellia_tuberosa,92,3
Ruellia_simplex,28,5
Andrographis_paniculata,98,1
Justicia_gendarussa,170,1
Justicia_adhatoda,169,2
Thunbergia_alata,169,6
Martynia_annua,58,3
Pyrostegia_venusta,101,6
Dolichandra_unguiscati,96,7
Lantana_montevidensis,100,3
Lantana_camara,169,5
Verbena_bonariensis,26,3
Stachytarpheta_urticifolia,169,7
Stachytarpheta_jamaicensis,40,7
Duranta_erecta,112,7
Lindernia_dubia,17,15
Lindernia_rotundifolia,15,6
Torenia_fournieri,54,1
Mecardonia_procumbens,18,9
Veronica_polita,137,12
Veronica_persica,116,14
Veronica_arvensis,73,11
Veronica_hederifolia,37,10
Veronica_peregrina,119,15
Plantago_virginica,88,6
Plantago_lanceolata,123,13
Plantago_aristata,123,3
Digitalis_purpurea,100,5
Cymbalaria_muralis,71,2
Kickxia_elatine,169,11
Stemodia_verticillata,2,7
Scoparia_dulcis,169,9
Jasminum_sambac,115,1
Myosotis_arvensis,10,11
Borago_officinalis,86,6
Symphytum_officinale,42,9
Heliotropium_ellipticum,66,6
Heliotropium_europaeum,145,7
Galium_aparine,137,1
Sherardia_arvensis,94,9
Mitracarpus_hirtus,43,7
Richardia_brasiliensis,64,3
Richardia_scabra,54,7
Spermacoce_alata,62,3
Spermacoce_remota,41,7
Diodia_virginiana,6,6
Morinda_lucida,21,5
Mussaenda_erythrophylla,103,1
Cinchona_officinalis,94,1
Cinchona_pubescens,94,3
Cinchona_calisaya,90,1
Cascabela_thevetia,101,7
Asclepias_curassavica,169,6
Calotropis_procera,138,10
Voacanga_africana,50,5
Rauvolfia_tetraphylla,62,5
Catharanthus_roseus,169,1
Ochrosia_elliptica,92,2
Plumeria_rubra,105,2
Solanum_sarrachoides,43,3
Solanum_erianthum,165,6
Solanum_elaeagnifolium,5,7
Solanum_torvum,128,6
Solanum_chrysotrichum,139,2
Solanum_donianum,108,4
Solanum_carolinense,65,6
Solanum_rostratum,42,5
Solanum_wrightii,169,1
Solanum_sisymbriifolium,121,3
Solanum_capsicoides,145,2
Solanum_aculeatissimum,133,8
Solanum_viarum,118,2
Solanum_pseudocapsicum,123,6
Solanum_betaceum,67,2
Solanum_scabrum,106,7
Solanum_seaforthianum,87,3
Solanum_lycopersicum,167,1
Physalis_lagascae,179,3
Physalis_ixocarpa,65,2
Physalis_angulata,146,12
Physalis_pubescens,147,11
Physalis_philadelphica,112,2
Physalis_peruviana,97,2
Capsicum_annuum,129,7
Datura_inoxia,97,7
Datura_stramonium,163,1
Brugmansia_suaveolens,99,2
Nicandra_physalodes,93,1
Nicotiana_alata,91,2
Nicotiana_plumbaginifolia,86,5
Cestrum_nocturnum,124,3
Ipomoea_turbinata,46,1
Ipomoea_triloba,101,4
Ipomoea_mauritiana,90,18
Ipomoea_lacunosa,39,1
Ipomoea_rubriflora,74,2
Ipomoea_hederifolia,80,9
Ipomoea_quamoclit,105,3
Ipomoea_indica,169,5
Ipomoea_nil,123,7
Ipomoea_purpurea,102,7
Ipomoea_alba,89,8
Ipomoea_trifida,39,5
Ipomoea_batatas,137,1
Ipomoea_cordatotriloba,12,4
Ipomoea_carnea,87,7
Ipomoea_eriocarpa,93,16
Argyreia_nervosa,88,1
Merremia_tuberosa,58,6
Cuscuta_approximata,166,9
Cuscuta_campestris,31,10
Jacquemontia_tamnifolia,41,7
Evolvulus_nummularius,21,7
Anagallis_arvensis,122,13
Impatiens_balsamina,105,2
Impatiens_walleriana,62,2
Deutzia_crenata,100,1
Epiphyllum_oxypetalum,93,2
Opuntia_cochenillifera,38,1
Opuntia_ficusindica,82,1
Opuntia_dillenii,104,5
Opuntia_stricta,112,5
Nopalea_cochenillifera,104,1
Opuntia_monacantha,110,2
Pereskia_aculeata,65,6
Portulaca_oleracea,169,14
Portulaca_pilosa,112,10
Portulaca_grandiflora,105,1
Talinum_fruticosum,104,6
Talinum_paniculatum,98,10
Anredera_vesicaria,45,7
Anredera_cordifolia,96,3
Basella_alba,110,4
Mollugo_verticillata,86,14
Boerhavia_erecta,51,17
Mirabilis_jalapa,131,2
Oxybaphus_nyctagineus,12,8
Bougainvillea_spectabilis,106,1
Bougainvillea_glabra,100,1
Rivina_humilis,123,11
Petiveria_alliacea,87,9
Phytolacca_americana,166,7
Vaccaria_hispanica,166,12
Silene_gallica,115,9
Silene_vulgaris,166,15
Silene_armeria,105,5
Agrostemma_githago,122,11
Dianthus_sylvestris,69,4
Saponaria_officinalis,110,7
Cerastium_fontanum,114,9
Cerastium_glomeratum,135,11
Stellaria_pallida,73,8
Stellaria_media,148,14
Spergula_arvensis,65,10
Salicornia_bigelovii,21,7
Atriplex_hortensis,91,4
Atriplex_canescens,94,6
Atriplex_nummularia,26,1
Chenopodium_hybridum,117,12
Chenopodium_album,166,9
Chenopodium_giganteum,111,3
Dysphania_pumilio,29,1
Dysphania_ambrosioides,98,10
Alternanthera_bettzickiana,105,2
Alternanthera_pungens,65,3
Alternanthera_paronychioides,91,7
Alternanthera_philoxeroides,92,3
Gomphrena_celosioides,122,3
Gomphrena_globosa,120,5
Iresine_herbstii,101,1
Amaranthus_tortuosus,53,5
Amaranthus_tenuifolius,10,1
Amaranthus_polygonoides,20,5
Amaranthus_cruentus,123,2
Amaranthus_dubius,53,6
Amaranthus_spinosus,121,7
Amaranthus_hypochondriacus,92,3
Amaranthus_caudatus,166,2
Amaranthus_retroflexus,117,8
Amaranthus_powellii,28,6
Amaranthus_hybridus,144,14
Amaranthus_standleyanus,19,1
Amaranthus_blitoides,96,9
Amaranthus_blitum,117,13
Amaranthus_tricolor,121,5
Amaranthus_viridis,159,5
Amaranthus_palmeri,37,4
Amaranthus_tuberculatus,18,5
Amaranthus_albus,101,9
Celosia_argentea,154,5
Homalocladium_platycladum,102,1
Fallopia_scandens,92,15
Antigonon_leptopus,103,3
Stylosanthes_guianensis,36,6
Trifolium_fragiferum,91,12
Trifolium_hybridum,96,7
Trifolium_repens,166,11
Trifolium_pratense,109,11
Trifolium_incarnatum,12,5
Trifolium_dubium,62,8
Medicago_sativa,166,15
Medicago_polymorpha,121,11
Medicago_minima,112,12
Melilotus_officinalis,167,10
Trigonella_foenumgraecum,108,3
Vicia_sativa,137,16
Vicia_villosa,93,9
Lotus_corniculatus,166,16
Securigera_varia,98,8
Sesbania_sesban,104,14
Sesbania_grandiflora,97,2
Sesbania_cannabina,112,6
Sesbania_herbacea,112,1
Robinia_pseudoacacia,108,3
Gliricidia_sepium,34,2
Calopogonium_mucunoides,97,5
Pachyrhizus_erosus,115,3
Desmodium_intortum,42,5
Desmodium_tortuosum,92,9
Desmodium_scorpiurus,97,5
Phaseolus_coccineus,116,2
Phaseolus_vulgaris,152,5
Macroptilium_atropurpureum,54,7
Macroptilium_lathyroides,109,6
Lablab_purpureus,169,7
Macrotyloma_uniflorum,89,6
Cajanus_cajan,169,1
Derris_elliptica,88,3
Tephrosia_candida,94,1
Canavalia_ensiformis,105,1
Centrosema_pubescens,97,3
Clitoria_ternatea,129,10
Indigofera_suffruticosa,112,9
Amorpha_fruticosa,103,8
Crotalaria_ochroleuca,70,6
Crotalaria_trichotoma,88,2
Crotalaria_lanceolata,86,5
Crotalaria_juncea,89,1
Crotalaria_micans,92,7
Crotalaria_incana,70,14
Ulex_europaeus,160,4
Dalbergia_sissoo,116,4
Aeschynomene_americana,97,8
Arachis_hypogaea,157,1
Arachis_duranensis,21,2
Acacia_mangium,39,1
Acacia_longifolia,12,1
Acacia_mearnsii,71,1
Acacia_dealbata,83,1
Acacia_decurrens,98,1
Albizia_lebbeck,137,2
Acacia_senegal,76,8
Pithecellobium_dulce,100,4
Mimosa_pudica,115,6
Mimosa_invisa,97,3
Mimosa_diplotricha,31,7
Mimosa_bimucronata,102,2
Mimosa_pigra,24,14
Desmanthus_virgatus,59,8
Leucaena_leucocephala,169,2
Neptunia_plena,59,7
Caesalpinia_pulcherrima,169,2
Senna_surattensis,169,4
Senna_fruticosa,79,2
Senna_occidentalis,169,6
Senna_hirsuta,64,7
Senna_sophera,94,7
Senna_bicapsularis,70,4
Senna_corymbosa,40,2
Senna_obtusifolia,105,11
Senna_tora,90,5
Chamaecrista_mimosoides,92,12
Senna_alata,86,3
Senna_siamea,86,2
Senna_didymobotrya,57,4
Cassia_floribunda,88,1
Polygala_paniculata,91,6
Pilea_microphylla,105,8
Cannabis_sativa,157,4
Ulmus_laevis,63,8
Cucumis_melo,123,17
Melothria_pendula,8,10
Sicyos_angulatus,35,5
Sechium_edule,89,1
Echinocystis_lobata,6,8
Momordica_charantia,117,12
Begonia_cucullata,69,2
Elatine_americana,69,4
Passiflora_suberosa,96,9
Passiflora_morifolia,18,5
Passiflora_quadrangularis,71,1
Passiflora_edulis,100,2
Passiflora_caerulea,111,2
Passiflora_foetida,169,9
Salix_fragilis,166,18
Phyllanthus_debilis,121,1
Phyllanthus_amarus,94,8
Phyllanthus_tenellus,20,5
Phyllanthus_niruri,108,8
Euphorbia_neriifolia,115,5
Euphorbia_antiquorum,105,3
Euphorbia_milii,115,1
Euphorbia_tithymaloides,94,6
Euphorbia_prostrata,101,10
Euphorbia_maculata,108,5
Euphorbia_hypericifolia,137,9
Euphorbia_hyssopifolia,133,10
Euphorbia_nutans,16,7
Euphorbia_serpens,97,13
Euphorbia_marginata,115,4
Euphorbia_pulcherrima,102,2
Euphorbia_heterophylla,115,10
Euphorbia_cyathophora,94,10
Euphorbia_dentata,38,5
Euphorbia_peplus,97,14
Euphorbia_lathyris,136,3
Croton_hirtus,7,7
Codiaeum_variegatum,100,4
Manihot_esculenta,102,3
Ricinus_communis,145,1
Linum_usitatissimum,170,2
Linum_striatum,108,4
Oxalis_triangularis,13,3
Oxalis_pescaprae,65,1
Oxalis_latifolia,99,7
Oxalis_debilis,169,5
Oxalis_bowiei,42,1
Tribulus_cistoides,90,7
Sisymbrium_orientale,25,9
Sisymbrium_officinale,96,14
Sisymbrium_irio,114,10
Sisymbrium_altissimum,120,8
Brassica_juncea,137,1
Raphanus_raphanistrum,63,9
Diplotaxis_muralis,115,7
Sinapis_alba,65,8
Sinapis_arvensis,57,13
Eutrema_japonicum,25,2
Alliaria_petiolata,94,11
Alyssum_alyssoides,94,8
Hesperis_matronalis,92,8
Bunias_orientalis,90,6
Erysimum_repandum,93,9
Capsella_bursapastoris,166,12
Cardamine_flexuosa,139,7
Nasturtium_officinale,114,11
Rorippa_amphibia,7,10
Armoracia_rusticana,96,1
Lepidium_didymum,115,4
Lepidium_virginicum,112,11
Lepidium_bonariense,13,2
Lepidium_densiflorum,98,10
Lepidium_campestre,97,7
Lobularia_maritima,105,4
Cleome_rutidosperma,64,5
Cleoserrata_speciosa,104,4
Reseda_lutea,98,10
Carica_papaya,115,2
Moringa_oleifera,95,1
Tropaeolum_majus,121,1
Waltheria_indica,179,9
Herissantia_crispa,90,10
Malvastrum_coromandelianum,135,8
Malvastrum_americanum,67,9
Abutilon_theophrasti,166,7
Sida_acuta,118,12
Hibiscus_trionum,145,15
Malachra_capitata,24,6
Corchorus_olitorius,169,1
Muntingia_calabura,88,4
Bixa_orellana,122,5
Acer_negundo,121,9
Rhus_typhina,97,4
Clidemia_hirta,23,4
Eucalyptus_robusta,107,1
Eucalyptus_exserta,100,1
Eucalyptus_globulus,94,1
Psidium_guajava,169,7
Syzygium_jambos,169,4
Oenothera_villosa,63,8
Oenothera_tetraptera,87,6
Oenothera_stricta,105,1
Oenothera_parviflora,71,5
Oenothera_oakesiana,8,5
Oenothera_curtiflora,92,4
Oenothera_odorata,121,1
Oenothera_biennis,123,6
Oenothera_drummondii,92,3
Oenothera_laciniata,99,5
Gaura_mollis,92,8
Gaura_lindheimeri,112,2
Gaura_biennis,120,4
Oenothera_rosea,86,4
Oenothera_speciosa,45,5
Clarkia_pulchella,84,3
Ludwigia_leptocarpa,11,6
Ludwigia_hyssopifolia,95,18
Sonneratia_apetala,27,2
Ammannia_coccinea,18,8
Rotala_ramosior,86,4
Cuphea_carthagenensis,55,7
Punica_granatum,131,4
Geranium_carolinianum,104,10
Geranium_molle,103,10
Erodium_moschatum,23,7
Parthenocissus_quinquefolia,122,7
Sedum_mexicanum,19,1
Kalanchoe_tubiflora,21,1
Bryophyllum_daigremontianum,44,1
Bryophyllum_delagoense,9,1
Bryophyllum_pinnatum,104,1
Myriophyllum_aquaticum,26,3
Ribes_nigrum,94,9
Ribes_uvacrispa,176,8
Ranunculus_sardous,12,7
Ranunculus_muricatus,96,10
Ranunculus_arvensis,94,10
Berberis_thunbergii,98,1
Papaver_nudicaule,161,4
Argemone_mexicana,159,6
Eschscholzia_californica,92,4
Sansevieria_trifasciata,104,2
Asparagus_densiflorus,102,1
Asparagus_setaceus,100,4
Cordyline_fruticosa,103,8
Agave_sisalana,68,1
Agave_americana,122,2
Nothoscordum_gracile,11,5
Zephyranthes_minuta,95,1
Zephyranthes_carinata,26,1
Zephyranthes_candida,93,1
Hippeastrum_striatum,12,2
Hippeastrum_vittatum,100,2
Sisyrinchium_atlanticum,35,4
Sisyrinchium_micranthum,7,6
Eleutherine_bulbosa,86,4
Spartina_alterniflora,90,8
Spartina_anglica,43,3
Panicum_dichotomiflorum,114,10
Brachiaria_brizantha,42,6
Brachiaria_plantaginea,91,9
Brachiaria_mutica,91,7
Panicum_maximum,101,8
Melinis_repens,82,11
Melinis_minutiflora,92,8
Brachiaria_eruciformis,95,12
Pennisetum_polystachion,61,6
Cenchrus_purpureus,113,5
Cenchrus_incertus,7,12
Cenchrus_clandestinus,12,4
Cenchrus_echinatus,104,8
Cenchrus_caliculatus,50,5
Pennisetum_purpureum,113,5
Pennisetum_glaucum,92,4
Pennisetum_clandestinum,12,4
Setaria_parviflora,169,13
Setaria_sphacelata,112,7
Paspalidium_flavidum,86,7
Panicum_acuminatum,87,13
Digitaria_ciliaris,112,22
Dichanthium_annulatum,153,12
Cymbopogon_nardus,112,5
Sorghum_halepense,111,5
Chrysopogon_zizanioides,25,2
Paspalum_dilatatum,103,3
Paspalum_urvillei,31,3
Paspalum_fimbriatum,51,6
Paspalum_virgatum,107,8
Paspalum_notatum,110,6
Paspalum_conjugatum,105,24
Paspalum_distichum,101,13
Axonopus_fissifolius,19,9
Axonopus_compressus,96,9
Cynodon_plectostachyus,52,2
Chloris_virgata,154,28
Chloris_gayana,104,7
Chloris_barbata,114,14
Eleusine_coracana,136,7
Dinebra_retroflexa,43,9
Buchloe_dactyloides,69,7
Eragrostis_curvula,69,3
Eragrostis_ciliaris,110,15
Vulpia_myuros,89,13
Festuca_rubra,125,11
Festuca_arundinacea,84,7
Lolium_remotum,46,1
Lolium_persicum,91,4
Lolium_rigidum,121,10
Lolium_multiflorum,107,9
Lolium_temulentum,74,1
Lolium_perenne,123,11
Parapholis_incurva,68,10
Dactylis_glomerata,174,13
Holcus_lanatus,120,9
Alopecurus_myosuroides,79,10
Poa_trivialis,71,12
Poa_pratensis,120,23
Poa_compressa,119,8
Poa_annua,166,1
Phleum_pratense,114,13
Phalaris_paradoxa,64,7
Phalaris_minor,97,9
Phalaris_canariensis,123,3
Avena_sterilis,91,12
Avena_fatua,137,14
Arrhenatherum_elatius,96,11
Hordeum_jubatum,96,14
Hordeum_bulbosum,98,7
Secale_cereale,112,5
Bromus_rigidus,89,6
Bromus_arvensis,166,6
Bromus_catharticus,69,4
Glyceria_maxima,108,8
Pleioblastus_gramineus,105,1
Ehrharta_erecta,24,6
Cyperus_surinamensis,13,10
Cyperus_prolifer,20,5
Cyperus_rotundus,178,22
Cyperus_esculentus,68,30
Kyllinga_polyphylla,12,7
Rhynchospora_submarginata,86,6
Curcuma_longa,113,1
Etlingera_elatior,94,2
Canna_indica,169,7
Eichhornia_crassipes,114,2
Tradescantia_pallida,17,1
Tradescantia_zebrina,90,1
Tradescantia_fluminensis,19,2
Callisia_repens,19,6
Tinantia_erecta,8,7
Elaeis_guineensis,68,4
Lilium_hansonii,73,1
Pistia_stratiotes,109,25
Caladium_bicolor,79,3
Dieffenbachia_seguine,69,6
Potamogeton_vaseyi,41,3
Sagittaria_graminea,64,6
Limnocharis_flava,19,7
Annona_glabra,79,8
Peperomia_pellucida,106,15
Piper_betle,98,2
Nymphaea_alba,108,9
Cabomba_caroliniana,24,7
