species,mrt,natRng
Spilanthes_acmella,86,4
Sclerocarpus_africanus,46,8
Sanvitalia_procumbens,101,2
Cota_tinctoria,91,9
Amberboa_moschata,166,2
Eupatorium_adenophorum,60,1
Acanthospermum_australe,86,5
Lagascea_mollis,57,7
Helianthus_laetiflorus,55,6
Helianthus_tuberosus,127,7
Helianthus_annuus,122,8
Acmella_uliginosa,54,13
Acmella_ciliata,50,5
Eclipta_prostrata,169,13
Dahlia_pinnata,116,1
Gnaphalium_purpureum,169,12
Gnaphalium_pensylvanicum,101,4
Gnaphalium_polycaulon,115,1
Solidago_altissima,89,8
Erigeron_karvinskianus,73,5
Erigeron_bellioides,112,3
Matricaria_matricarioides,69,10
Emilia_sonchifolia,138,6
Emilia_fosbergii,26,12
Hypochaeris_radicata,103,9
Lactuca_sativa,166,1
Carthamus_tinctorius,166,1
Saussurea_costus,67,1
Coriandrum_sativum,169,4
Foeniculum_vulgare,166,8
Hydrocotyle_vulgaris,43,8
Lonicera_sempervirens,87,5
Mentha_spicata,106,2
Prunella_grandiflora,62,7
Rosmarinus_officinalis,12,5
Ruellia_simplex,28,5
Andrographis_paniculata,98,1
Pyrostegia_venusta,101,6
Duranta_erecta,112,7
Lindernia_dubia,17,15
Plantago_lanceolata,123,13
Digitalis_purpurea,100,5
Jasminum_sambac,115,1
Myosotis_arvensis,10,11
Morinda_lucida,21,5
Mussaenda_erythrophylla,103,1
Cinchona_officinalis,94,1
Cinchona_pubescens,94,3
Cinchona_calisaya,90,1
Cascabela_thevetia,101,7
Rauvolfia_tetraphylla,62,5
Plumeria_rubra,105,2
Solanum_donianum,108,4
Solanum_wrightii,169,1
Solanum_betaceum,67,2
Solanum_seaforthianum,87,3
Solanum_lycopersicum,167,1
Capsicum_annuum,129,7
Nicotiana_alata,91,2
Nicotiana_plumbaginifolia,86,5
Ipomoea_turbinata,46,1
Ipomoea_trifida,39,5
Ipomoea_batatas,137,1
Ipomoea_eriocarpa,93,16
Argyreia_nervosa,88,1
Anagallis_arvensis,122,13
Deutzia_crenata,100,1
Epiphyllum_oxypetalum,93,2
Nopalea_cochenillifera,104,1
Portulaca_oleracea,169,14
Portulaca_grandiflora,105,1
Mollugo_verticillata,86,14
Boerhavia_erecta,51,17
Bougainvillea_spectabilis,106,1
Bougainvillea_glabra,100,1
Silene_armeria,105,5
Dianthus_sylvestris,69,4
Saponaria_officinalis,110,7
Cerastium_fontanum,114,9
Spergula_arvensis,65,10
Atriplex_hortensis,91,4
Chenopodium_album,166,9
Alternanthera_bettzickiana,105,2
Gomphrena_globosa,120,5
Iresine_herbstii,101,1
Homalocladium_platycladum,102,1
Trifolium_fragiferum,91,12
Trifolium_dubium,62,8
Trigonella_foenumgraecum,108,3
Lotus_corniculatus,166,16
Pachyrhizus_erosus,115,3
Desmodium_intortum,42,5
Desmodium_scorpiurus,97,5
Phaseolus_coccineus,116,2
Phaseolus_vulgaris,152,5
Lablab_purpureus,169,7
Macrotyloma_uniflorum,89,6
Canavalia_ensiformis,105,1
Amorpha_fruticosa,103,8
Dalbergia_sissoo,116,4
Arachis_hypogaea,157,1
Arachis_duranensis,21,2
Pithecellobium_dulce,100,4
Caesalpinia_pulcherrima,169,2
Senna_surattensis,169,4
Senna_tora,90,5
Senna_siamea,86,2
Cassia_floribunda,88,1
Polygala_paniculata,91,6
Ulmus_laevis,63,8
Cucumis_melo,123,17
Sechium_edule,89,1
Momordica_charantia,117,12
Elatine_americana,69,4
Salix_fragilis,166,18
Euphorbia_neriifolia,115,5
Euphorbia_milii,115,1
Euphorbia_tithymaloides,94,6
Euphorbia_lathyris,136,3
Codiaeum_variegatum,100,4
Manihot_esculenta,102,3
Linum_usitatissimum,170,2
Linum_striatum,108,4
Oxalis_pescaprae,65,1
Tribulus_cistoides,90,7
Sisymbrium_orientale,25,9
Sisymbrium_officinale,96,14
Sisymbrium_irio,114,10
Sisymbrium_altissimum,120,8
Brassica_juncea,137,1
Sinapis_alba,65,8
Sinapis_arvensis,57,13
Eutrema_japonicum,25,2
Hesperis_matronalis,92,8
Capsella_bursapastoris,166,12
Armoracia_rusticana,96,1
Lobularia_maritima,105,4
Cleoserrata_speciosa,104,4
Carica_papaya,115,2
Moringa_oleifera,95,1
Tropaeolum_majus,121,1
Malachra_capitata,24,6
Muntingia_calabura,88,4
Bixa_orellana,122,5
Syzygium_jambos,169,4
Oenothera_odorata,121,1
Gaura_lindheimeri,112,2
Gaura_biennis,120,4
Ludwigia_hyssopifolia,95,18
Rotala_ramosior,86,4
Punica_granatum,131,4
Geranium_molle,103,10
Erodium_moschatum,23,7
Sedum_mexicanum,19,1
Kalanchoe_tubiflora,21,1
Ribes_nigrum,94,9
Ribes_uvacrispa,176,8
Berberis_thunbergii,98,1
Papaver_nudicaule,161,4
Eschscholzia_californica,92,4
Asparagus_setaceus,100,4
Cordyline_fruticosa,103,8
Hippeastrum_striatum,12,2
Sisyrinchium_atlanticum,35,4
Sisyrinchium_micranthum,7,6
Eleutherine_bulbosa,86,4
Brachiaria_plantaginea,91,9
Pennisetum_glaucum,92,4
Paspalidium_flavidum,86,7
Digitaria_ciliaris,112,22
Dichanthium_annulatum,153,12
Cynodon_plectostachyus,52,2
Chloris_virgata,154,28
Eleusine_coracana,136,7
Eragrostis_ciliaris,110,15
Vulpia_myuros,89,13
Lolium_rigidum,121,10
Dactylis_glomerata,174,13
Alopecurus_myosuroides,79,10
Poa_trivialis,71,12
Poa_pratensis,120,23
Poa_compressa,119,8
Poa_annua,166,1
Phalaris_canariensis,123,3
Hordeum_bulbosum,98,7
Bromus_rigidus,89,6
Pleioblastus_gramineus,105,1
Cyperus_prolifer,20,5
Kyllinga_polyphylla,12,7
Rhynchospora_submarginata,86,6
Curcuma_longa,113,1
Etlingera_elatior,94,2
Canna_indica,169,7
Elaeis_guineensis,68,4
Lilium_hansonii,73,1
Caladium_bicolor,79,3
Dieffenbachia_seguine,69,6
Potamogeton_vaseyi,41,3
Annona_glabra,79,8
Piper_betle,98,2
Nymphaea_alba,108,9