species,mrt,natCon_nu,natCon_bi
Zinnia_elegans,119,0,0
Zinnia_peruviana,98,0,0
Silphium_perfoliatum,76,0,0
Rudbeckia_hirta,121,0,0
Rudbeckia_laciniata,106,0,0
Ageratum_conyzoides,169,0,0
Ageratum_houstonianum,121,0,0
Chromolaena_odorata,86,0,0
Praxelis_clematidea,31,0,0
Eupatorium_cannabinum,99,0,0
Mikania_micrantha,90,1,1
Ageratina_adenophora,31,0,0
Gaillardia_aristata,107,0,0
Gaillardia_pulchella,114,0,0
Helenium_bigelovii,59,0,0
Flaveria_bidentis,32,0,0
Smallanthus_uvedalia,41,1,1
Galinsoga_parviflora,108,0,0
Galinsoga_quadriradiata,103,0,0
Tridax_procumbens,94,0,0
Acanthospermum_hispidum,86,0,0
Tithonia_rotundifolia,96,0,0
Tithonia_diversifolia,101,0,0
Ambrosia_artemisiifolia,65,0,0
Ambrosia_psilostachya,30,0,0
Ambrosia_trifida,113,0,0
Xanthium_strumarium,169,0,0
Xanthium_spinosum,5,0,0
Parthenium_hysterophorus,96,0,0
Acmella_radicans,8,0,0
Sphagneticola_trilobata,31,2,1
Synedrella_nodiflora,114,0,0
Calyptocarpus_vialis,24,0,0
Bidens_bipinnata,169,7,1
Bidens_frondosa,96,0,0
Coreopsis_lanceolata,113,0,0
Coreopsis_tinctoria,121,0,0
Coreopsis_basalis,72,0,0
Cosmos_sulphureus,100,0,0
Cosmos_bipinnatus,120,0,0
Pluchea_sagittalis,15,0,0
Aster_subulatus,89,92,1
Solidago_canadensis,108,0,0
Erigeron_sumatrensis,112,0,0
Erigeron_strigosus,55,0,0
Erigeron_annuus,121,34,1
Erigeron_philadelphicus,38,0,0
Erigeron_bonariensis,169,0,0
Conyza_sumatrensis,100,1,1
Erigeron_canadensis,144,0,0
Chrysanthemum_segetum,166,15,1
Glebionis_coronaria,166,1,1
Tanacetum_parthenifolium,89,13,1
Leucanthemum_vulgare,112,0,0
Soliva_anthemifolia,96,0,0
Crassocephalum_rubens,12,0,0
Crassocephalum_crepidioides,98,0,0
Erechtites_valerianifolius,100,0,0
Crepis_tectorum,97,16,1
Sonchus_oleraceus,166,0,0
Sonchus_arvensis,143,3,1
Elephantopus_tomentosus,94,1,1
Pseudelephantopus_spicatus,97,0,0
Hippobroma_longiflora,93,0,0
Cyclospermum_leptophyllum,103,0,0
Ammi_majus,96,0,0
Conium_maculatum,120,0,0
Daucus_carota,166,0,0
Hydrocotyle_verticillata,14,14,1
Salvia_tiliifolia,42,0,0
Hyptis_suaveolens,104,0,0
Hyptis_brevipes,93,0,0
Hyptis_capitata,101,0,0
Ocimum_basilicum,117,2,1
Orobanche_brassicae,45,21,1
Ruellia_tuberosa,92,0,0
Justicia_gendarussa,170,0,0
Dolichandra_unguiscati,96,0,0
Lantana_camara,169,0,0
Stachytarpheta_urticifolia,169,0,0
Stachytarpheta_jamaicensis,40,0,0
Torenia_fournieri,54,9,1
Mecardonia_procumbens,18,0,0
Veronica_polita,137,0,0
Veronica_persica,116,0,0
Veronica_arvensis,73,51,1
Veronica_hederifolia,37,0,0
Veronica_peregrina,119,0,0
Plantago_virginica,88,0,0
Stemodia_verticillata,2,0,0
Scoparia_dulcis,169,0,0
Borago_officinalis,86,0,0
Heliotropium_ellipticum,66,7,1
Heliotropium_europaeum,145,0,0
Mitracarpus_hirtus,43,0,0
Richardia_brasiliensis,64,0,0
Richardia_scabra,54,0,0
Spermacoce_alata,62,5,1
Spermacoce_remota,41,0,0
Calotropis_procera,138,1,1
Voacanga_africana,50,1,1
Catharanthus_roseus,169,0,0
Ochrosia_elliptica,92,2,1
Solanum_erianthum,165,0,0
Solanum_elaeagnifolium,5,0,0
Solanum_torvum,128,0,0
Solanum_chrysotrichum,139,0,0
Solanum_rostratum,42,0,0
Solanum_capsicoides,145,0,0
Solanum_aculeatissimum,133,25,1
Physalis_lagascae,179,0,0
Physalis_angulata,146,2,1
Physalis_philadelphica,112,0,0
Datura_stramonium,163,0,0
Brugmansia_suaveolens,99,0,0
Nicandra_physalodes,93,0,0
Ipomoea_triloba,101,0,0
Ipomoea_mauritiana,90,0,0
Ipomoea_lacunosa,39,0,0
Ipomoea_quamoclit,105,0,0
Ipomoea_nil,123,0,0
Ipomoea_purpurea,102,0,0
Ipomoea_carnea,87,0,0
Cuscuta_approximata,166,9,1
Cuscuta_campestris,31,0,0
Jacquemontia_tamnifolia,41,1,1
Evolvulus_nummularius,21,1,1
Impatiens_balsamina,105,250,1
Opuntia_ficusindica,82,0,0
Opuntia_dillenii,104,0,0
Opuntia_monacantha,110,0,0
Portulaca_pilosa,112,0,0
Talinum_paniculatum,98,0,0
Anredera_vesicaria,45,0,0
Anredera_cordifolia,96,0,0
Basella_alba,110,0,0
Tetragonia_tetragonioides,48,0,0
Mirabilis_jalapa,131,0,0
Petiveria_alliacea,87,0,0
Phytolacca_americana,166,3,1
Vaccaria_hispanica,166,0,0
Silene_vulgaris,166,0,0
Agrostemma_githago,122,0,0
Cerastium_glomeratum,135,0,0
Stellaria_pallida,73,0,0
Stellaria_media,148,58,1
Atriplex_canescens,94,14,1
Atriplex_nummularia,26,0,0
Chenopodium_hybridum,117,0,0
Dysphania_pumilio,29,0,0
Dysphania_ambrosioides,98,3,1
Alternanthera_pungens,65,0,0
Alternanthera_philoxeroides,92,0,0
Amaranthus_tortuosus,53,0,0
Amaranthus_polygonoides,20,0,0
Amaranthus_cruentus,123,0,0
Amaranthus_spinosus,121,0,0
Amaranthus_caudatus,166,0,0
Amaranthus_retroflexus,117,0,0
Amaranthus_powellii,28,0,0
Amaranthus_hybridus,144,0,0
Amaranthus_blitum,117,0,0
Amaranthus_viridis,159,0,0
Amaranthus_palmeri,37,0,0
Amaranthus_tuberculatus,18,0,0
Amaranthus_albus,101,1,1
Celosia_argentea,154,1,1
Trifolium_repens,166,0,0
Trifolium_pratense,109,0,0
Medicago_sativa,166,0,0
Medicago_polymorpha,121,0,0
Melilotus_officinalis,167,3,1
Vicia_villosa,93,0,0
Securigera_varia,98,0,0
Sesbania_cannabina,112,2,1
Sesbania_herbacea,112,0,0
Robinia_pseudoacacia,108,1,1
Calopogonium_mucunoides,97,0,0
Cajanus_cajan,169,7,1
Derris_elliptica,88,19,1
Centrosema_pubescens,97,0,0
Ulex_europaeus,160,0,0
Aeschynomene_americana,97,1,1
Acacia_longifolia,12,0,0
Acacia_mearnsii,71,0,0
Acacia_dealbata,83,6,1
Acacia_decurrens,98,0,0
Albizia_lebbeck,137,15,1
Acacia_senegal,76,0,0
Mimosa_pudica,115,0,0
Mimosa_invisa,97,0,0
Mimosa_bimucronata,102,0,0
Desmanthus_virgatus,59,0,0
Leucaena_leucocephala,169,1,1
Senna_fruticosa,79,0,0
Senna_occidentalis,169,0,0
Senna_sophera,94,0,0
Senna_bicapsularis,70,0,0
Senna_corymbosa,40,0,0
Senna_obtusifolia,105,0,0
Senna_didymobotrya,57,0,0
Pilea_microphylla,105,80,1
Cannabis_sativa,157,0,0
Begonia_cucullata,69,189,1
Passiflora_suberosa,96,0,0
Passiflora_quadrangularis,71,0,0
Passiflora_edulis,100,0,0
Passiflora_caerulea,111,15,1
Passiflora_foetida,169,0,0
Euphorbia_antiquorum,105,60,1
Euphorbia_prostrata,101,0,0
Euphorbia_maculata,108,0,0
Euphorbia_hypericifolia,137,0,0
Euphorbia_hyssopifolia,133,0,0
Euphorbia_serpens,97,0,0
Euphorbia_pulcherrima,102,0,0
Euphorbia_heterophylla,115,0,0
Euphorbia_cyathophora,94,0,0
Euphorbia_dentata,38,0,0
Euphorbia_peplus,97,0,0
Croton_hirtus,7,0,0
Ricinus_communis,145,0,0
Oxalis_triangularis,13,0,0
Oxalis_latifolia,99,0,0
Oxalis_debilis,169,0,0
Alliaria_petiolata,94,0,0
Alyssum_alyssoides,94,6,1
Bunias_orientalis,90,1,1
Erysimum_repandum,93,18,1
Cardamine_flexuosa,139,50,1
Nasturtium_officinale,114,0,0
Rorippa_amphibia,7,9,1
Lepidium_didymum,115,0,0
Lepidium_virginicum,112,0,0
Lepidium_bonariense,13,17,1
Lepidium_campestre,97,0,0
Cleome_rutidosperma,64,3,1
Reseda_lutea,98,2,1
Waltheria_indica,179,0,0
Herissantia_crispa,90,0,0
Malvastrum_coromandelianum,135,0,0
Abutilon_theophrasti,166,7,1
Sida_acuta,118,12,1
Hibiscus_trionum,145,25,1
Corchorus_olitorius,169,3,1
Eucalyptus_robusta,107,0,0
Eucalyptus_exserta,100,18,1
Eucalyptus_globulus,94,0,0
Oenothera_curtiflora,92,0,0
Oenothera_glazioviana,112,0,0
Oenothera_drummondii,92,0,0
Gaura_mollis,92,0,0
Oenothera_rosea,86,0,0
Ammannia_coccinea,18,4,1
Cuphea_carthagenensis,55,5,1
Geranium_carolinianum,104,51,1
Bryophyllum_pinnatum,104,0,0
Myriophyllum_aquaticum,26,10,1
Ranunculus_muricatus,96,0,0
Ranunculus_arvensis,94,119,1
Argemone_mexicana,159,0,0
Asparagus_densiflorus,102,29,1
Agave_americana,122,0,0
Zephyranthes_minuta,95,0,0
Zephyranthes_carinata,26,0,0
Zephyranthes_candida,93,0,0
Hippeastrum_vittatum,100,0,0
Spartina_alterniflora,90,0,0
Spartina_anglica,43,0,0
Panicum_dichotomiflorum,114,0,0
Brachiaria_brizantha,42,8,1
Brachiaria_mutica,91,0,0
Panicum_maximum,101,0,0
Melinis_repens,82,0,0
Brachiaria_eruciformis,95,0,0
Pennisetum_polystachion,61,0,0
Cenchrus_purpureus,113,0,0
Cenchrus_incertus,7,0,0
Cenchrus_clandestinus,12,0,0
Cenchrus_echinatus,104,0,0
Cenchrus_caliculatus,50,1,1
Sorghum_halepense,111,0,0
Paspalum_dilatatum,103,0,0
Paspalum_conjugatum,105,6,1
Paspalum_distichum,101,0,0
Axonopus_fissifolius,19,0,0
Chloris_gayana,104,0,0
Eragrostis_curvula,69,0,0
Festuca_rubra,125,0,0
Festuca_arundinacea,84,54,1
Lolium_persicum,91,0,0
Lolium_temulentum,74,0,0
Parapholis_incurva,68,0,0
Avena_sterilis,91,0,0
Avena_fatua,137,3,1
Arrhenatherum_elatius,96,0,0
Hordeum_jubatum,96,0,0
Secale_cereale,112,2,1
Bromus_catharticus,69,0,0
Cyperus_rotundus,178,0,0
Cyperus_esculentus,68,58,1
Eichhornia_crassipes,114,0,0
Tradescantia_pallida,17,0,0
Tradescantia_zebrina,90,0,0
Tradescantia_fluminensis,19,1,1
Callisia_repens,19,0,0
Tinantia_erecta,8,1,1
Pistia_stratiotes,109,0,0
Limnocharis_flava,19,0,0
Peperomia_pellucida,106,7,1
Cabomba_caroliniana,24,0,0