species,mrt,natuRng
Sclerocarpus_africanus,46,4
Sanvitalia_procumbens,101,5
Cota_tinctoria,91,59
Amberboa_moschata,166,7
Acanthospermum_australe,86,34
Lagascea_mollis,57,19
Helianthus_laetiflorus,55,43
Helianthus_tuberosus,127,135
Helianthus_annuus,122,107
Acmella_uliginosa,54,7
Acmella_ciliata,50,17
Eclipta_prostrata,169,86
Dahlia_pinnata,116,5
Gnaphalium_purpureum,169,46
Gnaphalium_pensylvanicum,101,106
Gnaphalium_polycaulon,115,76
Solidago_altissima,89,18
Erigeron_karvinskianus,73,90
Erigeron_bellioides,112,7
Matricaria_matricarioides,69,57
Emilia_sonchifolia,138,73
Emilia_fosbergii,26,36
Erechtites_valerianifolia,98,28
Erechtites_hieracifolia,89,9
Hypochaeris_radicata,103,188
Lactuca_sativa,166,68
Carthamus_tinctorius,166,79
Coriandrum_sativum,169,143
Foeniculum_vulgare,166,188
Hydrocotyle_vulgaris,43,2
Lonicera_sempervirens,87,14
Mentha_spicata,106,166
Prunella_grandiflora,62,2
Rosmarinus_officinalis,12,39
Ruellia_simplex,28,31
Andrographis_paniculata,98,4
Pyrostegia_venusta,101,22
Duranta_erecta,112,46
Lindernia_dubia,17,16
Plantago_lanceolata,123,249
Digitalis_purpurea,100,111
Jasminum_sambac,115,12
Myosotis_arvensis,10,72
Cinchona_officinalis,94,5
Cinchona_pubescens,94,10
Cinchona_calisaya,90,2
Cascabela_thevetia,101,58
Rauvolfia_tetraphylla,62,15
Plumeria_rubra,105,14
Solanum_donianum,108,2
Solanum_betaceum,67,33
Solanum_seaforthianum,87,105
Solanum_lycopersicum,167,95
Capsicum_annuum,129,107
Nicotiana_alata,91,15
Nicotiana_plumbaginifolia,86,41
Petunia_hybrida,109,19
Ipomoea_turbinata,46,8
Ipomoea_trifida,39,2
Ipomoea_batatas,137,106
Ipomoea_eriocarpa,93,2
Argyreia_nervosa,88,18
Anagallis_arvensis,122,150
Deutzia_crenata,100,3
Epiphyllum_oxypetalum,93,5
Nopalea_cochenillifera,104,20
Portulaca_oleracea,169,274
Portulaca_grandiflora,105,53
Mollugo_verticillata,86,91
Boerhavia_erecta,51,62
Bougainvillea_spectabilis,106,25
Bougainvillea_glabra,100,43
Silene_armeria,105,68
Dianthus_sylvestris,69,2
Saponaria_officinalis,110,131
Cerastium_fontanum,114,108
Spergula_arvensis,65,219
Atriplex_hortensis,91,63
Chenopodium_album,166,283
Alternanthera_bettzickiana,105,32
Gomphrena_globosa,120,89
Iresine_herbstii,101,6
Homalocladium_platycladum,102,7
Trifolium_fragiferum,91,66
Trifolium_dubium,62,161
Trigonella_foenumgraecum,108,16
Lotus_corniculatus,166,115
Pachyrhizus_erosus,115,21
Desmodium_intortum,42,14
Desmodium_scorpiurus,97,11
Phaseolus_coccineus,116,13
Phaseolus_vulgaris,152,44
Lablab_purpureus,169,90
Macrotyloma_uniflorum,89,5
Canavalia_ensiformis,105,20
Amorpha_fruticosa,103,53
Dalbergia_sissoo,116,22
Arachis_hypogaea,157,67
Pithecellobium_dulce,100,74
Caesalpinia_pulcherrima,169,79
Senna_surattensis,169,18
Senna_tora,90,61
Senna_siamea,86,51
Cassia_floribunda,88,2
Polygala_paniculata,91,31
Ulmus_laevis,63,11
Cucumis_melo,123,89
Sechium_edule,89,27
Momordica_charantia,117,140
Salix_fragilis,166,94
Euphorbia_neriifolia,115,4
Euphorbia_milii,115,14
Euphorbia_tithymaloides,94,58
Euphorbia_lathyris,136,85
Codiaeum_variegatum,100,27
Manihot_esculenta,102,57
Linum_usitatissimum,170,148
Linum_striatum,108,1
Oxalis_pescaprae,65,86
Tribulus_cistoides,90,43
Sisymbrium_orientale,25,153
Sisymbrium_officinale,96,195
Sisymbrium_irio,114,149
Sisymbrium_altissimum,120,138
Brassica_juncea,137,183
Sinapis_alba,65,93
Sinapis_arvensis,57,146
Hesperis_matronalis,92,116
Capsella_bursapastoris,166,268
Armoracia_rusticana,96,118
Lobularia_maritima,105,157
Cleoserrata_speciosa,104,20
Carica_papaya,115,155
Moringa_oleifera,95,65
Tropaeolum_majus,121,101
Malachra_capitata,24,37
Muntingia_calabura,88,49
Bixa_orellana,122,32
Citrus_aurantiifolia,100,51
Syzygium_jambos,169,83
Oenothera_odorata,121,1
Gaura_lindheimeri,112,20
Gaura_biennis,120,1
Ludwigia_hyssopifolia,95,24
Rotala_ramosior,86,3
Punica_granatum,131,72
Geranium_molle,103,97
Erodium_moschatum,23,99
Sedum_mexicanum,19,8
Kalanchoe_tubiflora,21,15
Ribes_nigrum,94,35
Ribes_uvacrispa,176,59
Berberis_thunbergii,98,59
Papaver_nudicaule,161,9
Eschscholzia_californica,92,86
Asparagus_setaceus,100,84
Cordyline_fruticosa,103,58
Hippeastrum_striatum,12,5
Sisyrinchium_micranthum,7,28
Eleutherine_bulbosa,86,21
Brachiaria_plantaginea,91,62
Pennisetum_glaucum,92,69
Paspalidium_flavidum,86,4
Digitaria_ciliaris,112,193
Dichanthium_annulatum,153,68
Cynodon_plectostachyus,52,22
Chloris_virgata,154,133
Eleusine_coracana,136,19
Eragrostis_ciliaris,110,113
Vulpia_myuros,89,208
Lolium_rigidum,121,96
Dactylis_glomerata,174,220
Alopecurus_myosuroides,79,49
Poa_trivialis,71,100
Poa_pratensis,120,178
Poa_compressa,119,95
Poa_annua,166,253
Phalaris_canariensis,123,162
Hordeum_bulbosum,98,8
Bromus_rigidus,89,58
Pleioblastus_gramineus,105,3
Cyperus_prolifer,20,10
Kyllinga_polyphylla,12,7
Curcuma_longa,113,21
Etlingera_elatior,94,4
Canna_indica,169,142
Elaeis_guineensis,68,25
Caladium_bicolor,79,19
Dieffenbachia_seguine,69,17
Annona_glabra,79,13
Piper_betle,98,3
Nymphaea_alba,108,18