Species,sla,mrt
Zinnia_peruviana,21.6520163,98
Rudbeckia_hirta,20.77650342,121
Rudbeckia_laciniata,32.40122365,106
Cota_tinctoria,18.05222919,91
Ageratum_conyzoides,88.432,169
Chromolaena_odorata,34.74556718,86
Eupatorium_cannabinum,25.33779925,99
Mikania_micrantha,46.667,90
Ageratina_adenophora,30.62901085,31
Helenium_autumnale,21.92165303,113
Flaveria_bidentis,15.25014943,32
Galinsoga_parviflora,42.685,108
Galinsoga_quadriradiata,35.89220898,103
Tridax_procumbens,39.9,94
Helianthus_laetiflorus,7.893891563,55
Helianthus_tuberosus,23.13122929,127
Helianthus_annuus,16.67999388,122
Ambrosia_artemisiifolia,22.50689313,65
Ambrosia_psilostachya,18.64905647,30
Ambrosia_trifida,22.81674603,113
Xanthium_strumarium,16.6740898,169
Parthenium_hysterophorus,15.73656705,96
Eclipta_prostrata,27.77777778,169
Bidens_bipinnata,55.55555556,169
Bidens_frondosa,40.88222293,96
Coreopsis_lanceolata,13.66185965,113
Coreopsis_tinctoria,14.36677923,121
Gnaphalium_purpureum,8.120670101,169
Grindelia_squarrosa,10.08172888,86
Aster_subulatus,13.99178035,89
Solidago_canadensis,16.60346371,108
Erigeron_sumatrensis,12.85020971,112
Erigeron_speciosus,20.51963328,35
Erigeron_strigosus,20.7629738,55
Erigeron_annuus,28.26584383,121
Erigeron_karvinskianus,28.35293137,73
Erigeron_philadelphicus,37.79587592,38
Erigeron_bonariensis,15.16379256,169
Conyza_sumatrensis,19.34331083,100
Erigeron_canadensis,25.07182984,144
Achillea_millefolium,16.03971017,166
Matricaria_matricarioides,18.75,69
Tanacetum_vulgare,21.21509376,146
Anthemis_arvensis,29.40156984,120
Leucanthemum_vulgare,19.3001561,112
Crassocephalum_crepidioides,40.43421053,98
Erechtites_hieraciifolius,18.67938667,84
Crepis_tectorum,22.18714273,97
Hypochaeris_radicata,40.00885658,103
Sonchus_asper,39.05684585,111
Sonchus_oleraceus,36.53792711,166
Sonchus_arvensis,30.62880021,143
Lactuca_sativa,20.52,166
Cichorium_intybus,22.19545471,166
Centaurea_diffusa,14.76287225,58
Cyanus_segetum,20.23581518,105
Carthamus_tinctorius,14.15,166
Triodanis_perfoliata,36.8,16
Coriandrum_sativum,47.427,169
Cyclospermum_leptophyllum,13.61805627,103
Ammi_majus,34.44333333,96
Foeniculum_vulgare,9.70662445,166
Conium_maculatum,27.50456661,120
Daucus_carota,17.09910797,166
Anthriscus_caucalis,35.6113141,113
Hydrocotyle_vulgaris,29.38943405,43
Mentha_spicata,22.5,106
Prunella_grandiflora,17.67218503,62
Salvia_sclarea,35.71136071,85
Rosmarinus_officinalis,5.359133809,12
Hyptis_suaveolens,40.3,104
Hyptis_capitata,40.253,101
Ocimum_basilicum,37.87878788,117
Stachys_arvensis,29.8,50
Justicia_adhatoda,12.04819277,169
Lantana_camara,20.14983753,169
Verbena_bonariensis,10.14028056,26
Stachytarpheta_jamaicensis,17.6366843,40
Lindernia_dubia,72.7567593,17
Veronica_polita,27.13217192,137
Veronica_persica,32.72659781,116
Veronica_arvensis,27.41006371,73
Veronica_hederifolia,28.6229592,37
Veronica_peregrina,27.45519691,119
Plantago_virginica,17.73178188,88
Plantago_lanceolata,18.30297218,123
Plantago_aristata,17.73195878,123
Digitalis_purpurea,24.66239405,100
Cymbalaria_muralis,24.86666667,71
Kickxia_elatine,40.3,169
Myosotis_arvensis,35.83155717,10
Borago_officinalis,24.848,86
Symphytum_officinale,26.89692308,42
Galium_aparine,49.62399572,137
Sherardia_arvensis,22.41808872,94
Cinchona_officinalis,11.47447197,94
Cascabela_thevetia,14.172104,101
Plumeria_rubra,38.84566667,105
Solanum_elaeagnifolium,11.75,5
Solanum_carolinense,16.46816369,65
Solanum_rostratum,12.89700679,42
Solanum_sisymbriifolium,23.30901729,121
Physalis_peruviana,41.42871201,97
Capsicum_annuum,19.78125874,129
Datura_stramonium,25.30640082,163
Nicandra_physalodes,26.225,93
Cestrum_nocturnum,5.841121495,124
Ipomoea_nil,17.86948177,123
Ipomoea_purpurea,40.06880551,102
Anagallis_arvensis,31.20192021,122
Portulaca_oleracea,18.05881895,169
Portulaca_grandiflora,19.05293919,105
Talinum_paniculatum,11.41299239,98
Mollugo_verticillata,24.55801749,86
Tetragonia_tetragonioides,16.14234884,48
Oxybaphus_nyctagineus,16.37532134,12
Bougainvillea_spectabilis,15.93931652,106
Phytolacca_americana,49.29276017,166
Vaccaria_hispanica,23.60388002,166
Silene_gallica,19.28016675,115
Silene_vulgaris,25.42858578,166
Silene_armeria,32.35,105
Agrostemma_githago,13.7815898,122
Dianthus_sylvestris,7.594306928,69
Saponaria_officinalis,24.7978459,110
Cerastium_fontanum,29.72867335,114
Cerastium_glomeratum,28.21006986,135
Stellaria_pallida,59.53600018,73
Stellaria_media,73.63236374,148
Spergula_arvensis,19.12904728,65
Atriplex_hortensis,22.42816387,91
Atriplex_canescens,48.23077183,94
Atriplex_nummularia,6.162443547,26
Chenopodium_hybridum,37.63739042,117
Chenopodium_album,26.09870621,166
Dysphania_ambrosioides,29.518,98
Alternanthera_pungens,25.20763945,65
Amaranthus_caudatus,19.624,166
Amaranthus_retroflexus,16.81074595,117
Amaranthus_hybridus,25.92791592,144
Amaranthus_blitoides,17.93020816,96
Amaranthus_blitum,36.22083333,117
Amaranthus_palmeri,14.88095238,37
Amaranthus_tuberculatus,16.2601626,18
Fallopia_scandens,34.77453564,92
Trifolium_fragiferum,25.50911165,91
Trifolium_hybridum,25.04441379,96
Trifolium_repens,28.80298202,166
Trifolium_pratense,23.64575454,109
Trifolium_incarnatum,29.65306472,12
Trifolium_dubium,28.61771724,62
Medicago_sativa,19.7132583,166
Medicago_polymorpha,27.39868984,121
Medicago_minima,22.81800015,112
Melilotus_officinalis,19.36991739,167
Trigonella_foenumgraecum,22.46326223,108
Vicia_sativa,21.46165769,137
Vicia_villosa,29.67130303,93
Lotus_corniculatus,23.76410677,166
Securigera_varia,22.49598068,98
Sesbania_cannabina,15.6,112
Robinia_pseudoacacia,25.80503008,108
Gliricidia_sepium,15.61663375,34
Calopogonium_mucunoides,31.074,97
Desmodium_tortuosum,34.624,92
Phaseolus_vulgaris,23.09403352,152
Centrosema_pubescens,30.491,97
Amorpha_fruticosa,9.780778876,103
Crotalaria_micans,29.41983806,92
Ulex_europaeus,9.62938238,160
Dalbergia_sissoo,4.495299985,116
Acacia_mangium,9.930721576,39
Acacia_longifolia,6.155091783,12
Acacia_mearnsii,16.8888109,71
Acacia_dealbata,15.52038593,83
Acacia_decurrens,9.359501923,98
Albizia_lebbeck,6.313,137
Acacia_senegal,22.79334807,76
Pithecellobium_dulce,15.08642956,100
Mimosa_pudica,30.491,115
Mimosa_invisa,30.491,97
Leucaena_leucocephala,15.10174834,169
Senna_surattensis,16.39344262,169
Cannabis_sativa,28.1262297,157
Ulmus_laevis,35.55868356,63
Sicyos_angulatus,26.04166667,35
Passiflora_suberosa,17.12328767,96
Salix_fragilis,10.02785028,166
Phyllanthus_amarus,14.364,94
Euphorbia_maculata,25.43202383,108
Euphorbia_nutans,18.93762101,16
Euphorbia_serpens,18.31501832,97
Euphorbia_marginata,16.48052909,115
Euphorbia_cyathophora,69.93006993,94
Euphorbia_dentata,12.05863015,38
Euphorbia_peplus,66.4518832,97
Euphorbia_lathyris,25.10333333,136
Manihot_esculenta,28.70422205,102
Linum_usitatissimum,43.65217971,170
Oxalis_pescaprae,48.1595002,65
Oxalis_debilis,80.592,169
Sisymbrium_orientale,22.325,25
Sisymbrium_officinale,27.5182906,96
Sisymbrium_altissimum,21.45666667,120
Brassica_juncea,24.18894997,137
Raphanus_raphanistrum,27.6053113,63
Diplotaxis_muralis,21.46,115
Sinapis_alba,23.82011608,65
Sinapis_arvensis,38.64726035,57
Alliaria_petiolata,46.17413891,94
Alyssum_alyssoides,21.23727273,94
Hesperis_matronalis,34.67812024,92
Bunias_orientalis,23.66552979,90
Erysimum_repandum,15.23255814,93
Capsella_bursapastoris,44.57716725,166
Cardamine_flexuosa,40.87156909,139
Nasturtium_officinale,46.24666667,114
Rorippa_amphibia,30.16038619,7
Armoracia_rusticana,18.34,96
Lepidium_didymum,36.72853978,115
Lepidium_virginicum,20.13586631,112
Lepidium_bonariense,11.62030375,13
Lepidium_densiflorum,29.91287629,98
Lepidium_campestre,26.95731367,97
Reseda_lutea,17.93333333,98
Tropaeolum_majus,29.485,121
Waltheria_indica,12.37292873,179
Malvastrum_americanum,9.28,67
Abutilon_theophrasti,24.01703771,166
Sida_acuta,28.6,118
Hibiscus_trionum,19.05982906,145
Muntingia_calabura,16.94405157,88
Bixa_orellana,18.4603756,122
Acer_negundo,24.1660414,121
Rhus_typhina,18.87015927,97
Clidemia_hirta,23.28620993,23
Eucalyptus_robusta,4.955401388,107
Eucalyptus_globulus,12.97716913,94
Psidium_guajava,10.03000117,169
Syzygium_jambos,8.78740679,169
Oenothera_parviflora,17.84,71
Oenothera_oakesiana,20.367,8
Oenothera_glazioviana,17.12509984,112
Oenothera_biennis,17.8269298,123
Oenothera_laciniata,29.23976608,99
Gaura_mollis,10.68376068,92
Oenothera_rosea,34.279,86
Oenothera_speciosa,15.1010101,45
Sonneratia_apetala,1.080606061,27
Ammannia_coccinea,17.54385965,18
Punica_granatum,8.95878402,131
Geranium_carolinianum,18.49424922,104
Geranium_molle,24.810978,103
Erodium_moschatum,28.29251538,23
Parthenocissus_quinquefolia,28.9351764,122
Myriophyllum_aquaticum,30.76923077,26
Ribes_nigrum,18.94549339,94
Ribes_uvacrispa,19.92671582,176
Ranunculus_sardous,32.015,12
Ranunculus_arvensis,20.08217449,94
Berberis_thunbergii,24.88149296,98
Eschscholzia_californica,13.35302742,92
Asparagus_setaceus,70.05,100
Agave_americana,2.441655148,122
Nothoscordum_gracile,21.2059076,11
Spartina_alterniflora,19.95647309,90
Spartina_anglica,8.880173218,43
Panicum_dichotomiflorum,24.01840947,114
Brachiaria_brizantha,14.68468272,42
Panicum_maximum,30.17816387,101
Melinis_repens,14.2757966,82
Melinis_minutiflora,20.2905,92
Pennisetum_glaucum,32.24590508,92
Setaria_parviflora,9.88492,169
Setaria_sphacelata,20.54915932,112
Panicum_acuminatum,24.48126262,87
Digitaria_ciliaris,30.5,112
Dichanthium_annulatum,29.2,153
Sorghum_halepense,21.3933193,111
Paspalum_dilatatum,25.65866875,103
Paspalum_urvillei,17.03577511,31
Paspalum_notatum,16.66225212,110
Paspalum_distichum,27.87970002,101
Axonopus_compressus,17.292,96
Chloris_virgata,25.64431096,154
Chloris_gayana,17.87237357,104
Buchloe_dactyloides,19.24362146,69
Eragrostis_curvula,16.00160507,69
Vulpia_myuros,11.91782072,89
Festuca_rubra,14.94799326,125
Festuca_arundinacea,17.22515986,84
Lolium_remotum,30.272,46
Lolium_rigidum,25.98794319,121
Lolium_multiflorum,25.38543952,107
Lolium_temulentum,24.632,74
Lolium_perenne,21.01084544,123
Dactylis_glomerata,26.55553442,174
Holcus_lanatus,25.22013762,120
Alopecurus_myosuroides,27.26666667,79
Poa_trivialis,35.81689762,71
Poa_pratensis,19.55755976,120
Poa_compressa,20.93093218,119
Poa_annua,39.51548883,166
Phleum_pratense,23.18227584,114
Phalaris_paradoxa,26.65501468,64
Phalaris_minor,23.36018957,97
Phalaris_canariensis,21.892,123
Avena_sterilis,26.84935906,91
Avena_fatua,23.30841507,137
Arrhenatherum_elatius,35.23840368,96
Hordeum_jubatum,22.88887697,96
Hordeum_bulbosum,20.11921506,98
Secale_cereale,32.01102122,112
Bromus_rigidus,21.30523389,89
Bromus_arvensis,21.91490505,166
Bromus_catharticus,18.48610431,69
Glyceria_maxima,18.38980379,108
Cyperus_esculentus,27.29,68
Canna_indica,42.85,169
Pistia_stratiotes,35.0877193,109
Annona_glabra,10.30949269,79
Nymphaea_alba,14.7,108
Cabomba_caroliniana,38.46153846,24
