Species,mrt,natRng
Zinnia_elegans,119,1
Zinnia_peruviana,98,6
Silphium_perfoliatum,76,5
Rudbeckia_hirta,121,7
Rudbeckia_laciniata,106,8
Ageratum_conyzoides,169,6
Ageratum_houstonianum,121,1
Chromolaena_odorata,86,9
Praxelis_clematidea,31,3
Eupatorium_cannabinum,99,9
Mikania_micrantha,90,7
Ageratina_adenophora,31,1
Gaillardia_aristata,107,5
Gaillardia_pulchella,114,4
Helenium_bigelovii,59,2
Flaveria_bidentis,32,3
Smallanthus_uvedalia,41,4
Galinsoga_parviflora,108,8
Galinsoga_quadriradiata,103,1
Tridax_procumbens,94,6
Acanthospermum_hispidum,86,7
Tithonia_rotundifolia,96,2
Tithonia_diversifolia,101,2
Ambrosia_artemisiifolia,65,11
Ambrosia_psilostachya,30,9
Ambrosia_trifida,113,8
Xanthium_strumarium,169,31
Xanthium_spinosum,5,1
Parthenium_hysterophorus,96,7
Acmella_radicans,8,5
Sphagneticola_trilobata,31,5
Synedrella_nodiflora,114,7
Calyptocarpus_vialis,24,4
Bidens_bipinnata,169,6
Bidens_frondosa,96,9
Coreopsis_lanceolata,113,5
Coreopsis_tinctoria,121,9
Coreopsis_basalis,72,2
Cosmos_sulphureus,100,1
Cosmos_bipinnatus,120,2
Pluchea_sagittalis,15,3
Aster_subulatus,89,12
Solidago_canadensis,108,5
Erigeron_sumatrensis,112,3
Erigeron_strigosus,55,6
Erigeron_annuus,121,5
Erigeron_philadelphicus,38,9
Erigeron_bonariensis,169,4
Conyza_sumatrensis,100,3
Erigeron_canadensis,144,10
Chrysanthemum_segetum,166,4
Glebionis_coronaria,166,5
Tanacetum_parthenifolium,89,4
Leucanthemum_vulgare,112,6
Soliva_anthemifolia,96,2
Crassocephalum_rubens,12,7
Crassocephalum_crepidioides,98,8
Erechtites_valerianifolius,100,7
Crepis_tectorum,97,10
Sonchus_oleraceus,166,14
Sonchus_arvensis,143,10
Elephantopus_tomentosus,94,3
Pseudelephantopus_spicatus,97,5
Hippobroma_longiflora,93,1
Cyclospermum_leptophyllum,103,10
Ammi_majus,96,9
Conium_maculatum,120,12
Daucus_carota,166,11
Hydrocotyle_verticillata,14,18
Salvia_tiliifolia,42,4
Hyptis_suaveolens,104,7
Hyptis_brevipes,93,7
Hyptis_capitata,101,5
Ocimum_basilicum,117,7
Orobanche_brassicae,45,7
Ruellia_tuberosa,92,3
Justicia_gendarussa,170,1
Dolichandra_unguiscati,96,7
Lantana_camara,169,5
Stachytarpheta_urticifolia,169,7
Stachytarpheta_jamaicensis,40,7
Torenia_fournieri,54,1
Mecardonia_procumbens,18,9
Veronica_polita,137,12
Veronica_persica,116,14
Veronica_arvensis,73,11
Veronica_hederifolia,37,10
Veronica_peregrina,119,15
Plantago_virginica,88,6
Stemodia_verticillata,2,7
Scoparia_dulcis,169,9
Borago_officinalis,86,6
Heliotropium_ellipticum,66,6
Heliotropium_europaeum,145,7
Mitracarpus_hirtus,43,7
Richardia_brasiliensis,64,3
Richardia_scabra,54,7
Spermacoce_alata,62,3
Spermacoce_remota,41,7
Calotropis_procera,138,10
Voacanga_africana,50,5
Catharanthus_roseus,169,1
Ochrosia_elliptica,92,2
Solanum_erianthum,165,6
Solanum_elaeagnifolium,5,7
Solanum_torvum,128,6
Solanum_chrysotrichum,139,2
Solanum_rostratum,42,5
Solanum_capsicoides,145,2
Solanum_aculeatissimum,133,8
Physalis_lagascae,179,3
Physalis_angulata,146,12
Physalis_philadelphica,112,2
Datura_stramonium,163,1
Brugmansia_suaveolens,99,2
Nicandra_physalodes,93,1
Ipomoea_triloba,101,4
Ipomoea_mauritiana,90,18
Ipomoea_lacunosa,39,1
Ipomoea_quamoclit,105,3
Ipomoea_nil,123,7
Ipomoea_purpurea,102,7
Ipomoea_carnea,87,7
Cuscuta_approximata,166,9
Cuscuta_campestris,31,10
Jacquemontia_tamnifolia,41,7
Evolvulus_nummularius,21,7
Impatiens_balsamina,105,2
Opuntia_ficusindica,82,1
Opuntia_dillenii,104,5
Opuntia_monacantha,110,2
Portulaca_pilosa,112,10
Talinum_paniculatum,98,10
Anredera_vesicaria,45,7
Anredera_cordifolia,96,3
Basella_alba,110,4
Mirabilis_jalapa,131,2
Petiveria_alliacea,87,9
Phytolacca_americana,166,7
Vaccaria_hispanica,166,12
Silene_vulgaris,166,15
Agrostemma_githago,122,11
Cerastium_glomeratum,135,11
Stellaria_pallida,73,8
Stellaria_media,148,14
Atriplex_canescens,94,6
Atriplex_nummularia,26,1
Chenopodium_hybridum,117,12
Dysphania_pumilio,29,1
Dysphania_ambrosioides,98,10
Alternanthera_pungens,65,3
Alternanthera_philoxeroides,92,3
Amaranthus_tortuosus,53,5
Amaranthus_polygonoides,20,5
Amaranthus_cruentus,123,2
Amaranthus_spinosus,121,7
Amaranthus_caudatus,166,2
Amaranthus_retroflexus,117,8
Amaranthus_powellii,28,6
Amaranthus_hybridus,144,14
Amaranthus_blitum,117,13
Amaranthus_viridis,159,5
Amaranthus_palmeri,37,4
Amaranthus_tuberculatus,18,5
Amaranthus_albus,101,9
Celosia_argentea,154,5
Trifolium_repens,166,11
Trifolium_pratense,109,11
Medicago_sativa,166,15
Medicago_polymorpha,121,11
Melilotus_officinalis,167,10
Vicia_villosa,93,9
Securigera_varia,98,8
Sesbania_cannabina,112,6
Sesbania_herbacea,112,1
Robinia_pseudoacacia,108,3
Calopogonium_mucunoides,97,5
Cajanus_cajan,169,1
Derris_elliptica,88,3
Centrosema_pubescens,97,3
Ulex_europaeus,160,4
Aeschynomene_americana,97,8
Acacia_longifolia,12,1
Acacia_mearnsii,71,1
Acacia_dealbata,83,1
Acacia_decurrens,98,1
Albizia_lebbeck,137,2
Acacia_senegal,76,8
Mimosa_pudica,115,6
Mimosa_invisa,97,3
Mimosa_bimucronata,102,2
Desmanthus_virgatus,59,8
Leucaena_leucocephala,169,2
Senna_fruticosa,79,2
Senna_occidentalis,169,6
Senna_sophera,94,7
Senna_bicapsularis,70,4
Senna_corymbosa,40,2
Senna_obtusifolia,105,11
Senna_didymobotrya,57,4
Pilea_microphylla,105,8
Cannabis_sativa,157,4
Begonia_cucullata,69,2
Passiflora_suberosa,96,9
Passiflora_quadrangularis,71,1
Passiflora_edulis,100,2
Passiflora_caerulea,111,2
Passiflora_foetida,169,9
Euphorbia_antiquorum,105,3
Euphorbia_prostrata,101,10
Euphorbia_maculata,108,5
Euphorbia_hypericifolia,137,9
Euphorbia_hyssopifolia,133,10
Euphorbia_serpens,97,13
Euphorbia_pulcherrima,102,2
Euphorbia_heterophylla,115,10
Euphorbia_cyathophora,94,10
Euphorbia_dentata,38,5
Euphorbia_peplus,97,14
Croton_hirtus,7,7
Ricinus_communis,145,1
Oxalis_triangularis,13,3
Oxalis_latifolia,99,7
Oxalis_debilis,169,5
Alliaria_petiolata,94,11
Alyssum_alyssoides,94,8
Bunias_orientalis,90,6
Erysimum_repandum,93,9
Cardamine_flexuosa,139,7
Nasturtium_officinale,114,11
Rorippa_amphibia,7,10
Lepidium_didymum,115,4
Lepidium_virginicum,112,11
Lepidium_bonariense,13,2
Lepidium_campestre,97,7
Cleome_rutidosperma,64,5
Reseda_lutea,98,10
Waltheria_indica,179,9
Herissantia_crispa,90,10
Malvastrum_coromandelianum,135,8
Abutilon_theophrasti,166,7
Sida_acuta,118,12
Hibiscus_trionum,145,15
Corchorus_olitorius,169,1
Eucalyptus_robusta,107,1
Eucalyptus_exserta,100,1
Eucalyptus_globulus,94,1
Oenothera_curtiflora,92,4
Oenothera_drummondii,92,3
Gaura_mollis,92,8
Oenothera_rosea,86,4
Ammannia_coccinea,18,8
Cuphea_carthagenensis,55,7
Geranium_carolinianum,104,10
Bryophyllum_pinnatum,104,1
Myriophyllum_aquaticum,26,3
Ranunculus_muricatus,96,10
Ranunculus_arvensis,94,10
Argemone_mexicana,159,6
Asparagus_densiflorus,102,1
Agave_americana,122,2
Zephyranthes_minuta,95,1
Zephyranthes_carinata,26,1
Zephyranthes_candida,93,1
Hippeastrum_vittatum,100,2
Spartina_alterniflora,90,8
Spartina_anglica,43,3
Panicum_dichotomiflorum,114,10
Brachiaria_brizantha,42,6
Brachiaria_mutica,91,7
Panicum_maximum,101,8
Melinis_repens,82,11
Brachiaria_eruciformis,95,12
Pennisetum_polystachion,61,6
Cenchrus_purpureus,113,5
Cenchrus_incertus,7,12
Cenchrus_clandestinus,12,4
Cenchrus_echinatus,104,8
Cenchrus_caliculatus,50,5
Sorghum_halepense,111,5
Paspalum_dilatatum,103,3
Paspalum_conjugatum,105,24
Paspalum_distichum,101,13
Axonopus_fissifolius,19,9
Chloris_gayana,104,7
Eragrostis_curvula,69,3
Festuca_rubra,125,11
Festuca_arundinacea,84,7
Lolium_persicum,91,4
Lolium_temulentum,74,1
Parapholis_incurva,68,10
Avena_sterilis,91,12
Avena_fatua,137,14
Arrhenatherum_elatius,96,11
Hordeum_jubatum,96,14
Secale_cereale,112,5
Bromus_catharticus,69,4
Cyperus_rotundus,178,22
Cyperus_esculentus,68,30
Eichhornia_crassipes,114,2
Tradescantia_pallida,17,1
Tradescantia_zebrina,90,1
Tradescantia_fluminensis,19,2
Callisia_repens,19,6
Tinantia_erecta,8,7
Pistia_stratiotes,109,25
Limnocharis_flava,19,7
Peperomia_pellucida,106,15
Cabomba_caroliniana,24,7