species,mrt,natRng
Gymnocoronis_spilanthoides,19,3
Helenium_autumnale,113,10
Tagetes_erecta,166,3
Parthenium_argentatum,69,2
Coreopsis_grandiflora,71,5
Grindelia_squarrosa,86,7
Erigeron_speciosus,35,6
Achillea_millefolium,166,22
Tanacetum_vulgare,146,12
Anthemis_arvensis,120,9
Erechtites_hieraciifolius,84,12
Sonchus_asper,111,18
Cichorium_intybus,166,11
Centaurea_diffusa,58,4
Cyanus_segetum,105,7
Silybum_marianum,83,8
Triodanis_perfoliata,16,9
Anthriscus_caucalis,113,7
Eryngium_foetidum,110,5
Salvia_coccinea,105,7
Salvia_sclarea,85,7
Stachys_arvensis,50,7
Justicia_adhatoda,169,2
Thunbergia_alata,169,6
Martynia_annua,58,3
Lantana_montevidensis,100,3
Verbena_bonariensis,26,3
Lindernia_rotundifolia,15,6
Plantago_aristata,123,3
Cymbalaria_muralis,71,2
Kickxia_elatine,169,11
Symphytum_officinale,42,9
Galium_aparine,137,1
Sherardia_arvensis,94,9
Diodia_virginiana,6,6
Asclepias_curassavica,169,6
Solanum_sarrachoides,43,3
Solanum_carolinense,65,6
Solanum_sisymbriifolium,121,3
Solanum_viarum,118,2
Solanum_pseudocapsicum,123,6
Solanum_scabrum,106,7
Physalis_ixocarpa,65,2
Physalis_pubescens,147,11
Physalis_peruviana,97,2
Datura_inoxia,97,7
Cestrum_nocturnum,124,3
Ipomoea_rubriflora,74,2
Ipomoea_hederifolia,80,9
Ipomoea_indica,169,5
Ipomoea_alba,89,8
Ipomoea_cordatotriloba,12,4
Merremia_tuberosa,58,6
Impatiens_walleriana,62,2
Opuntia_cochenillifera,38,1
Opuntia_stricta,112,5
Pereskia_aculeata,65,6
Talinum_fruticosum,104,6
Oxybaphus_nyctagineus,12,8
Rivina_humilis,123,11
Silene_gallica,115,9
Salicornia_bigelovii,21,7
Chenopodium_giganteum,111,3
Alternanthera_paronychioides,91,7
Gomphrena_celosioides,122,3
Amaranthus_tenuifolius,10,1
Amaranthus_dubius,53,6
Amaranthus_hypochondriacus,92,3
Amaranthus_standleyanus,19,1
Amaranthus_blitoides,96,9
Amaranthus_tricolor,121,5
Fallopia_scandens,92,15
Antigonon_leptopus,103,3
Stylosanthes_guianensis,36,6
Trifolium_hybridum,96,7
Trifolium_incarnatum,12,5
Medicago_minima,112,12
Vicia_sativa,137,16
Sesbania_sesban,104,14
Sesbania_grandiflora,97,2
Gliricidia_sepium,34,2
Desmodium_tortuosum,92,9
Macroptilium_atropurpureum,54,7
Macroptilium_lathyroides,109,6
Tephrosia_candida,94,1
Clitoria_ternatea,129,10
Indigofera_suffruticosa,112,9
Crotalaria_ochroleuca,70,6
Crotalaria_trichotoma,88,2
Crotalaria_lanceolata,86,5
Crotalaria_juncea,89,1
Crotalaria_micans,92,7
Crotalaria_incana,70,14
Acacia_mangium,39,1
Mimosa_diplotricha,31,7
Mimosa_pigra,24,14
Neptunia_plena,59,7
Senna_hirsuta,64,7
Chamaecrista_mimosoides,92,12
Senna_alata,86,3
Melothria_pendula,8,10
Sicyos_angulatus,35,5
Echinocystis_lobata,6,8
Passiflora_morifolia,18,5
Phyllanthus_debilis,121,1
Phyllanthus_amarus,94,8
Phyllanthus_tenellus,20,5
Phyllanthus_niruri,108,8
Euphorbia_nutans,16,7
Euphorbia_marginata,115,4
Oxalis_bowiei,42,1
Raphanus_raphanistrum,63,9
Diplotaxis_muralis,115,7
Lepidium_densiflorum,98,10
Malvastrum_americanum,67,9
Acer_negundo,121,9
Rhus_typhina,97,4
Clidemia_hirta,23,4
Psidium_guajava,169,7
Oenothera_villosa,63,8
Oenothera_tetraptera,87,6
Oenothera_stricta,105,1
Oenothera_parviflora,71,5
Oenothera_oakesiana,8,5
Oenothera_biennis,123,6
Oenothera_laciniata,99,5
Oenothera_speciosa,45,5
Clarkia_pulchella,84,3
Ludwigia_leptocarpa,11,6
Sonneratia_apetala,27,2
Parthenocissus_quinquefolia,122,7
Bryophyllum_daigremontianum,44,1
Bryophyllum_delagoense,9,1
Ranunculus_sardous,12,7
Sansevieria_trifasciata,104,2
Agave_sisalana,68,1
Nothoscordum_gracile,11,5
Melinis_minutiflora,92,8
Pennisetum_purpureum,113,5
Pennisetum_clandestinum,12,4
Setaria_parviflora,169,13
Setaria_sphacelata,112,7
Panicum_acuminatum,87,13
Cymbopogon_nardus,112,5
Chrysopogon_zizanioides,25,2
Paspalum_urvillei,31,3
Paspalum_fimbriatum,51,6
Paspalum_virgatum,107,8
Paspalum_notatum,110,6
Axonopus_compressus,96,9
Chloris_barbata,114,14
Dinebra_retroflexa,43,9
Buchloe_dactyloides,69,7
Lolium_remotum,46,1
Lolium_multiflorum,107,9
Lolium_perenne,123,11
Holcus_lanatus,120,9
Phleum_pratense,114,13
Phalaris_paradoxa,64,7
Phalaris_minor,97,9
Bromus_arvensis,166,6
Glyceria_maxima,108,8
Ehrharta_erecta,24,6
Cyperus_surinamensis,13,10
Sagittaria_graminea,64,6