species,mrt,natCon_nu,natCon_bi
Gymnocoronis_spilanthoides,19,0,0
Helenium_autumnale,113,0,0
Tagetes_erecta,166,0,0
Parthenium_argentatum,69,0,0
Coreopsis_grandiflora,71,0,0
Grindelia_squarrosa,86,0,0
Erigeron_speciosus,35,0,0
Achillea_millefolium,166,10,1
Tanacetum_vulgare,146,0,0
Anthemis_arvensis,120,1,1
Erechtites_hieraciifolius,84,0,0
Sonchus_asper,111,0,0
Cichorium_intybus,166,1,1
Centaurea_diffusa,58,6,1
Cyanus_segetum,105,0,0
Silybum_marianum,83,0,0
Triodanis_perfoliata,16,0,0
Anthriscus_caucalis,113,2,1
Eryngium_foetidum,110,1,1
Salvia_coccinea,105,81,1
Salvia_sclarea,85,0,0
Stachys_arvensis,50,17,1
Justicia_adhatoda,169,43,1
Thunbergia_alata,169,0,0
Martynia_annua,58,0,0
Lantana_montevidensis,100,0,0
Verbena_bonariensis,26,1,1
Lindernia_rotundifolia,15,0,0
Plantago_aristata,123,16,1
Cymbalaria_muralis,71,0,0
Kickxia_elatine,169,0,0
Symphytum_officinale,42,0,0
Galium_aparine,137,64,1
Sherardia_arvensis,94,0,0
Diodia_virginiana,6,0,0
Asclepias_curassavica,169,0,0
Solanum_sarrachoides,43,0,0
Solanum_carolinense,65,0,0
Solanum_sisymbriifolium,121,0,0
Solanum_viarum,118,0,0
Solanum_pseudocapsicum,123,0,0
Solanum_scabrum,106,0,0
Physalis_ixocarpa,65,0,0
Physalis_pubescens,147,0,0
Physalis_peruviana,97,0,0
Datura_inoxia,97,0,0
Cestrum_nocturnum,124,2,1
Ipomoea_rubriflora,74,0,0
Ipomoea_hederifolia,80,0,0
Ipomoea_indica,169,0,0
Ipomoea_alba,89,16,1
Ipomoea_cordatotriloba,12,0,0
Merremia_tuberosa,58,19,1
Impatiens_walleriana,62,0,0
Opuntia_cochenillifera,38,0,0
Opuntia_stricta,112,0,0
Pereskia_aculeata,65,0,0
Talinum_fruticosum,104,0,0
Oxybaphus_nyctagineus,12,1,1
Rivina_humilis,123,0,0
Silene_gallica,115,0,0
Salicornia_bigelovii,21,1,1
Chenopodium_giganteum,111,0,0
Alternanthera_paronychioides,91,0,0
Gomphrena_celosioides,122,0,0
Amaranthus_tenuifolius,10,0,0
Amaranthus_dubius,53,0,0
Amaranthus_hypochondriacus,92,0,0
Amaranthus_standleyanus,19,0,0
Amaranthus_blitoides,96,0,0
Amaranthus_tricolor,121,0,0
Fallopia_scandens,92,5,1
Antigonon_leptopus,103,0,0
Stylosanthes_guianensis,36,1,1
Trifolium_hybridum,96,0,0
Trifolium_incarnatum,12,0,0
Medicago_minima,112,10,1
Vicia_sativa,137,36,1
Sesbania_sesban,104,0,0
Sesbania_grandiflora,97,0,0
Gliricidia_sepium,34,0,0
Desmodium_tortuosum,92,0,0
Macroptilium_atropurpureum,54,0,0
Macroptilium_lathyroides,109,0,0
Tephrosia_candida,94,8,1
Clitoria_ternatea,129,0,0
Indigofera_suffruticosa,112,78,1
Crotalaria_ochroleuca,70,0,0
Crotalaria_trichotoma,88,0,0
Crotalaria_lanceolata,86,0,0
Crotalaria_juncea,89,0,0
Crotalaria_micans,92,0,0
Crotalaria_incana,70,33,1
Acacia_mangium,39,0,0
Mimosa_diplotricha,31,0,0
Mimosa_pigra,24,0,0
Neptunia_plena,59,0,0
Senna_hirsuta,64,0,0
Chamaecrista_mimosoides,92,6,1
Senna_alata,86,8,1
Melothria_pendula,8,0,0
Sicyos_angulatus,35,0,0
Echinocystis_lobata,6,0,0
Passiflora_morifolia,18,0,0
Phyllanthus_debilis,121,0,0
Phyllanthus_amarus,94,39,1
Phyllanthus_tenellus,20,0,0
Phyllanthus_niruri,108,0,0
Euphorbia_nutans,16,0,0
Euphorbia_marginata,115,0,0
Oxalis_bowiei,42,6,1
Raphanus_raphanistrum,63,0,0
Diplotaxis_muralis,115,0,0
Lepidium_densiflorum,98,0,0
Malvastrum_americanum,67,0,0
Acer_negundo,121,66,1
Rhus_typhina,97,5,1
Clidemia_hirta,23,0,0
Psidium_guajava,169,1,1
Oenothera_villosa,63,0,0
Oenothera_tetraptera,87,0,0
Oenothera_stricta,105,0,0
Oenothera_parviflora,71,0,0
Oenothera_oakesiana,8,0,0
Oenothera_biennis,123,0,0
Oenothera_laciniata,99,0,0
Oenothera_speciosa,45,0,0
Clarkia_pulchella,84,0,0
Ludwigia_leptocarpa,11,0,0
Sonneratia_apetala,27,3,1
Parthenocissus_quinquefolia,122,8,1
Bryophyllum_daigremontianum,44,0,0
Bryophyllum_delagoense,9,0,0
Ranunculus_sardous,12,0,0
Sansevieria_trifasciata,104,0,0
Agave_sisalana,68,0,0
Nothoscordum_gracile,11,0,0
Melinis_minutiflora,92,0,0
Pennisetum_purpureum,113,0,0
Pennisetum_clandestinum,12,7,1
Setaria_parviflora,169,12,1
Setaria_sphacelata,112,0,0
Panicum_acuminatum,87,19,1
Cymbopogon_nardus,112,18,1
Chrysopogon_zizanioides,25,3,1
Paspalum_urvillei,31,0,0
Paspalum_fimbriatum,51,0,0
Paspalum_virgatum,107,0,0
Paspalum_notatum,110,0,0
Axonopus_compressus,96,0,0
Chloris_barbata,114,3,1
Dinebra_retroflexa,43,0,0
Buchloe_dactyloides,69,0,0
Lolium_remotum,46,0,0
Lolium_multiflorum,107,0,0
Lolium_perenne,123,0,0
Holcus_lanatus,120,0,0
Phleum_pratense,114,3,1
Phalaris_paradoxa,64,0,0
Phalaris_minor,97,0,0
Bromus_arvensis,166,50,1
Glyceria_maxima,108,7,1
Ehrharta_erecta,24,0,0
Cyperus_surinamensis,13,0,0
Sagittaria_graminea,64,6,1