species,mrt,int_nu,int_cat
Sanvitalia_procumbens,101,1,1
Helianthus_tuberosus,127,3,1
Helianthus_annuus,122,1,1
Eclipta_prostrata,169,1,1
Dahlia_pinnata,116,1,1
Emilia_sonchifolia,138,1,1
Emilia_fosbergii,26,1,1
Lactuca_sativa,166,1,1
Carthamus_tinctorius,166,1,1
Saussurea_costus,67,1,1
Coriandrum_sativum,169,1,1
Foeniculum_vulgare,166,1,1
Hydrocotyle_vulgaris,43,1,1
Lonicera_sempervirens,87,1,1
Mentha_spicata,106,1,1
Prunella_grandiflora,62,1,1
Rosmarinus_officinalis,12,1,1
Andrographis_paniculata,98,1,1
Pyrostegia_venusta,101,1,1
Duranta_erecta,112,1,1
Plantago_lanceolata,123,2,2
Digitalis_purpurea,100,1,1
Jasminum_sambac,115,1,1
Mussaenda_erythrophylla,103,1,1
Cinchona_officinalis,94,1,1
Cinchona_pubescens,94,1,1
Cinchona_calisaya,90,1,1
Rauvolfia_tetraphylla,62,1,1
Plumeria_rubra,105,2,1
Solanum_wrightii,169,1,1
Capsicum_annuum,129,1,1
Nicotiana_alata,91,1,1
Petunia_hybrida,109,1,1
Ipomoea_batatas,137,1,1
Argyreia_nervosa,88,1,1
Deutzia_crenata,100,1,1
Epiphyllum_oxypetalum,93,1,1
Portulaca_oleracea,169,1,1
Portulaca_grandiflora,105,1,1
Bougainvillea_spectabilis,106,1,1
Bougainvillea_glabra,100,1,1
Silene_armeria,105,1,1
Saponaria_officinalis,110,1,1
Atriplex_hortensis,91,1,1
Alternanthera_bettzickiana,105,1,1
Gomphrena_globosa,120,1,1
Iresine_herbstii,101,1,1
Homalocladium_platycladum,102,1,1
Trifolium_dubium,62,2,2
Trigonella_foenumgraecum,108,1,1
Pachyrhizus_erosus,115,1,1
Phaseolus_coccineus,116,1,1
Lablab_purpureus,169,2,2
Macrotyloma_uniflorum,89,1,1
Canavalia_ensiformis,105,1,1
Amorpha_fruticosa,103,2,1
Dalbergia_sissoo,116,1,1
Arachis_hypogaea,157,2,1
Pithecellobium_dulce,100,1,1
Caesalpinia_pulcherrima,169,2,1
Senna_surattensis,169,3,2
Cassia_floribunda,88,1,1
Polygala_paniculata,91,1,1
Ulmus_laevis,63,1,1
Sechium_edule,89,1,1
Momordica_charantia,117,1,1
Euphorbia_neriifolia,115,2,2
Euphorbia_milii,115,1,1
Codiaeum_variegatum,100,1,1
Manihot_esculenta,102,1,1
Linum_usitatissimum,170,1,1
Oxalis_pescaprae,65,1,1
Brassica_juncea,137,1,1
Sinapis_alba,65,2,2
Capsella_bursapastoris,166,2,1
Armoracia_rusticana,96,1,1
Lobularia_maritima,105,1,1
Cleoserrata_speciosa,104,1,1
Carica_papaya,115,1,1
Moringa_oleifera,95,1,1
Tropaeolum_majus,121,1,1
Bixa_orellana,122,1,1
Gaura_lindheimeri,112,1,1
Gaura_biennis,120,1,1
Punica_granatum,131,1,1
Berberis_thunbergii,98,2,2
Eschscholzia_californica,92,1,1
Asparagus_setaceus,100,1,1
Cordyline_fruticosa,103,2,1
Chloris_virgata,154,1,1
Eleusine_coracana,136,1,1
Poa_trivialis,71,1,1
Poa_pratensis,120,2,2
Poa_compressa,119,1,1
Hordeum_bulbosum,98,1,1
Pleioblastus_gramineus,105,1,1
Curcuma_longa,113,1,1
Etlingera_elatior,94,1,1
Canna_indica,169,1,1
Elaeis_guineensis,68,1,1
Caladium_bicolor,79,1,1
Dieffenbachia_seguine,69,1,1
Annona_glabra,79,1,1
Piper_betle,98,1,1