species,seed,seed_scaled,mrt
Zinnia_elegans,8.885714286,-0.109759546,119
Zinnia_peruviana,4.08,-0.153782155,98
Spilanthes_acmella,3.3,-0.160927322,86
Silphium_perfoliatum,6.85,-0.128407649,76
Sclerocarpus_africanus,12.875,-0.073215808,46
Sanvitalia_procumbens,0.49,-0.186668247,101
Rudbeckia_hirta,1.668585399,-0.175871849,121
Rudbeckia_laciniata,2.562894969,-0.167679552,106
Cota_tinctoria,0.51,-0.186485038,91
Amberboa_moschata,3.1,-0.162759417,166
Ageratum_conyzoides,0.12,-0.190057622,169
Ageratum_houstonianum,0.12,-0.190057622,121
Chromolaena_odorata,1.430625,-0.178051679,86
Eupatorium_cannabinum,0.437081818,-0.187153003,99
Mikania_micrantha,0.09,-0.190332436,90
Ageratina_adenophora,0.062,-0.190588929,31
Gaillardia_aristata,12.32865551,-0.078220581,107
Gaillardia_pulchella,1.761452295,-0.175021145,114
Helenium_autumnale,0.425465226,-0.187259416,113
Helenium_bigelovii,0.926,-0.182674282,59
Tagetes_erecta,3.4,-0.160011275,166
Flaveria_bidentis,0.21,-0.189233179,32
Smallanthus_uvedalia,10.1,-0.098636116,41
Galinsoga_parviflora,0.220181818,-0.189139909,108
Galinsoga_quadriradiata,0.2408,-0.188951037,103
Tridax_procumbens,0.69,-0.184836153,94
Acanthospermum_hispidum,7.41,-0.123277785,86
Acanthospermum_australe,11.06,-0.089842064,86
Tithonia_rotundifolia,9.595,-0.103262154,96
Helianthus_laetiflorus,3.96675,-0.154819578,55
Helianthus_tuberosus,4.112213734,-0.153487062,127
Helianthus_annuus,45.31770368,0.223974654,122
Ambrosia_artemisiifolia,3.468461538,-0.159384135,65
Ambrosia_psilostachya,5.407,-0.141626209,30
Ambrosia_trifida,11.27942308,-0.087832045,113
Xanthium_strumarium,171.7073333,1.381763252,169
Xanthium_spinosum,136,1.054667243,5
Parthenium_hysterophorus,0.5625,-0.186004113,96
Parthenium_argentatum,0.4,-0.18749269,69
Acmella_uliginosa,0.1,-0.190240831,54
Eclipta_prostrata,0.887425699,-0.183027641,169
Synedrella_nodiflora,0.64,-0.185294177,114
Calyptocarpus_vialis,1.39,-0.178423823,24
Bidens_bipinnata,2.55248,-0.167774958,169
Bidens_frondosa,5.109976426,-0.144347085,96
Coreopsis_lanceolata,1.106976123,-0.181016455,113
Coreopsis_tinctoria,0.266061637,-0.188719628,121
Coreopsis_basalis,1.081052632,-0.181253927,72
Coreopsis_grandiflora,2.157142857,-0.171396433,71
Cosmos_sulphureus,6.875,-0.128178637,100
Cosmos_bipinnatus,8.298125,-0.115142141,120
Dahlia_pinnata,9.090769231,-0.107881146,116
Gnaphalium_purpureum,0.037571429,-0.190812706,169
Grindelia_squarrosa,0.9,-0.182912454,86
Aster_subulatus,0.64699793,-0.185230072,89
Solidago_canadensis,2.369894276,-0.169447529,108
Erigeron_sumatrensis,0.035384615,-0.190832739,112
Erigeron_speciosus,0.188444444,-0.189430638,35
Erigeron_strigosus,0.061191441,-0.190596336,55
Erigeron_annuus,0.040909091,-0.190782132,121
Erigeron_karvinskianus,0.049090909,-0.190707182,73
Erigeron_philadelphicus,0.049633289,-0.190702214,38
Erigeron_bonariensis,0.103381818,-0.190209852,169
Conyza_sumatrensis,0.042333333,-0.190769085,100
Erigeron_canadensis,0.062187731,-0.190587209,144
Glebionis_coronaria,1.676,-0.175803928,166
Achillea_millefolium,0.165992369,-0.18963631,166
Matricaria_matricarioides,0.09,-0.190332436,69
Tanacetum_parthenifolium,0.64,-0.185294177,89
Tanacetum_vulgare,0.190954839,-0.189407642,146
Anthemis_arvensis,0.676003684,-0.184964366,120
Leucanthemum_vulgare,0.444934678,-0.187081067,112
Crassocephalum_crepidioides,0.230909091,-0.189041642,98
Erechtites_hieraciifolius,0.3484,-0.18796537,84
Crepis_tectorum,0.222,-0.189123254,97
Hypochaeris_radicata,0.78389769,-0.183976006,103
Sonchus_asper,0.278436882,-0.188606265,111
Sonchus_oleraceus,0.297958333,-0.18842744,166
Sonchus_arvensis,0.722934783,-0.184534455,143
Lactuca_sativa,1.011,-0.181895642,166
Cichorium_intybus,2.159448097,-0.171375316,166
Centaurea_diffusa,3.075714286,-0.162981885,58
Cyanus_segetum,5.141963333,-0.14405407,105
Carthamus_tinctorius,35.4625,0.133696342,166
Silybum_marianum,21.77416667,0.008304755,83
Triodanis_perfoliata,0.03,-0.190882064,16
Hippobroma_longiflora,0.07,-0.190515645,93
Coriandrum_sativum,11.95,-0.081689244,169
Cyclospermum_leptophyllum,0.25,-0.18886676,103
Ammi_majus,0.60778125,-0.185589316,96
Foeniculum_vulgare,13.57140625,-0.066836398,166
Conium_maculatum,2.763804545,-0.165839126,120
Daucus_carota,1.114386709,-0.180948571,166
Anthriscus_caucalis,1.414766667,-0.178196949,113
Hydrocotyle_vulgaris,0.412,-0.187382764,43
Hydrocotyle_verticillata,1.912217452,-0.173640065,14
Prunella_grandiflora,1.203818182,-0.180129336,62
Salvia_tiliifolia,0.42,-0.18730948,42
Salvia_coccinea,0.876666667,-0.183126198,105
Salvia_sclarea,2.55,-0.167797676,85
Rosmarinus_officinalis,1.119404235,-0.277147079,12
Hyptis_suaveolens,4.353846154,-0.151273595,104
Hyptis_capitata,0.407692308,-0.187422225,101
Ocimum_basilicum,1.2,-0.180164313,117
Stachys_arvensis,0.7244,-0.184521033,50
Thunbergia_alata,25.8,-0.210587111,169
Martynia_annua,1241.1,11.17790428,58
Dolichandra_unguiscati,63.05285714,0.386437021,96
Lantana_camara,10.15666667,-0.2527749,169
Verbena_bonariensis,0.17,-0.189599598,26
Stachytarpheta_jamaicensis,2.36,-0.169538166,40
Duranta_erecta,240.4125,0.368191505,112
Lindernia_dubia,0.01,-0.191065274,17
Veronica_polita,0.335377778,-0.18808466,137
Veronica_persica,0.64015625,-0.185292745,116
Veronica_arvensis,0.113397959,-0.1901181,73
Veronica_hederifolia,4.07157037,-0.153859374,37
Veronica_peregrina,0.032146667,-0.1908624,119
Plantago_virginica,0.487698246,-0.186689332,88
Plantago_lanceolata,1.516647352,-0.177263674,123
Plantago_aristata,1.5,-0.177416171,123
Digitalis_purpurea,0.083830039,-0.190388956,100
Cymbalaria_muralis,0.164857143,-0.189646709,71
Kickxia_elatine,0.364210526,-0.187820538,169
Scoparia_dulcis,0.01,-0.191065274,169
Myosotis_arvensis,0.434282609,-0.187178645,10
Borago_officinalis,16.49357143,-0.040067988,86
Symphytum_officinale,9.49288,-0.104197622,42
Heliotropium_ellipticum,0.766666667,-0.18413385,66
Heliotropium_europaeum,1.025,-0.181767395,145
Galium_aparine,9.144727394,-0.107386864,137
Sherardia_arvensis,1.6728765,-0.175832541,94
Mitracarpus_hirtus,0.12,-0.190057622,43
Richardia_brasiliensis,1.07,-0.181355174,64
Richardia_scabra,1.5,-0.177416171,54
Cinchona_officinalis,0.42,-0.353739156,94
Cinchona_calisaya,0.3,-0.354254368,90
Cascabela_thevetia,1908.16,4.865863313,101
Calotropis_procera,11.644,-0.248763779,138
Voacanga_africana,60,-0.097936727,50
Rauvolfia_tetraphylla,16.34,-0.236099352,62
Catharanthus_roseus,1.414285714,-0.178201354,169
Plumeria_rubra,36.73,-0.197844792,105
Solanum_erianthum,0.685555556,-0.352599013,165
Solanum_elaeagnifolium,4.9,-0.266951363,5
Solanum_torvum,1.06,-0.277307284,128
Solanum_carolinense,2.44,-0.168805328,65
Solanum_rostratum,3.284,-0.16107389,42
Solanum_sisymbriifolium,2.65,-0.166881629,121
Solanum_capsicoides,3.1,-0.162759417,145
Solanum_aculeatissimum,2.59,-0.167431257,133
Solanum_viarum,2.51,-0.273396845,118
Solanum_pseudocapsicum,3,-0.163675464,123
Solanum_scabrum,0.742857143,-0.184351957,106
Solanum_seaforthianum,1.98,-0.173019145,87
Physalis_lagascae,0.82,-0.183645292,179
Physalis_ixocarpa,1.61,-0.176408519,65
Physalis_angulata,0.56,-0.186027014,146
Physalis_pubescens,0.85,-0.183370478,147
Physalis_philadelphica,1.52,-0.177232962,112
Physalis_peruviana,0.85,-0.183370478,97
Capsicum_annuum,4.233387097,-0.152377057,129
Datura_inoxia,26.02083333,0.047206223,97
Datura_stramonium,9.510520799,-0.104036024,163
Nicandra_physalodes,0.89034,-0.183000944,93
Nicotiana_alata,0.097857143,-0.190260461,91
Petunia_hybrida,0.121538462,-0.190043529,109
Ipomoea_turbinata,148.23,1.16669981,46
Ipomoea_triloba,13.425,-0.068177549,101
Ipomoea_mauritiana,47.53,0.244240331,90
Ipomoea_quamoclit,23.08461538,0.020309083,105
Ipomoea_nil,34.755,0.127215308,123
Ipomoea_purpurea,30.48571429,0.088106638,102
Ipomoea_cordatotriloba,15.03,-0.053474992,12
Ipomoea_carnea,79.2,0.534352463,87
Ipomoea_eriocarpa,8.5,-0.113292871,93
Cuscuta_approximata,0.33,-0.188133923,166
Cuscuta_campestris,0.81,-0.183736896,31
Jacquemontia_tamnifolia,4.252857143,-0.152198702,41
Anagallis_arvensis,0.463374359,-0.186912151,122
Impatiens_balsamina,8.616666667,-0.112224149,105
Impatiens_walleriana,0.52,-0.186393433,62
Deutzia_crenata,0.17,-0.279707484,100
Opuntia_ficusindica,20.45289855,-0.225007464,82
Opuntia_stricta,21.92,-0.221050905,112
Opuntia_monacantha,24.15,-0.215036921,110
Portulaca_oleracea,0.204740321,-0.18928136,169
Portulaca_pilosa,0.04,-0.190790459,112
Portulaca_grandiflora,0.1128,-0.190123577,105
Talinum_fruticosum,0.17,-0.189599598,104
Talinum_paniculatum,0.26,-0.188775156,98
Basella_alba,38.72,0.163536577,110
Mollugo_verticillata,0.073882455,-0.19048008,86
Tetragonia_tetragonioides,1.18700332,-0.180283368,48
Boerhavia_erecta,1.69,-0.175675682,51
Mirabilis_jalapa,52.15714286,0.286627141,131
Oxybaphus_nyctagineus,5.613636364,-0.139733323,12
Rivina_humilis,3.8,-0.269917903,123
Petiveria_alliacea,13.54,-0.243650543,87
Phytolacca_americana,6.286349731,-0.133570951,166
Vaccaria_hispanica,5.953971429,-0.136615693,166
Silene_gallica,0.351739677,-0.187934777,115
Silene_vulgaris,1.033097052,-0.181693222,166
Silene_armeria,0.133745455,-0.189931707,105
Agrostemma_githago,13.88986047,-0.063919208,122
Dianthus_sylvestris,0.433714286,-0.187183851,69
Saponaria_officinalis,1.58512108,-0.176636422,110
Cerastium_fontanum,0.129675439,-0.18996899,114
Cerastium_glomeratum,0.059826944,-0.190608835,135
Stellaria_pallida,0.124866667,-0.190013041,73
Stellaria_media,0.371136735,-0.187757091,148
Spergula_arvensis,0.422245455,-0.187288911,65
Atriplex_hortensis,4.310055556,-0.151674737,91
Atriplex_canescens,9.840125097,-0.253628567,94
Atriplex_nummularia,5.544373706,-0.140367801,26
Chenopodium_hybridum,1.342072222,-0.178862864,117
Chenopodium_album,0.729057015,-0.184478372,166
Chenopodium_giganteum,0.72,-0.184561339,111
Dysphania_pumilio,0.057,-0.190634731,29
Dysphania_ambrosioides,0.319325,-0.188231711,98
Gomphrena_celosioides,2.9,-0.164591511,122
Gomphrena_globosa,5.05,-0.144896497,120
Amaranthus_cruentus,0.49,-0.186668247,123
Amaranthus_dubius,0.22,-0.189141575,53
Amaranthus_spinosus,0.21,-0.189233179,121
Amaranthus_hypochondriacus,0.46,-0.186943061,92
Amaranthus_caudatus,0.541333333,-0.18619801,166
Amaranthus_retroflexus,0.389538462,-0.187588522,117
Amaranthus_hybridus,0.527363636,-0.186325979,144
Amaranthus_blitoides,1.016088889,-0.181849025,96
Amaranthus_blitum,0.460211765,-0.186941122,117
Amaranthus_tricolor,0.6,-0.185660595,121
Amaranthus_viridis,0.691111111,-0.184825975,159
Amaranthus_palmeri,0.3007,-0.188402325,37
Amaranthus_albus,0.323788235,-0.188190825,101
Celosia_argentea,0.661176471,-0.18510019,154
Fallopia_scandens,14.01,-0.062818673,92
Antigonon_leptopus,70.5,-0.09003773,103
Stylosanthes_guianensis,2.73125,-0.272800166,36
Trifolium_fragiferum,1.321229567,-0.179053793,91
Trifolium_hybridum,0.858549668,-0.183292159,96
Trifolium_repens,0.556276247,-0.186061126,166
Trifolium_pratense,1.517137379,-0.177259185,109
Trifolium_incarnatum,3.27710271,-0.161137072,12
Trifolium_dubium,0.4450155,-0.187080327,62
Medicago_sativa,2.240824502,-0.170629869,166
Medicago_polymorpha,4.463224438,-0.150271638,121
Medicago_minima,1.105429268,-0.181030625,112
Melilotus_officinalis,2.711014376,-0.166322708,167
Trigonella_foenumgraecum,12.35817647,-0.077950155,108
Vicia_sativa,27.89552612,0.064379293,137
Vicia_villosa,32.49037551,0.10647028,93
Lotus_corniculatus,1.25555406,-0.179655411,166
Securigera_varia,3.881243902,-0.155602854,98
Sesbania_sesban,13.03461538,-0.071753656,104
Sesbania_grandiflora,65.20557199,0.406156904,97
Sesbania_cannabina,12.77022064,-0.074175636,112
Sesbania_herbacea,12.30709677,-0.078418069,112
Robinia_pseudoacacia,18.88493691,-0.274461282,108
Gliricidia_sepium,145.5941176,0.269555439,34
Calopogonium_mucunoides,12.01285714,-0.081113443,97
Pachyrhizus_erosus,522.1428571,4.591917874,115
Desmodium_intortum,1.332054561,-0.178954631,42
Desmodium_tortuosum,2.665908686,-0.166735898,92
Desmodium_scorpiurus,2.31,-0.169996189,97
Phaseolus_coccineus,1046.56,9.395826157,116
Phaseolus_vulgaris,309.743686,2.646241324,152
Macroptilium_atropurpureum,14,-0.062910278,54
Macroptilium_lathyroides,7.03,-0.126758764,109
Lablab_purpureus,218.0868321,1.806621328,169
Macrotyloma_uniflorum,30.6,0.089153549,89
Cajanus_cajan,88.17264493,-0.042377183,169
Tephrosia_candida,19.275,-0.228184085,94
Canavalia_ensiformis,1183.142857,10.64698952,105
Centrosema_pubescens,29.98428571,0.083513316,97
Clitoria_ternatea,46.9125,0.23858374,129
Indigofera_suffruticosa,3.044166667,-0.271956275,112
Amorpha_fruticosa,8.291639017,-0.257804608,103
Crotalaria_ochroleuca,4.688888889,-0.148204445,70
Crotalaria_trichotoma,3.835652174,-0.156020496,88
Crotalaria_lanceolata,2.769285714,-0.165788916,86
Crotalaria_juncea,32.83103865,0.109590915,89
Crotalaria_micans,23.06666667,-0.217958513,92
Crotalaria_incana,7.161111111,-0.125557724,70
Ulex_europaeus,6.448443113,-0.262775438,160
Dalbergia_sissoo,44.00454545,-0.166612056,116
Aeschynomene_americana,4.244666667,-0.15227373,97
Arachis_hypogaea,633.0142857,5.607552434,157
Acacia_mangium,12.84,-0.300414783,39
Acacia_longifolia,15.02745547,-0.291023101,12
Acacia_mearnsii,13.10398557,-0.29928138,71
Acacia_dealbata,11.8495,-0.248209575,83
Acacia_decurrens,25.6175,-0.245555509,98
Albizia_lebbeck,110.3052867,0.118045391,137
Acacia_senegal,77.375,-0.023338418,76
Pithecellobium_dulce,87.19270833,0.018813204,100
Mimosa_pudica,5.34,-0.265764748,115
Mimosa_invisa,5.43,-0.141415518,97
Mimosa_bimucronata,18.59,-0.23003143,102
Mimosa_pigra,17.56666667,-0.030237929,24
Desmanthus_virgatus,4.515414974,-0.149793548,59
Leucaena_leucocephala,42.74134162,-0.164898783,169
Neptunia_plena,7.6,-0.121537295,59
Caesalpinia_pulcherrima,181.82,0.210176077,169
Senna_surattensis,8.08,-0.320851499,169
Senna_fruticosa,57.725,-0.124490042,79
Senna_occidentalis,17.65333333,-0.029444022,169
Senna_hirsuta,6.498888889,-0.262639393,64
Senna_sophera,12.72,-0.245861964,94
Senna_bicapsularis,27.94,-0.204815843,70
Senna_corymbosa,26.2,-0.20950837,40
Senna_obtusifolia,26.12222222,-0.209718125,105
Senna_tora,16.43636364,-0.040592038,90
Chamaecrista_mimosoides,2.502857143,-0.273416108,92
Senna_alata,44,-0.161504365,86
Senna_siamea,24.63,-0.249795269,86
Senna_didymobotrya,51.34444444,-0.14169747,57
Cannabis_sativa,18.18571429,-0.024567161,157
Ulmus_laevis,6.912531352,-0.325863942,63
Cucumis_melo,14.59808767,-0.057431513,123
Sicyos_angulatus,93,0.66076697,35
Echinocystis_lobata,237.452,1.984015396,6
Momordica_charantia,67.77785714,0.429720249,117
Begonia_cucullata,0.01,-0.191065274,69
Passiflora_edulis,14.64053333,-0.05704269,100
Passiflora_foetida,8.6865,-0.111584443,169
Salix_fragilis,0.136186904,-0.354957687,166
Phyllanthus_amarus,0.1,-0.190240831,94
Euphorbia_maculata,0.220666667,-0.189135468,108
Euphorbia_hypericifolia,0.39,-0.187584294,137
Euphorbia_hyssopifolia,1.48,-0.177599381,133
Euphorbia_nutans,0.338117647,-0.188059561,16
Euphorbia_serpens,0.27,-0.188683551,97
Euphorbia_marginata,10.77375,-0.092464249,115
Euphorbia_heterophylla,6.3225,-0.133239797,115
Euphorbia_cyathophora,6.37,-0.132804675,94
Euphorbia_dentata,4.877666667,-0.146475152,38
Euphorbia_peplus,0.553,-0.186091138,97
Euphorbia_lathyris,32.91388889,0.110349862,136
Croton_hirtus,4.27,-0.152041665,7
Codiaeum_variegatum,29,-0.201957178,100
Manihot_esculenta,114,0.027275427,102
Ricinus_communis,344.5916667,2.965465258,145
Linum_usitatissimum,5.610384615,-0.13976311,170
Linum_striatum,0.561832528,-0.186010227,108
Sisymbrium_orientale,0.249777778,-0.188868796,25
Sisymbrium_officinale,0.27705,-0.18861897,96
Sisymbrium_irio,0.10505,-0.190194571,114
Sisymbrium_altissimum,0.188696429,-0.18942833,120
Brassica_juncea,2.584480109,-0.167481822,137
Raphanus_raphanistrum,17.43081538,-0.031482391,63
Diplotaxis_muralis,0.233411765,-0.189018717,115
Sinapis_alba,4.938315152,-0.145919583,65
Sinapis_arvensis,2.310951282,-0.169987475,57
Alliaria_petiolata,2.668967742,-0.166707875,94
Alyssum_alyssoides,0.695393939,-0.184786742,94
Hesperis_matronalis,2.408712075,-0.16909194,92
Bunias_orientalis,25.46181818,0.042085381,90
Erysimum_repandum,0.24,-0.188958365,93
Capsella_bursapastoris,0.128265227,-0.189981908,166
Cardamine_flexuosa,0.12226,-0.190036919,139
Nasturtium_officinale,0.253275,-0.18883676,114
Rorippa_amphibia,0.865571429,-0.183227836,7
Lepidium_didymum,0.525363333,-0.186344302,115
Lepidium_virginicum,0.5666,-0.185966555,112
Lepidium_bonariense,0.2328,-0.189024321,13
Lepidium_densiflorum,0.544947368,-0.186164904,98
Lepidium_campestre,2.125590909,-0.171685463,97
Lobularia_maritima,0.318038809,-0.188243493,105
Reseda_lutea,0.721148387,-0.184550819,98
Carica_papaya,24.30171683,-0.251204729,115
Moringa_oleifera,242.5,0.685613851,95
Tropaeolum_majus,148.8714286,1.172575598,121
Waltheria_indica,1.69,-0.275608265,179
Herissantia_crispa,3.517142857,-0.158938191,90
Malvastrum_coromandelianum,1.374545455,-0.276459,135
Malvastrum_americanum,1.701928571,-0.17556641,67
Abutilon_theophrasti,8.739647368,-0.111097588,166
Sida_acuta,2.411111111,-0.169069964,118
Hibiscus_trionum,4.194222222,-0.152735825,145
Malachra_capitata,3.7,-0.157263134,24
Corchorus_olitorius,1.65125,-0.17603065,169
Muntingia_calabura,0.246646957,-0.354483435,88
Bixa_orellana,26.025,-0.243805937,122
Acer_negundo,37.82308754,-0.1931517,121
Rhus_typhina,9.332882257,-0.31547234,97
Clidemia_hirta,0.03,-0.280085043,23
Eucalyptus_robusta,3.31518159,-0.341308903,107
Eucalyptus_exserta,2.99936803,-0.342664826,100
Eucalyptus_globulus,13.35912957,-0.298185937,94
Psidium_guajava,9.449278854,-0.314972599,169
Syzygium_jambos,1294.45125,5.202090615,169
Oenothera_villosa,0.42,-0.18730948,63
Oenothera_tetraptera,16.8,-0.037260957,87
Oenothera_stricta,0.4,-0.18749269,105
Oenothera_parviflora,0.579809524,-0.18584555,71
Oenothera_odorata,0.38,-0.187675899,121
Oenothera_glazioviana,0.60128,-0.18564887,112
Oenothera_biennis,0.396568791,-0.187524121,123
Oenothera_drummondii,0.233333333,-0.189019435,92
Oenothera_laciniata,0.402857143,-0.187466517,99
Gaura_mollis,9.198,-0.106898862,92
Gaura_biennis,8.1,-0.116957059,120
Oenothera_rosea,0.07,-0.190515645,86
Oenothera_speciosa,0.09,-0.190332436,45
Clarkia_pulchella,0.216664387,-0.18917213,84
Ludwigia_leptocarpa,0.06,-0.19060725,11
Ludwigia_hyssopifolia,0.12,-0.190057622,95
Ammannia_coccinea,0.124975845,-0.190012041,18
Rotala_ramosior,0.011,-0.191056113,86
Cuphea_carthagenensis,0.7,-0.184744548,55
Punica_granatum,25.0539877,-0.212598998,131
Geranium_carolinianum,2.631818182,-0.167048183,104
Geranium_molle,1.112105263,-0.18096947,103
Erodium_moschatum,2.6089975,-0.167257231,23
Parthenocissus_quinquefolia,27.04842864,-0.207220281,122
Bryophyllum_delagoense,0.03,-0.190882064,9
Bryophyllum_pinnatum,0.06,-0.19060725,104
Ribes_nigrum,57.33236667,-0.125548917,94
Ribes_uvacrispa,4.9036,-0.266941655,176
Ranunculus_sardous,1.389514286,-0.178428272,12
Ranunculus_muricatus,11.589,-0.084996174,96
Ranunculus_arvensis,12.42204444,-0.077365094,94
Berberis_thunbergii,16.2539299,-0.23633147,98
Papaver_nudicaule,0.1,-0.190240831,161
Argemone_mexicana,1.857142857,-0.174144574,159
Eschscholzia_californica,1.476758178,-0.177629077,92
Asparagus_setaceus,60.36,-0.117383831,100
Cordyline_fruticosa,9.746652863,-0.101872943,103
Agave_americana,30.19323671,0.085427406,122
Sisyrinchium_atlanticum,0.5,-0.186576643,35
Sisyrinchium_micranthum,0.57,-0.18593541,7
Spartina_alterniflora,22.64492754,0.016281335,90
Spartina_anglica,12.1,-0.080315173,43
Panicum_dichotomiflorum,0.597169181,-0.185686527,114
Brachiaria_brizantha,4.170799172,-0.152950391,42
Brachiaria_mutica,1.065643649,-0.18139508,91
Panicum_maximum,0.858807105,-0.1832898,101
Melinis_repens,0.3745,-0.187726282,82
Melinis_minutiflora,0.11,-0.190149226,92
Brachiaria_eruciformis,0.16,-0.189691203,95
Pennisetum_polystachion,0.263333333,-0.188744621,61
Cenchrus_echinatus,17.2,-0.033596769,104
Pennisetum_purpureum,0.504607497,-0.186534436,113
Pennisetum_glaucum,4.877069197,-0.146480625,92
Pennisetum_clandestinum,2.18,-0.17118705,12
Setaria_parviflora,1.53,-0.177141357,169
Setaria_sphacelata,0.756923077,-0.184223106,112
Panicum_acuminatum,0.286896199,-0.188528774,87
Digitaria_ciliaris,0.558612319,-0.186039726,112
Dichanthium_annulatum,0.398686522,-0.187504722,153
Sorghum_halepense,3.659914009,-0.15763034,111
Paspalum_dilatatum,1.468507099,-0.177704661,103
Paspalum_urvillei,0.84,-0.183462082,31
Paspalum_virgatum,1.485,-0.177553578,107
Paspalum_notatum,3.07,-0.163034231,110
Paspalum_conjugatum,0.59799931,-0.185678923,105
Paspalum_distichum,1.60053264,-0.176495245,101
Axonopus_fissifolius,0.3544,-0.187910407,19
Axonopus_compressus,0.373603458,-0.187734495,96
Chloris_virgata,0.178285714,-0.189523697,154
Chloris_gayana,0.357102534,-0.187885651,104
Chloris_barbata,0.21,-0.189233179,114
Eleusine_coracana,2.258,-0.170472534,136
Dinebra_retroflexa,2.2,-0.171003841,43
Buchloe_dactyloides,6.216,-0.134215388,69
Eragrostis_curvula,0.201196311,-0.189313825,69
Eragrostis_ciliaris,0.02,-0.190973669,110
Vulpia_myuros,0.481460695,-0.186746471,89
Festuca_rubra,0.933965591,-0.182601313,125
Festuca_arundinacea,2.151659184,-0.171446666,84
Lolium_persicum,8.65,-0.1119188,91
Lolium_rigidum,2.528358241,-0.167995925,121
Lolium_multiflorum,2.932693878,-0.16429202,107
Lolium_temulentum,8.133333333,-0.11665171,74
Lolium_perenne,1.87850606,-0.173948877,123
Parapholis_incurva,2.396,-0.169208389,68
Dactylis_glomerata,0.832843365,-0.18352764,174
Holcus_lanatus,0.355681452,-0.187898669,120
Alopecurus_myosuroides,1.789967449,-0.174759933,79
Poa_trivialis,0.1747357,-0.189556217,71
Poa_pratensis,0.255555336,-0.188815871,120
Poa_compressa,0.214968434,-0.189187666,119
Poa_annua,0.256613131,-0.188806181,166
Phleum_pratense,0.40869491,-0.18741304,114
Phalaris_paradoxa,2.6528,-0.16685598,64
Phalaris_minor,1.585555556,-0.176632442,97
Phalaris_canariensis,4.676428571,-0.148318588,123
Avena_sterilis,23.70363636,0.025979607,91
Avena_fatua,15.26868321,-0.051288541,137
Arrhenatherum_elatius,2.766496621,-0.165814465,96
Hordeum_jubatum,2.208,-0.170930557,96
Hordeum_bulbosum,7.644375,-0.121130799,98
Secale_cereale,28.69525574,0.071705194,112
Bromus_rigidus,3.33,-0.160652508,89
Bromus_arvensis,1.975884217,-0.173056847,166
Bromus_catharticus,9.067397133,-0.108095245,69
Glyceria_maxima,0.431,-0.187208715,108
Cyperus_surinamensis,0.02,-0.190973669,13
Cyperus_rotundus,0.221615385,-0.189126777,178
Cyperus_esculentus,0.15,-0.189782808,68
Canna_indica,190.7,1.555745033,169
Elaeis_guineensis,1908.25,4.86610603,68
Pistia_stratiotes,1.55,-0.176958148,109
Dieffenbachia_seguine,179,1.448567517,69
Annona_glabra,215.4929167,0.569660888,79
Nymphaea_alba,1.94,-0.173385564,108
Cabomba_caroliniana,1.095804971,-0.181118788,24
