species,mrt,height,height_scaled
Zinnia_elegans,119,0.4,-0.400516595
Zinnia_peruviana,98,0.5,-0.341511222
Silphium_perfoliatum,76,2.1336,0.622400541
Rudbeckia_hirta,121,0.441378571,-0.376101015
Rudbeckia_laciniata,106,1.654113333,0.339477648
Ageratum_conyzoides,169,1,-0.04648436
Ageratum_houstonianum,121,1,-0.04648436
Chromolaena_odorata,86,2.5,0.838596226
Praxelis_clematidea,31,1,-0.04648436
Eupatorium_cannabinum,99,0.907142857,-0.101275063
Ageratina_adenophora,31,0.8,-0.164495105
Gaillardia_aristata,107,0.6096,-0.276841334
Gaillardia_pulchella,114,0.6096,-0.276841334
Helenium_bigelovii,59,0.9,-0.105489733
Flaveria_bidentis,32,1,-0.04648436
Smallanthus_uvedalia,41,2,0.543569364
Galinsoga_parviflora,108,0.3795,-0.412612696
Galinsoga_quadriradiata,103,0.345,-0.432969549
Tridax_procumbens,94,0.5,-0.341511222
Acanthospermum_hispidum,86,0.6,-0.28250585
Ambrosia_artemisiifolia,65,0.516607721,-0.331711775
Ambrosia_psilostachya,30,0.267538986,-0.478675709
Ambrosia_trifida,113,1.025,-0.031733017
Xanthium_strumarium,169,0.723529412,-0.20961686
Xanthium_spinosum,5,0.56875,-0.300945029
Parthenium_hysterophorus,96,0.17,-0.536228951
Acmella_radicans,8,0.4,-0.400516595
Sphagneticola_trilobata,31,0.7,-0.223500477
Synedrella_nodiflora,114,0.5,-0.341511222
Bidens_bipinnata,169,1.125,0.027272355
Bidens_frondosa,96,0.6682,-0.242264186
Coreopsis_lanceolata,113,0.208251852,-0.513658303
Coreopsis_tinctoria,121,0.224971429,-0.503792855
Coreopsis_basalis,72,0.6,-0.28250585
Cosmos_sulphureus,100,2,0.543569364
Cosmos_bipinnatus,120,1.3,0.130531757
Pluchea_sagittalis,15,1.5,0.248542502
Solidago_canadensis,108,0.829089436,-0.147330775
Erigeron_sumatrensis,112,1.048,-0.018161782
Erigeron_strigosus,55,0.430714216,-0.382393557
Erigeron_annuus,121,0.72073913,-0.211263277
Erigeron_philadelphicus,38,0.85344,-0.132962634
Erigeron_bonariensis,169,0.537583333,-0.319335037
Conyza_sumatrensis,100,0.866676667,-0.125152289
Erigeron_canadensis,144,0.4884375,-0.348333718
Chrysanthemum_segetum,166,0.6,-0.28250585
Glebionis_coronaria,166,0.3,-0.459521967
Tanacetum_parthenifolium,89,0.4,-0.400516595
Leucanthemum_vulgare,112,0.366027857,-0.420561984
Soliva_anthemifolia,96,0.15,-0.548030026
Crassocephalum_rubens,12,1.5,0.248542502
Erechtites_valerianifolius,100,1,-0.04648436
Crepis_tectorum,97,0.309642857,-0.453832163
Sonchus_oleraceus,166,0.946353571,-0.078138635
Sonchus_arvensis,143,1.1225,0.025797221
Elephantopus_tomentosus,94,1,-0.04648436
Pseudelephantopus_spicatus,97,1,-0.04648436
Hippobroma_longiflora,93,0.35,-0.430019281
Cyclospermum_leptophyllum,103,0.345833333,-0.432477838
Ammi_majus,96,0.53,-0.32380961
Conium_maculatum,120,1.776666667,0.411790699
Daucus_carota,166,0.49478268,-0.344589721
Hydrocotyle_verticillata,14,0.1,-0.577532712
Hyptis_suaveolens,104,1.6,0.307547874
Hyptis_capitata,101,2.2,0.661580108
Ocimum_basilicum,117,0.4,-0.400516595
Orobanche_brassicae,45,0.3,-0.459521967
Ruellia_tuberosa,92,0.7,-0.223500477
Dolichandra_unguiscati,96,0.370666667,-0.417824837
Lantana_camara,169,2.88,-0.307855334
Veronica_polita,137,0.249,-0.489614707
Veronica_persica,116,0.1964,-0.520651533
Veronica_arvensis,73,0.140616761,-0.553566641
Veronica_hederifolia,37,0.247,-0.490794814
Veronica_peregrina,119,0.1453125,-0.550795902
Plantago_virginica,88,0.015,-0.627687278
Stemodia_verticillata,2,0.15,-0.548030026
Scoparia_dulcis,169,0.6,-0.28250585
Borago_officinalis,86,0.433,-0.381044822
Heliotropium_ellipticum,66,0.2,-0.518527339
Heliotropium_europaeum,145,0.2,-0.518527339
Mitracarpus_hirtus,43,0.163333333,-0.540162643
Richardia_brasiliensis,64,0.45,-0.371013908
Richardia_scabra,54,0.6,-0.28250585
Spermacoce_alata,62,0.6,-0.28250585
Spermacoce_remota,41,0.7,-0.223500477
Calotropis_procera,138,1.5,-0.696698138
Voacanga_africana,50,12,0.047219652
Catharanthus_roseus,169,1,-0.04648436
Ochrosia_elliptica,92,6,-0.677984854
Solanum_erianthum,165,1.892266667,-1.174475975
Solanum_elaeagnifolium,5,0.4,-1.0066453
Solanum_torvum,128,1,-0.837583212
Solanum_chrysotrichum,139,1.5,-0.696698138
Solanum_rostratum,42,0.7,-0.223500477
Physalis_lagascae,179,1,-0.04648436
Physalis_angulata,146,0.5,-0.341511222
Physalis_philadelphica,112,1.2,0.071526385
Datura_stramonium,163,1.229789474,0.089103775
Brugmansia_suaveolens,99,2.4,-0.443105005
Nicandra_physalodes,93,0.493333333,-0.345444914
Ipomoea_triloba,101,2.1,0.602574736
Ipomoea_mauritiana,90,1.8,0.425558619
Ipomoea_quamoclit,105,4.6,2.077709046
Ipomoea_nil,123,1.5,0.248542502
Ipomoea_carnea,87,3.125,1.207379803
Cuscuta_campestris,31,0.39,-0.406417132
Impatiens_balsamina,105,0.51,-0.335610685
Opuntia_ficusindica,82,1.7192,-0.634934121
Opuntia_monacantha,110,7,0.853037675
Portulaca_pilosa,112,0.2,-0.518527339
Talinum_paniculatum,98,0.9,-0.105489733
Anredera_vesicaria,45,8.2,4.201902452
Anredera_cordifolia,96,9,4.673945431
Basella_alba,110,4.5,2.018703673
Tetragonia_tetragonioides,48,0.293333333,-0.463455659
Mirabilis_jalapa,131,1.5,0.248542502
Phytolacca_americana,166,2.142730909,0.627788268
Vaccaria_hispanica,166,0.557222222,-0.307747037
Silene_vulgaris,166,0.393462963,-0.404373798
Agrostemma_githago,122,0.6875,-0.230876149
Cerastium_glomeratum,135,0.212184375,-0.511337904
Stellaria_pallida,73,0.282692308,-0.469734435
Stellaria_media,148,0.317183721,-0.449382648
Atriplex_canescens,94,1.182033333,-0.786291653
Atriplex_nummularia,26,2.4966,0.836590043
Chenopodium_hybridum,117,0.5675,-0.301682596
Dysphania_pumilio,29,0.566666667,-0.302174307
Dysphania_ambrosioides,98,0.582647059,-0.292745017
Alternanthera_pungens,65,0.6,-0.28250585
Amaranthus_tortuosus,53,1.5,0.248542502
Amaranthus_polygonoides,20,0.8,-0.164495105
Amaranthus_cruentus,123,0.4,-0.400516595
Amaranthus_spinosus,121,1.166666667,0.051857927
Amaranthus_caudatus,166,0.70625,-0.219812642
Amaranthus_retroflexus,117,0.846851852,-0.136849995
Amaranthus_powellii,28,0.733333333,-0.20383202
Amaranthus_hybridus,144,0.59375,-0.286193686
Amaranthus_blitum,117,0.480555556,-0.352984489
Amaranthus_viridis,159,0.4,-0.400516595
Amaranthus_palmeri,37,1,-0.04648436
Amaranthus_albus,101,0.39,-0.406417132
Celosia_argentea,154,0.72,-0.211699403
Trifolium_repens,166,0.173343644,-0.534256021
Trifolium_pratense,109,0.336431256,-0.438025569
Medicago_sativa,166,0.663830063,-0.244842683
Medicago_polymorpha,121,0.271678431,-0.476233214
Melilotus_officinalis,167,0.775065957,-0.17920753
Vicia_villosa,93,0.653438889,-0.250974034
Securigera_varia,98,0.499142188,-0.342017377
Sesbania_cannabina,112,1.247733333,0.099691615
Sesbania_herbacea,112,3,1.133623088
Robinia_pseudoacacia,108,15.58032798,0.47996465
Calopogonium_mucunoides,97,5,2.313730535
Cajanus_cajan,169,2.9615,-0.284891067
Derris_elliptica,88,10,5.263999155
Centrosema_pubescens,97,0.45,-0.371013908
Ulex_europaeus,160,1.580645161,-0.673974739
Aeschynomene_americana,97,1.266666667,0.1108633
Acacia_longifolia,12,5.6384,-0.721690513
Acacia_mearnsii,71,8.630434783,-0.360050994
Acacia_dealbata,83,11.67461538,2.170204742
Acacia_decurrens,98,4,-0.91971969
Albizia_lebbeck,137,12.5,0.107653361
Acacia_senegal,76,8.142857143,-0.418983245
Mimosa_pudica,115,7.333333333,0.946961058
Mimosa_invisa,97,0.866666667,-0.12515819
Mimosa_bimucronata,102,11,1.980118266
Desmanthus_virgatus,59,0.3138,-0.451379226
Leucaena_leucocephala,169,5.95264,0.557922893
Senna_fruticosa,79,6,0.571267527
Senna_occidentalis,169,2,0.543569364
Senna_corymbosa,40,2.5,-0.41492799
Senna_didymobotrya,57,9,1.416577971
Pilea_microphylla,105,0.17,-0.536228951
Cannabis_sativa,157,1.675,0.351801903
Begonia_cucullata,69,5.5,2.608757397
Passiflora_suberosa,96,0.088333333,-0.584416672
Passiflora_edulis,100,6,2.903784259
Passiflora_foetida,169,2.3,0.720585481
Euphorbia_antiquorum,105,8,-0.436250019
Euphorbia_prostrata,101,0.125,-0.562781369
Euphorbia_maculata,108,0.105,-0.574582443
Euphorbia_hyssopifolia,133,0.06,-0.601134861
Euphorbia_serpens,97,0.066,-0.597594538
Euphorbia_pulcherrima,102,3.08,-0.251501304
Euphorbia_heterophylla,115,0.933333333,-0.085821275
Euphorbia_cyathophora,94,1,-0.04648436
Euphorbia_dentata,38,0.4,-0.400516595
Euphorbia_peplus,97,0.196395238,-0.520654343
Croton_hirtus,7,0.9,-0.105489733
Ricinus_communis,145,4.6,2.077709046
Oxalis_triangularis,13,0.2,-0.518527339
Alliaria_petiolata,94,0.525847826,-0.326259616
Alyssum_alyssoides,94,0.146521739,-0.550082386
Bunias_orientalis,90,0.768,-0.183376824
Erysimum_repandum,93,0.220833333,-0.506234554
Cardamine_flexuosa,139,0.296875,-0.461365885
Nasturtium_officinale,114,0.5495,-0.312303563
Rorippa_amphibia,7,0.771153846,-0.181515886
Lepidium_didymum,115,0.22275,-0.505103617
Lepidium_virginicum,112,0.42125,-0.387977953
Lepidium_bonariense,13,0.44,-0.376914446
Lepidium_campestre,97,0.387727273,-0.407758163
Cleome_rutidosperma,64,1,-0.04648436
Reseda_lutea,98,0.447619048,-0.372418798
Waltheria_indica,179,0.966666667,-0.84697555
Malvastrum_coromandelianum,135,0.666666667,-0.931506594
Abutilon_theophrasti,166,1.38,0.177736055
Sida_acuta,118,2,0.543569364
Hibiscus_trionum,145,0.584090909,-0.291893068
Corchorus_olitorius,169,1.466666667,0.228874044
Eucalyptus_robusta,107,35.1444,2.844623516
Eucalyptus_exserta,100,25,1.618496083
Eucalyptus_globulus,94,26.01222034,1.740840542
Oenothera_curtiflora,92,0.6,-0.28250585
Oenothera_glazioviana,112,0.922727273,-0.092079421
Oenothera_drummondii,92,0.6,-0.28250585
Gaura_mollis,92,3.6,1.487655322
Oenothera_rosea,86,0.234,-0.498465513
Ammannia_coccinea,18,0.48768,-0.348780684
Cuphea_carthagenensis,55,0.6,-0.28250585
Geranium_carolinianum,104,0.2,-0.518527339
Bryophyllum_pinnatum,104,0.8,-0.164495105
Myriophyllum_aquaticum,26,2,0.543569364
Ranunculus_muricatus,96,0.26,-0.483124116
Ranunculus_arvensis,94,0.367307692,-0.419806813
Argemone_mexicana,159,1,-0.04648436
Asparagus_densiflorus,102,1,-0.837583212
Agave_americana,122,1.661666667,0.343934521
Zephyranthes_minuta,95,0.3,-0.459521967
Zephyranthes_carinata,26,0.3,-0.459521967
Zephyranthes_candida,93,0.3,-0.459521967
Hippeastrum_vittatum,100,0.45,-0.371013908
Spartina_alterniflora,90,0.78,-0.17629618
Spartina_anglica,43,0.419241379,-0.389163147
Panicum_dichotomiflorum,114,1.268613333,0.112011937
Brachiaria_brizantha,42,0.674,-0.238841874
Brachiaria_mutica,91,0.9144,-0.096992959
Panicum_maximum,101,1.010923077,-0.040039158
Melinis_repens,82,0.783,-0.174526018
Brachiaria_eruciformis,95,0.4,-0.400516595
Pennisetum_polystachion,61,1.15,0.042023698
Cenchrus_purpureus,113,5,2.313730535
Cenchrus_incertus,7,0.8,-0.164495105
Cenchrus_clandestinus,12,0.7,-0.223500477
Cenchrus_echinatus,104,0.9,-0.105489733
Sorghum_halepense,111,1.240295455,0.095302868
Paspalum_dilatatum,103,0.700977778,-0.222923536
Paspalum_conjugatum,105,0.9144,-0.096992959
Paspalum_distichum,101,0.364864,-0.421248722
Axonopus_fissifolius,19,0.078372156,-0.590294302
Chloris_gayana,104,0.909781818,-0.099717935
Eragrostis_curvula,69,0.655466667,-0.249777536
Festuca_rubra,125,0.348190826,-0.431086791
Festuca_arundinacea,84,0.71329568,-0.215655312
Lolium_persicum,91,0.7,-0.223500477
Lolium_temulentum,74,0.75,-0.193997791
Parapholis_incurva,68,0.075333333,-0.59208737
Avena_sterilis,91,0.578679512,-0.295086083
Avena_fatua,137,1.093192,0.008503926
Arrhenatherum_elatius,96,0.496376488,-0.343649289
Hordeum_jubatum,96,0.5,-0.341511222
Secale_cereale,112,1.4084,0.194493581
Bromus_catharticus,69,0.674078788,-0.238795385
Cyperus_rotundus,178,0.25,-0.489024653
Cyperus_esculentus,68,0.40668,-0.396575036
Eichhornia_crassipes,114,2,0.543569364
Tradescantia_pallida,17,0.45,-0.371013908
Tradescantia_zebrina,90,0.22,-0.506726265
Tradescantia_fluminensis,19,0.22,-0.506726265
Callisia_repens,19,0.8,-0.164495105
Tinantia_erecta,8,0.8,-0.164495105
Peperomia_pellucida,106,0.3,-0.459521967
Cabomba_caroliniana,24,1.8,0.425558619