Species,Invasion status,MRT,Cat1_Food,Cat2_Food additives,Cat3_Animal foods,Cat4_Bee plants,Cat5_Invertebrate food,Cat6_Materials,Cat7_Fuels,Cat8_Social uses,Cat9_Vertebrate poison,Cat10_Invertebrate poison,Cat11_Medicines,Cat12_Environmental uses,Cat13_Gene sources
Abutilon theophrasti,Invasive,166,1,0,0,0,0,2,0,0,0,0,1,0,0
Acacia dealbata,Invasive,83,0,0,0,1,0,3,1,0,0,0,0,4,0
Acacia decurrens,Invasive,98,0,0,0,0,0,2,1,0,0,0,0,2,0
Acacia longifolia,Invasive,12,0,0,0,0,0,0,0,0,0,0,0,2,0
Acacia mangium,Alien,39,1,0,1,0,0,1,1,0,0,0,0,2,0
Acacia mearnsii,Invasive,71,0,0,0,1,0,2,1,0,0,0,0,4,0
Acacia senegal,Invasive,76,1,0,0,1,0,1,1,0,0,0,1,3,0
Acanthospermum australe,Naturalized,86,0,0,0,0,0,0,0,0,0,0,1,0,0
Acanthospermum hispidum,Invasive,86,0,0,0,0,0,0,0,0,0,0,1,0,0
Acer negundo,Alien,121,0,0,0,1,0,1,0,0,0,0,0,3,0
Achillea millefolium,Alien,166,0,1,0,0,0,1,0,0,1,0,1,2,0
Acmella ciliata,Naturalized,50,0,0,0,0,0,0,0,0,0,0,0,0,0
Acmella radicans,Invasive,8,0,0,0,0,0,0,0,0,0,0,0,0,0
Acmella uliginosa,Naturalized,54,0,0,0,0,0,0,0,0,0,0,0,0,0
Aeschynomene americana,Invasive,97,0,0,1,0,0,0,0,0,0,0,0,1,0
Agave americana,Invasive,122,0,0,0,0,0,1,0,0,1,0,1,1,0
Agave sisalana,Alien,68,0,0,0,0,0,1,0,0,0,0,1,1,0
Ageratina adenophora,Invasive,31,0,0,0,0,0,0,0,0,1,0,0,1,0
Ageratum conyzoides,Invasive,169,0,0,0,0,0,1,0,0,1,0,1,0,0
Ageratum houstonianum,Invasive,121,0,0,0,0,0,0,0,0,0,0,1,1,0
Agrostemma githago,Invasive,122,0,0,0,0,0,0,0,0,1,0,1,1,0
Albizia lebbeck,Invasive,137,0,0,1,0,0,3,1,0,0,0,1,5,0
Alliaria petiolata,Invasive,94,0,1,0,0,0,0,0,0,0,0,1,0,0
Alopecurus myosuroides,Naturalized,79,0,0,0,0,0,0,0,0,0,0,0,0,0
Alternanthera bettzickiana,Naturalized,105,0,0,0,0,0,0,0,0,0,0,1,3,0
Alternanthera paronychioides,Alien,91,0,0,0,0,0,0,0,0,0,0,0,1,0
Alternanthera philoxeroides,Invasive,92,0,0,1,0,0,0,0,0,0,0,1,1,0
Alternanthera pungens,Invasive,65,0,0,0,0,0,0,0,0,0,0,1,0,0
Alyssum alyssoides,Invasive,94,0,0,0,0,0,0,0,0,0,0,0,1,0
Amaranthus albus,Invasive,101,0,0,0,0,0,0,0,0,0,0,1,0,0
Amaranthus blitoides,Alien,96,0,0,0,0,0,0,0,0,0,0,0,0,0
Amaranthus blitum,Invasive,117,1,0,0,0,0,0,0,0,0,0,0,0,0
Amaranthus caudatus,Invasive,166,1,0,1,0,0,0,0,0,0,0,1,1,0
Amaranthus cruentus,Invasive,123,1,0,0,0,0,0,0,0,0,0,0,1,0
Amaranthus dubius,Alien,53,1,0,0,0,0,0,0,0,0,0,1,0,0
Amaranthus hybridus,Invasive,144,0,0,0,0,0,0,0,0,0,0,1,0,0
Amaranthus hypochondriacus,Alien,92,1,0,1,0,0,0,0,0,0,0,1,1,0
Amaranthus palmeri,Invasive,37,0,0,0,0,0,0,0,0,1,0,0,0,0
Amaranthus polygonoides,Invasive,20,0,0,0,0,0,0,0,0,0,0,0,0,0
Amaranthus powellii,Invasive,28,0,0,0,0,0,0,0,0,1,0,0,0,0
Amaranthus retroflexus,Invasive,117,1,0,1,0,0,0,0,0,1,0,1,1,0
Amaranthus spinosus,Invasive,121,1,0,0,0,0,0,0,0,1,0,1,0,0
Amaranthus standleyanus,Alien,19,0,0,0,0,0,0,0,0,0,0,0,0,0
Amaranthus tenuifolius,Alien,10,0,0,0,0,0,0,0,0,0,0,0,0,0
Amaranthus tortuosus,Invasive,53,0,0,0,0,0,0,0,0,0,0,0,0,0
Amaranthus tricolor,Alien,121,1,0,0,0,0,0,0,0,0,0,1,1,0
Amaranthus tuberculatus,Invasive,18,0,0,0,0,0,0,0,0,0,0,0,0,0
Amaranthus viridis,Invasive,159,1,0,1,0,0,0,0,0,0,0,1,0,0
Amberboa moschata,Naturalized,166,0,0,0,0,0,0,0,0,0,0,0,1,0
Ambrosia artemisiifolia,Invasive,65,0,0,0,0,0,0,0,0,1,0,1,0,0
Ambrosia psilostachya,Invasive,30,0,0,0,0,0,0,0,0,0,0,0,0,0
Ambrosia trifida,Invasive,113,0,0,0,0,0,0,0,0,1,0,0,0,0
Ammannia coccinea,Invasive,18,0,0,0,0,0,0,0,0,0,0,0,0,0
Ammi majus,Invasive,96,0,0,0,0,0,0,0,0,1,0,1,1,0
Amorpha fruticosa,Naturalized,103,0,0,1,0,0,4,0,0,0,0,0,3,0
Anagallis arvensis,Naturalized,122,0,0,0,0,0,0,0,0,1,0,1,0,0
Andrographis paniculata,Naturalized,98,0,0,0,0,0,0,0,0,0,0,1,0,0
Annona glabra,Naturalized,79,1,0,0,0,0,1,0,0,0,0,1,0,0
Anredera cordifolia,Invasive,96,1,0,0,0,0,0,0,0,0,0,1,1,0
Anredera vesicaria,Invasive,45,0,0,0,0,0,0,0,0,0,0,0,1,0
Anthemis arvensis,Alien,120,0,0,0,0,0,0,0,0,0,0,0,0,0
Anthriscus caucalis,Alien,113,0,0,0,0,0,0,0,0,0,0,0,0,0
Antigonon leptopus,Alien,103,0,0,0,0,0,0,0,0,0,0,0,1,0
Arachis duranensis,Naturalized,21,0,0,0,0,0,0,0,0,0,0,0,0,0
Arachis hypogaea,Naturalized,157,1,0,1,0,0,2,1,0,1,0,1,1,0
Argemone mexicana,Invasive,159,0,0,0,0,0,0,0,0,1,0,1,0,0
Argyreia nervosa,Naturalized,88,0,0,0,0,0,0,0,1,0,0,1,1,0
Armoracia rusticana,Naturalized,96,0,1,1,0,0,1,0,0,1,0,1,0,0
Arrhenatherum elatius,Invasive,96,0,0,1,0,0,0,0,0,0,0,0,2,0
Asclepias curassavica,Alien,169,0,0,0,0,0,0,0,0,1,0,1,1,0
Asparagus densiflorus,Invasive,102,0,0,0,0,0,0,0,0,0,0,0,1,0
Asparagus setaceus,Naturalized,100,0,0,0,0,0,0,0,0,0,0,0,0,0
Aster subulatus,Invasive,89,0,0,0,0,0,0,0,0,0,0,0,0,0
Atriplex canescens,Invasive,94,0,0,1,0,0,0,0,0,1,0,0,2,0
Atriplex hortensis,Naturalized,91,1,0,0,0,0,0,0,0,0,0,0,0,0
Atriplex nummularia,Invasive,26,0,0,0,0,0,0,0,0,0,0,0,1,0
Avena fatua,Invasive,137,1,0,2,0,0,0,0,0,1,0,1,0,0
Avena sterilis,Invasive,91,0,0,1,0,0,0,0,0,1,0,0,0,0
Axonopus compressus,Alien,96,0,0,1,0,0,0,0,0,0,0,0,3,0
Axonopus fissifolius,Invasive,19,0,0,1,0,0,0,0,0,0,0,0,2,0
Basella alba,Invasive,110,1,1,0,0,0,0,0,0,0,0,1,1,0
Begonia cucullata,Invasive,69,1,0,0,0,0,0,0,0,0,0,0,1,0
Berberis thunbergii,Naturalized,98,0,0,0,0,0,1,0,0,0,0,1,1,0
Bidens bipinnata,Invasive,169,0,0,0,1,0,0,0,0,0,0,1,0,0
Bidens frondosa,Invasive,96,0,0,0,0,0,0,0,0,0,0,1,0,0
Bixa orellana,Naturalized,122,0,1,0,0,0,2,0,0,0,0,1,0,0
Boerhavia erecta,Naturalized,51,0,0,0,0,0,0,0,0,0,0,0,0,0
Borago officinalis,Invasive,86,1,1,0,1,0,0,0,0,0,0,1,1,0
Bougainvillea glabra,Naturalized,100,0,0,0,0,0,0,0,0,0,0,1,1,0
Bougainvillea spectabilis,Naturalized,106,0,0,0,0,0,0,0,0,0,0,1,1,0
Brachiaria brizantha,Invasive,42,0,0,1,0,0,0,0,0,0,0,1,0,0
Brachiaria eruciformis,Invasive,95,0,0,1,0,0,0,0,0,0,0,0,0,0
Brachiaria mutica,Invasive,91,0,0,2,0,0,0,0,0,0,0,0,1,0
Brachiaria plantaginea,Naturalized,91,0,0,0,0,0,0,0,0,0,0,0,0,0
Brassica juncea,Naturalized,137,1,1,0,1,0,0,0,0,1,0,1,1,0
Bromus arvensis,Alien,166,0,0,1,0,0,0,0,0,0,0,0,2,0
Bromus catharticus,Invasive,69,0,0,1,0,0,0,0,0,0,0,0,0,0
Bromus rigidus,Naturalized,89,0,0,0,0,0,0,0,0,0,0,0,0,0
Brugmansia suaveolens,Invasive,99,0,0,0,0,0,0,0,0,1,0,0,1,0
Bryophyllum daigremontianum,Alien,44,0,0,0,0,0,0,0,0,1,0,0,1,0
Bryophyllum delagoense,Alien,9,0,0,0,0,0,0,0,0,1,0,0,1,0
Bryophyllum pinnatum,Invasive,104,0,0,0,0,0,0,0,0,1,0,1,1,0
Buchloe dactyloides,Alien,69,0,0,1,0,0,0,0,0,0,0,0,3,0
Bunias orientalis,Invasive,90,1,0,0,1,0,0,0,0,0,0,0,0,0
Cabomba caroliniana,Invasive,24,0,0,0,0,0,0,0,0,0,0,0,1,0
Caesalpinia pulcherrima,Naturalized,169,0,0,0,0,0,0,0,0,1,0,1,1,0
Cajanus cajan,Invasive,169,1,0,2,0,0,0,1,0,0,0,1,4,0
Caladium bicolor,Naturalized,79,0,0,0,0,0,0,0,0,1,0,1,1,0
Callisia repens,Invasive,19,0,0,0,0,0,0,0,0,0,0,0,3,0
Calopogonium mucunoides,Invasive,97,0,0,1,0,0,0,0,0,0,0,0,4,0
Calotropis procera,Invasive,138,0,0,0,0,0,0,0,0,1,0,1,0,0
Calyptocarpus vialis,Invasive,24,0,0,0,0,0,0,0,0,0,0,0,0,0
Canavalia ensiformis,Naturalized,105,1,0,2,0,0,0,0,0,1,0,1,2,0
Canna indica,Naturalized,169,1,0,1,0,0,4,0,0,0,0,1,1,0
Cannabis sativa,Invasive,157,0,0,0,0,0,1,0,0,0,0,1,0,0
Capsella bursa-pastoris,Naturalized,166,1,0,0,0,0,1,0,0,1,0,1,0,0
Capsicum annuum,Naturalized,129,1,1,0,0,0,0,0,0,0,0,0,0,0
Cardamine flexuosa,Invasive,139,0,0,0,0,0,0,0,0,0,0,1,0,0
Carica papaya,Naturalized,115,1,1,0,0,0,2,0,0,0,0,1,0,0
Carthamus tinctorius,Naturalized,166,1,1,1,1,0,2,0,0,0,0,1,1,0
Cascabela thevetia,Naturalized,101,0,0,0,0,0,1,0,0,1,0,1,1,0
Cassia floribunda,Naturalized,88,0,0,0,0,0,0,0,0,0,0,0,3,0
Catharanthus roseus,Invasive,169,0,0,0,0,0,0,0,0,0,0,1,1,0
Celosia argentea,Invasive,154,1,1,1,0,0,0,0,0,0,0,1,0,0
Cenchrus caliculatus,Invasive,50,0,0,0,0,0,0,0,0,0,0,0,0,0
Cenchrus clandestinus,Invasive,12,0,1,0,0,0,0,0,0,1,0,0,3,0
Cenchrus echinatus,Invasive,104,0,0,0,0,0,0,0,0,0,0,0,0,0
Cenchrus incertus,Invasive,7,0,0,0,0,0,0,0,0,0,0,0,0,0
Cenchrus purpureus,Invasive,113,0,0,2,0,0,0,0,0,0,0,0,2,0
Centaurea diffusa,Alien,58,0,0,0,0,0,0,0,0,0,0,0,0,0
Centrosema pubescens,Invasive,97,0,0,1,0,0,0,0,0,0,0,0,2,0
Cerastium fontanum,Naturalized,114,0,0,0,0,0,0,0,0,0,0,0,0,0
Cerastium glomeratum,Invasive,135,0,0,0,0,0,0,0,0,0,0,0,0,0
Cestrum nocturnum,Alien,124,0,0,0,0,0,0,0,0,1,0,1,1,0
Chamaecrista mimosoides,Alien,92,0,0,0,0,0,0,0,0,0,0,0,1,0
Chenopodium album,Naturalized,166,1,0,0,0,0,0,0,0,1,0,1,0,0
Chenopodium giganteum,Alien,111,1,0,0,0,0,1,0,0,0,0,0,0,0
Chenopodium hybridum,Invasive,117,0,0,0,0,0,0,0,0,0,0,1,0,0
Chloris barbata,Alien,114,0,0,0,0,0,0,0,0,0,0,0,0,0
Chloris gayana,Invasive,104,0,0,2,0,0,0,0,0,0,0,0,1,0
Chloris virgata,Naturalized,154,0,0,2,0,0,0,0,0,0,0,0,1,0
Chromolaena odorata,Invasive,86,0,0,0,0,0,0,0,0,0,0,1,1,0
Chrysanthemum segetum,Invasive,166,1,0,0,0,0,0,0,0,0,0,0,1,0
Chrysopogon zizanioides,Alien,25,0,0,0,0,0,1,0,0,0,0,1,2,0
Cichorium intybus,Alien,166,1,1,0,0,0,0,0,0,1,0,1,0,0
Cinchona calisaya,Naturalized,90,0,1,0,0,0,0,0,0,0,0,1,0,0
Cinchona officinalis,Naturalized,94,0,0,0,0,0,0,0,0,0,0,1,0,0
Cinchona pubescens,Naturalized,94,0,1,0,0,0,1,0,0,0,0,1,0,0
Citrus aurantiifolia,Naturalized,100,1,1,0,0,0,1,0,0,1,0,1,1,0
Clarkia pulchella,Alien,84,0,0,0,0,0,0,0,0,0,0,0,1,0
Cleome rutidosperma,Invasive,64,0,0,0,0,0,0,0,0,0,0,0,0,0
Cleoserrata speciosa,Naturalized,104,0,0,0,0,0,0,0,0,0,0,0,1,0
Clidemia hirta,Alien,23,1,0,0,0,0,0,0,0,0,0,0,1,0
Clitoria ternatea,Alien,129,0,0,1,0,0,0,0,0,0,0,1,2,0
Codiaeum variegatum,Naturalized,100,0,0,0,0,0,0,0,0,0,0,0,1,0
Conium maculatum,Invasive,120,0,0,0,0,0,0,0,0,1,0,1,1,0
Conyza sumatrensis,Invasive,100,0,0,0,0,0,0,0,0,0,0,0,0,0
Corchorus olitorius,Invasive,169,1,0,0,0,0,1,0,0,0,0,1,0,0
Cordyline fruticosa,Naturalized,103,1,0,0,0,0,0,0,0,0,0,0,1,0
Coreopsis basalis,Invasive,72,0,0,0,0,0,0,0,0,0,0,0,1,0
Coreopsis grandiflora,Alien,71,0,0,0,0,0,0,0,0,0,0,0,1,0
Coreopsis lanceolata,Invasive,113,0,0,0,0,0,0,0,0,0,0,0,1,0
Coreopsis tinctoria,Invasive,121,0,0,0,0,0,0,0,0,0,0,0,1,0
Coriandrum sativum,Naturalized,169,1,1,0,0,0,1,0,0,0,0,1,0,0
Cosmos bipinnatus,Invasive,120,0,0,0,0,0,1,0,0,0,0,1,1,0
Cosmos sulphureus,Invasive,100,0,0,0,0,0,2,0,0,0,0,0,1,0
Cota tinctoria,Naturalized,91,0,0,0,0,0,1,0,0,0,0,0,1,0
Crassocephalum crepidioides,Invasive,98,1,0,0,0,0,0,0,0,0,0,1,0,0
Crassocephalum rubens,Invasive,12,0,0,0,0,0,0,0,0,0,0,0,0,0
Crepis tectorum,Invasive,97,0,0,0,0,0,0,0,0,0,0,0,0,0
Crotalaria incana,Alien,70,0,0,0,0,0,0,0,0,1,0,0,0,0
Crotalaria juncea,Alien,89,0,0,1,0,0,2,0,0,1,0,1,2,0
Crotalaria lanceolata,Alien,86,0,0,1,0,0,0,0,0,0,0,0,1,0
Crotalaria micans,Alien,92,0,0,1,0,0,0,0,0,0,0,1,3,0
Crotalaria ochroleuca,Alien,70,0,0,0,0,0,0,0,0,0,0,0,0,0
Crotalaria trichotoma,Alien,88,0,0,0,0,0,0,0,0,0,0,0,1,0
Croton hirtus,Invasive,7,0,0,0,0,0,0,0,0,0,0,0,0,0
Cucumis melo,Naturalized,123,1,0,0,0,0,0,0,0,0,0,1,0,0
Cuphea carthagenensis,Invasive,55,0,0,0,0,0,0,1,0,0,0,1,0,0
Curcuma longa,Naturalized,113,0,1,0,0,0,3,0,0,0,0,1,0,0
Cuscuta approximata,Invasive,166,0,0,0,0,0,0,0,0,0,0,0,0,0
Cuscuta campestris,Invasive,31,0,0,0,0,0,0,0,0,0,0,0,0,0
Cyanus segetum,Alien,105,0,0,0,1,0,0,0,0,0,0,1,1,0
Cyclospermum leptophyllum,Invasive,103,0,0,0,0,0,0,0,0,0,0,0,0,0
Cymbalaria muralis,Alien,71,0,0,0,0,0,0,0,0,0,0,0,1,0
Cymbopogon nardus,Alien,112,0,1,0,0,0,1,0,0,0,0,1,0,0
Cynodon plectostachyus,Naturalized,52,0,0,2,0,0,0,0,0,1,0,0,0,0
Cyperus esculentus,Invasive,68,0,0,0,0,0,0,0,0,0,0,0,0,0
Cyperus prolifer,Naturalized,20,0,0,0,0,0,0,0,0,0,0,0,1,0
Cyperus rotundus,Invasive,178,1,0,1,0,0,2,0,0,0,0,1,1,0
Cyperus surinamensis,Alien,13,0,0,0,0,0,0,0,0,0,0,0,0,0
Dactylis glomerata,Naturalized,174,0,0,2,0,0,0,0,0,1,0,0,1,0
Dahlia pinnata,Naturalized,116,0,0,0,0,0,0,0,0,0,0,1,1,0
Dalbergia sissoo,Naturalized,116,0,0,0,0,0,1,0,0,0,0,1,4,0
Datura inoxia,Alien,97,0,0,0,0,0,0,0,0,0,0,1,1,0
Datura stramonium,Invasive,163,0,0,0,0,0,2,0,0,1,0,1,1,0
Daucus carota,Invasive,166,0,0,0,0,0,1,0,0,0,0,1,0,0
Derris elliptica,Invasive,88,0,0,0,0,0,0,0,0,1,1,0,0,0
Desmanthus virgatus,Invasive,59,0,0,1,0,0,0,0,0,0,0,0,0,0
Desmodium intortum,Naturalized,42,0,0,1,0,0,0,0,0,0,0,0,0,0
Desmodium scorpiurus,Naturalized,97,0,0,0,0,0,0,0,0,0,0,0,0,0
Desmodium tortuosum,Alien,92,0,0,1,0,0,0,0,0,0,0,0,0,0
Deutzia crenata,Naturalized,100,0,0,0,0,0,0,0,0,0,0,0,1,0
Dianthus sylvestris,Naturalized,69,0,0,0,0,0,0,0,0,0,0,0,0,0
Dichanthium annulatum,Naturalized,153,0,0,0,0,0,0,0,0,0,0,0,0,0
Dieffenbachia seguine,Naturalized,69,0,0,0,0,0,0,0,0,1,0,1,1,0
Digitalis purpurea,Naturalized,100,0,0,0,0,0,0,0,0,1,0,1,1,0
Digitaria ciliaris,Naturalized,112,0,0,1,0,0,0,0,0,0,0,0,1,0
Dinebra retroflexa,Alien,43,0,0,0,0,0,0,0,0,0,0,0,0,0
Diodia virginiana,Alien,6,0,0,0,0,0,0,0,0,0,0,0,0,0
Diplotaxis muralis,Alien,115,1,0,0,0,0,0,0,0,0,0,0,0,0
Dolichandra unguis-cati,Invasive,96,0,0,0,0,0,1,0,0,0,0,1,1,0
Duranta erecta,Naturalized,112,0,0,0,0,0,0,0,0,1,0,1,1,0
Dysphania ambrosioides,Invasive,98,0,1,0,0,0,1,0,0,1,0,1,0,0
Dysphania pumilio,Invasive,29,0,0,0,0,0,0,0,0,0,0,0,0,0
Echinocystis lobata,Alien,6,0,0,0,0,0,0,0,0,0,0,0,1,0
Eclipta prostrata,Naturalized,169,0,0,0,0,0,0,0,0,0,0,1,0,0
Ehrharta erecta,Alien,24,0,0,0,0,0,0,0,0,0,0,0,0,0
Eichhornia crassipes,Invasive,114,1,0,1,0,0,0,0,0,0,0,1,3,0
Elaeis guineensis,Naturalized,68,1,0,0,0,0,3,1,0,0,0,1,1,0
Elatine americana,Naturalized,69,0,0,0,0,0,0,0,0,0,0,0,0,0
Elephantopus tomentosus,Invasive,94,0,0,0,0,0,0,0,0,0,0,1,0,0
Eleusine coracana,Naturalized,136,1,0,1,0,0,1,0,0,0,0,0,0,0
Eleutherine bulbosa,Naturalized,86,0,0,0,0,0,0,0,0,0,0,0,0,0
Emilia fosbergii,Naturalized,26,0,0,0,0,0,0,0,0,0,0,0,0,0
Emilia sonchifolia,Naturalized,138,1,0,0,0,0,0,0,0,0,0,1,1,0
Epiphyllum oxypetalum,Naturalized,93,1,0,0,0,0,0,0,0,0,0,0,1,0
Eragrostis ciliaris,Naturalized,110,0,0,1,0,0,0,0,0,0,0,0,0,0
Eragrostis curvula,Invasive,69,0,0,2,0,0,0,0,0,0,0,0,2,0
Erechtites hieracifolia,Naturalized,89,0,0,0,0,0,0,0,0,0,0,0,0,0
Erechtites hieraciifolius,Alien,84,1,0,0,0,0,0,0,0,0,0,0,0,0
Erechtites valerianifolia,Naturalized,98,0,0,0,0,0,0,0,0,0,0,0,0,0
Erechtites valerianifolius,Invasive,100,0,0,0,0,0,0,0,0,0,0,0,0,0
Erigeron annuus,Invasive,121,0,0,0,0,0,0,0,0,0,0,1,0,0
Erigeron bellioides,Naturalized,112,0,0,0,0,0,0,0,0,0,0,0,0,0
Erigeron bonariensis,Invasive,169,0,0,0,0,0,0,0,0,0,0,1,0,0
Erigeron canadensis,Invasive,144,0,0,1,0,0,0,0,0,0,0,1,0,0
Erigeron karvinskianus,Naturalized,73,0,0,0,0,0,0,0,0,0,0,0,1,0
Erigeron philadelphicus,Invasive,38,0,0,0,0,0,0,0,0,0,0,1,0,0
Erigeron speciosus,Alien,35,0,0,0,0,0,0,0,0,0,0,0,1,0
Erigeron strigosus,Invasive,55,0,0,0,0,0,0,0,0,0,0,1,0,0
Erigeron sumatrensis,Invasive,112,0,0,0,0,0,0,0,0,0,0,0,0,0
Erodium moschatum,Naturalized,23,0,0,0,0,0,0,0,0,1,0,0,0,0
Eryngium foetidum,Alien,110,0,1,0,0,0,0,0,0,0,0,1,0,0
Erysimum repandum,Invasive,93,0,0,0,0,0,0,0,0,0,0,0,0,0
Erythrina bidwillii,Naturalized,105,0,0,0,0,0,0,0,0,0,0,0,0,0
Eschscholzia californica,Naturalized,92,0,0,0,0,0,0,0,0,0,1,1,1,0
Etlingera elatior,Naturalized,94,0,1,0,0,0,0,0,0,0,0,0,1,0
Eucalyptus exserta,Invasive,100,0,0,0,0,0,0,0,0,0,0,0,1,0
Eucalyptus globulus,Invasive,94,0,1,0,1,0,5,1,0,0,0,1,1,0
Eucalyptus robusta,Invasive,107,0,0,0,0,0,1,0,0,0,0,1,0,0
Eupatorium adenophorum,Naturalized,60,0,0,0,0,0,0,0,0,1,0,0,1,0
Eupatorium cannabinum,Invasive,99,0,0,0,0,0,0,0,0,0,0,1,1,0
Euphorbia antiquorum,Invasive,105,0,0,0,0,0,0,0,0,0,0,1,1,0
Euphorbia cyathophora,Invasive,94,0,0,0,0,0,1,0,0,1,0,1,1,0
Euphorbia dentata,Invasive,38,0,0,0,0,0,0,0,0,0,0,1,0,0
Euphorbia heterophylla,Invasive,115,0,0,0,0,0,0,0,0,1,0,0,0,0
Euphorbia hypericifolia,Invasive,137,0,0,0,0,0,0,0,0,0,0,1,0,0
Euphorbia hyssopifolia,Invasive,133,0,0,0,0,0,0,0,0,0,0,1,0,0
Euphorbia lathyris,Naturalized,136,0,0,0,0,0,1,1,0,1,0,1,0,0
Euphorbia maculata,Invasive,108,0,0,0,0,0,0,0,0,1,0,0,0,0
Euphorbia marginata,Alien,115,0,0,0,0,0,0,0,0,1,0,0,1,0
Euphorbia milii,Naturalized,115,0,0,0,0,0,0,0,0,1,1,1,1,0
Euphorbia neriifolia,Naturalized,115,0,0,0,0,0,0,0,0,1,0,1,1,0
Euphorbia nutans,Alien,16,0,0,0,0,0,0,0,0,1,0,0,0,0
Euphorbia peplus,Invasive,97,0,0,0,0,0,0,0,0,1,0,1,0,0
Euphorbia prostrata,Invasive,101,0,0,0,0,0,0,0,0,1,0,1,0,0
Euphorbia pulcherrima,Invasive,102,0,0,0,0,0,0,0,1,1,0,1,1,0
Euphorbia serpens,Invasive,97,0,0,0,0,0,0,0,0,0,0,0,0,0
Euphorbia tithymaloides,Naturalized,94,0,0,0,0,0,0,0,0,1,0,1,1,0
Eutrema japonicum,Naturalized,25,0,1,0,0,0,0,0,0,0,0,1,0,0
Evolvulus nummularius,Invasive,21,0,0,0,0,0,0,0,0,0,0,0,0,0
Fallopia scandens,Alien,92,0,0,0,0,0,0,0,0,0,0,0,0,0
Festuca arundinacea,Invasive,84,0,0,1,0,0,0,0,0,1,0,0,3,0
Festuca rubra,Invasive,125,0,0,0,0,0,0,0,0,1,0,0,2,0
Flaveria bidentis,Invasive,32,0,0,0,0,0,0,0,0,0,0,1,0,0
Foeniculum vulgare,Naturalized,166,1,1,0,0,0,0,0,0,0,0,1,0,0
Gaillardia aristata,Invasive,107,0,0,0,0,0,0,0,0,0,0,0,1,0
Gaillardia pulchella,Invasive,114,0,0,0,0,0,0,0,0,0,0,0,1,0
Galinsoga parviflora,Invasive,108,0,0,0,0,0,0,0,0,0,0,1,0,0
Galinsoga quadriradiata,Invasive,103,0,0,0,0,0,0,0,0,0,0,0,0,0
Galium aparine,Alien,137,0,0,0,0,0,0,0,0,0,0,1,0,0
Gaura biennis,Naturalized,120,0,0,0,0,0,0,0,0,0,0,0,0,0
Gaura lindheimeri,Naturalized,112,0,0,0,0,0,0,0,0,0,0,0,0,0
Gaura mollis,Invasive,92,0,0,0,0,0,0,0,0,0,0,0,0,0
Geranium carolinianum,Invasive,104,0,0,0,0,0,0,0,0,0,0,1,0,0
Geranium molle,Naturalized,103,0,0,0,0,0,0,0,0,0,0,0,0,0
Glebionis coronaria,Invasive,166,1,0,0,0,0,0,0,0,0,0,0,1,0
Gliricidia sepium,Alien,34,0,0,1,1,0,1,1,0,0,0,1,3,0
Glyceria maxima,Alien,108,0,0,1,0,0,0,0,0,1,0,0,1,0
Gnaphalium pensylvanicum,Naturalized,101,0,0,0,0,0,0,0,0,0,0,0,0,0
Gnaphalium polycaulon,Naturalized,115,0,0,0,0,0,0,0,0,0,0,0,0,0
Gnaphalium purpureum,Naturalized,169,0,0,0,0,0,0,0,0,0,0,0,0,0
Gomphrena celosioides,Alien,122,0,0,0,0,0,0,0,0,1,0,0,0,0
Gomphrena globosa,Naturalized,120,0,0,0,0,0,0,0,0,0,0,1,1,0
Grindelia squarrosa,Alien,86,0,0,0,0,0,0,0,0,1,0,1,0,0
Gymnocoronis spilanthoides,Alien,19,0,0,0,0,0,0,0,0,0,0,0,1,0
Helenium autumnale,Alien,113,0,0,0,0,0,0,0,0,1,0,0,1,0
Helenium bigelovii,Invasive,59,0,0,0,0,0,0,0,0,0,0,0,0,0
Helianthus annuus,Naturalized,122,1,0,1,1,0,2,1,0,1,0,1,1,0
Helianthus laetiflorus,Naturalized,55,0,0,0,0,0,0,0,0,0,0,0,1,0
Helianthus tuberosus,Naturalized,127,1,0,2,0,0,0,1,0,1,0,1,0,0
Heliotropium ellipticum,Invasive,66,0,0,0,0,0,0,0,0,0,0,0,0,0
Heliotropium europaeum,Invasive,145,0,0,0,0,0,0,0,0,1,0,1,0,0
Herissantia crispa,Invasive,90,0,0,0,0,0,0,0,0,0,0,0,0,0
Hesperis matronalis,Naturalized,92,1,0,0,0,0,0,0,0,0,0,0,1,0
Hibiscus trionum,Invasive,145,0,0,0,0,0,0,0,0,0,0,1,0,0
Hippeastrum striatum,Naturalized,12,0,0,0,0,0,0,0,0,0,0,0,0,0
Hippeastrum vittatum,Invasive,100,0,0,0,0,0,0,0,0,0,0,0,1,0
Hippobroma longiflora,Invasive,93,0,0,0,0,0,0,0,0,1,0,0,0,0
Holcus lanatus,Alien,120,0,0,0,0,0,0,0,0,1,0,0,1,0
Homalocladium platycladum,Naturalized,102,0,0,0,0,0,0,0,0,0,0,0,1,0
Hordeum bulbosum,Naturalized,98,0,0,0,0,0,0,0,0,0,0,0,0,1
Hordeum jubatum,Invasive,96,0,0,0,0,0,0,0,0,1,0,0,0,0
Hydrocotyle verticillata,Invasive,14,0,0,0,0,0,0,0,0,0,0,0,0,0
Hydrocotyle vulgaris,Naturalized,43,0,0,0,0,0,0,0,0,0,0,0,0,0
Hypochaeris radicata,Naturalized,103,0,0,0,0,0,0,0,0,0,0,0,0,0
Hyptis brevipes,Invasive,93,0,0,0,0,0,0,0,0,0,0,1,0,0
Hyptis capitata,Invasive,101,0,0,0,0,0,0,0,0,0,0,0,0,0
Hyptis suaveolens,Invasive,104,0,0,0,0,0,0,0,0,0,0,1,0,0
Impatiens balsamina,Invasive,105,0,0,0,0,0,1,0,0,0,0,1,1,0
Impatiens walleriana,Alien,62,0,0,0,0,0,0,0,0,0,0,0,1,0
Indigofera suffruticosa,Alien,112,0,0,0,0,0,1,0,0,1,0,1,2,0
Ipomoea alba,Alien,89,0,0,0,0,0,0,0,0,0,0,0,1,0
Ipomoea batatas,Naturalized,137,1,1,1,0,0,1,0,0,0,0,1,0,0
Ipomoea carnea,Invasive,87,0,0,0,0,0,0,0,0,0,0,0,0,0
Ipomoea cordatotriloba,Alien,12,0,0,0,0,0,0,0,0,0,0,0,0,0
Ipomoea eriocarpa,Naturalized,93,1,0,1,0,0,0,0,0,0,0,0,0,0
Ipomoea hederifolia,Alien,80,0,0,0,0,0,0,0,0,0,0,0,1,0
Ipomoea indica,Alien,169,0,0,0,0,0,0,0,0,0,0,0,1,0
Ipomoea lacunosa,Invasive,39,0,0,0,0,0,0,0,0,0,0,0,0,0
Ipomoea mauritiana,Invasive,90,0,0,0,0,0,0,0,0,0,0,1,0,0
Ipomoea nil,Invasive,123,0,0,0,0,0,0,0,0,0,0,1,1,0
Ipomoea purpurea,Invasive,102,0,0,0,0,0,0,0,0,1,0,1,1,0
Ipomoea quamoclit,Invasive,105,0,0,0,0,0,0,0,0,0,0,0,1,0
Ipomoea rubriflora,Alien,74,0,0,0,0,0,0,0,0,0,0,0,0,0
Ipomoea trifida,Naturalized,39,0,0,0,0,0,0,0,0,0,0,0,0,0
Ipomoea triloba,Invasive,101,0,0,0,1,0,0,0,0,0,0,0,0,0
Ipomoea turbinata,Naturalized,46,1,0,0,0,0,0,0,0,0,0,1,1,0
Iresine herbstii,Naturalized,101,0,0,0,0,0,1,0,0,0,0,1,1,0
Jacquemontia tamnifolia,Invasive,41,0,0,0,0,0,0,0,0,0,0,0,0,0
Jasminum sambac,Naturalized,115,0,2,0,0,0,1,0,0,0,0,1,1,0
Justicia adhatoda,Alien,169,0,0,0,0,0,0,0,0,0,1,1,3,0
Justicia gendarussa,Invasive,170,0,0,0,0,0,0,0,0,0,0,1,2,0
Kalanchoe tubiflora,Naturalized,21,0,0,0,0,0,0,0,0,1,0,0,1,0
Kickxia elatine,Alien,169,0,0,0,0,0,0,0,0,0,0,0,0,0
Kyllinga polyphylla,Naturalized,12,0,0,0,0,0,0,0,0,0,0,0,0,0
Lablab purpureus,Naturalized,169,1,0,0,0,0,0,0,0,0,0,1,0,0
Lactuca sativa,Naturalized,166,1,0,0,0,0,0,0,0,1,0,0,0,0
Lagascea mollis,Naturalized,57,0,0,0,0,0,0,0,0,0,0,0,0,0
Lantana camara,Invasive,169,0,0,0,0,0,0,0,0,1,0,1,1,0
Lantana montevidensis,Alien,100,0,0,0,0,0,0,0,0,1,0,0,1,0
Lepidium bonariense,Invasive,13,0,0,0,0,0,0,0,0,0,0,0,0,0
Lepidium campestre,Invasive,97,0,0,0,0,0,0,0,0,0,0,0,0,0
Lepidium densiflorum,Alien,98,0,0,0,0,0,0,0,0,0,0,0,0,0
Lepidium didymum,Invasive,115,0,0,0,0,0,0,0,0,0,0,0,0,0
Lepidium virginicum,Invasive,112,0,0,1,0,0,0,0,0,0,0,1,0,0
Leucaena leucocephala,Invasive,169,0,0,2,0,0,4,1,0,1,0,0,2,0
Leucanthemum vulgare,Invasive,112,0,0,0,0,0,0,0,0,0,0,1,1,0
Lilium hansonii,Naturalized,73,0,0,0,0,0,0,0,0,0,0,0,1,0
Limnocharis flava,Invasive,19,1,0,0,0,0,0,0,0,0,0,0,0,0
Lindernia dubia,Naturalized,17,0,0,0,0,0,0,0,0,0,0,0,0,0
Lindernia rotundifolia,Alien,15,0,0,0,0,0,0,0,0,0,0,0,0,0
Linum striatum,Naturalized,108,0,0,0,0,0,0,0,0,0,0,0,0,0
Linum usitatissimum,Naturalized,170,1,1,1,0,0,2,0,0,1,0,1,0,0
Lobularia maritima,Naturalized,105,0,1,0,0,0,0,0,0,0,0,0,1,0
Lolium multiflorum,Alien,107,0,0,2,0,0,0,0,0,1,0,0,4,0
Lolium perenne,Alien,123,0,0,2,0,0,0,0,0,1,0,0,4,0
Lolium persicum,Invasive,91,0,0,0,0,0,0,0,0,0,0,0,0,0
Lolium remotum,Alien,46,0,0,0,0,0,0,0,0,0,0,0,0,0
Lolium rigidum,Naturalized,121,0,0,0,0,0,0,0,0,1,0,0,0,0
Lolium temulentum,Invasive,74,0,0,0,0,0,0,0,0,1,0,1,0,0
Lonicera sempervirens,Naturalized,87,0,0,0,0,0,0,0,0,0,0,0,1,0
Lotus corniculatus,Naturalized,166,0,0,1,1,0,0,0,0,1,0,0,1,0
Ludwigia hyssopifolia,Naturalized,95,0,0,0,0,0,0,0,0,0,0,1,0,0
Ludwigia leptocarpa,Alien,11,0,0,0,0,0,0,0,0,0,0,0,0,0
Macroptilium atropurpureum,Alien,54,0,0,1,0,0,0,0,0,0,0,0,1,0
Macroptilium lathyroides,Alien,109,0,0,1,0,0,0,0,0,0,0,0,2,0
Macrotyloma uniflorum,Naturalized,89,1,0,1,0,0,0,0,0,0,0,1,3,0
Malachra capitata,Naturalized,24,0,0,0,0,0,0,0,0,0,0,0,1,0
Malvastrum americanum,Alien,67,0,0,0,0,0,0,0,0,0,0,0,0,0
Malvastrum coromandelianum,Invasive,135,0,0,0,0,0,0,0,0,0,0,1,0,0
Manihot esculenta,Naturalized,102,1,0,0,0,0,1,0,0,0,0,0,0,0
Martynia annua,Alien,58,0,0,0,0,0,1,0,0,0,0,0,1,0
Matricaria matricarioides,Naturalized,69,0,0,0,0,0,0,0,0,0,0,1,0,0
Mecardonia procumbens,Invasive,18,0,0,0,0,0,0,0,0,0,0,0,0,0
Medicago minima,Alien,112,0,0,1,0,0,0,0,0,0,0,0,0,0
Medicago polymorpha,Invasive,121,0,0,1,0,0,0,0,0,0,0,0,1,0
Medicago sativa,Invasive,166,0,0,2,0,0,0,0,0,1,0,1,0,0
Melilotus officinalis,Invasive,167,0,0,0,0,0,0,0,0,0,0,0,0,0
Melinis minutiflora,Alien,92,0,0,1,0,0,0,0,0,0,0,0,1,0
Melinis repens,Invasive,82,0,0,0,0,0,0,0,0,0,0,0,3,0
Melothria pendula,Alien,8,0,0,0,0,0,0,0,0,0,0,0,0,0
Mentha spicata,Naturalized,106,0,2,0,0,0,1,0,0,0,0,1,0,0
Merremia tuberosa,Alien,58,0,0,0,0,0,0,0,0,0,0,0,1,0
Mikania micrantha,Invasive,90,0,0,0,0,0,0,0,0,0,0,0,0,0
Mimosa bimucronata,Invasive,102,0,0,0,0,0,0,0,0,0,0,0,0,0
Mimosa diplotricha,Alien,31,0,0,1,0,0,0,0,0,0,0,0,2,0
Mimosa invisa,Invasive,97,0,0,0,0,0,0,0,0,0,0,0,0,0
Mimosa pigra,Alien,24,0,0,0,0,0,0,0,0,0,0,0,0,0
Mimosa pudica,Invasive,115,0,0,0,0,0,0,0,0,0,0,1,2,0
Mirabilis jalapa,Invasive,131,0,0,0,0,0,1,0,0,0,0,1,1,0
Mitracarpus hirtus,Invasive,43,0,0,0,0,0,0,0,0,0,0,0,0,0
Mollugo verticillata,Naturalized,86,0,0,0,0,0,0,0,0,0,0,0,0,0
Momordica charantia,Naturalized,117,1,0,0,0,0,0,0,0,1,0,1,0,0
Morinda lucida,Naturalized,21,0,0,0,0,0,1,0,0,0,0,1,0,0
Moringa oleifera,Naturalized,95,1,0,0,0,0,3,1,0,0,0,1,3,0
Muntingia calabura,Naturalized,88,1,0,0,0,0,1,1,0,0,0,0,1,0
Mussaenda erythrophylla,Naturalized,103,0,0,0,0,0,0,0,0,0,0,0,0,0
Myosotis arvensis,Naturalized,10,0,0,0,0,0,0,0,0,0,0,1,0,0
Myriophyllum aquaticum,Invasive,26,0,0,0,0,0,0,0,0,0,0,0,1,0
Nasturtium officinale,Invasive,114,1,0,0,0,0,0,0,0,0,0,1,0,0
Neptunia plena,Alien,59,0,0,0,0,0,0,0,0,0,0,0,1,0
Nicandra physalodes,Invasive,93,0,0,0,0,0,0,0,0,0,0,1,1,0
Nicotiana alata,Naturalized,91,0,0,0,0,0,0,0,1,0,0,0,1,0
Nicotiana plumbaginifolia,Naturalized,86,0,0,0,0,0,0,0,0,0,0,0,0,0
Nopalea cochenillifera,Naturalized,104,1,0,1,0,1,1,0,0,0,0,0,1,0
Nothoscordum gracile,Alien,11,0,0,0,0,0,0,0,0,0,0,0,1,0
Nymphaea alba,Naturalized,108,1,0,0,0,0,0,0,0,0,0,1,1,0
Ochrosia elliptica,Invasive,92,0,0,0,0,0,1,0,0,0,0,1,1,0
Ocimum basilicum,Invasive,117,1,1,0,0,0,1,0,0,0,0,1,0,0
Oenothera biennis,Alien,123,0,0,0,0,0,1,0,0,0,0,1,1,0
Oenothera curtiflora,Invasive,92,0,0,0,0,0,0,0,0,0,0,0,0,0
Oenothera drummondii,Invasive,92,0,0,0,0,0,0,0,0,0,0,0,1,0
Oenothera glazioviana,Invasive,112,1,0,0,0,0,0,0,0,0,0,1,1,0
Oenothera laciniata,Alien,99,0,0,0,0,0,0,0,0,0,0,0,0,0
Oenothera oakesiana,Alien,8,0,0,0,0,0,0,0,0,0,0,0,0,0
Oenothera odorata,Naturalized,121,0,0,0,0,0,0,0,0,0,0,0,0,0
Oenothera parviflora,Alien,71,0,0,0,0,0,0,0,0,0,0,0,0,0
Oenothera rosea,Invasive,86,0,0,0,0,0,0,0,0,0,0,1,0,0
Oenothera speciosa,Alien,45,0,0,0,0,0,0,0,0,0,0,0,1,0
Oenothera stricta,Alien,105,1,0,0,0,0,1,0,0,0,0,1,1,0
Oenothera tetraptera,Alien,87,0,0,0,0,0,0,0,0,0,0,0,0,0
Oenothera villosa,Alien,63,0,1,0,0,0,0,0,0,0,0,1,0,0
Opuntia cochenillifera,Alien,38,0,0,1,0,0,2,0,0,0,0,0,1,0
Opuntia dillenii,Invasive,104,1,0,0,0,0,1,0,0,0,0,1,0,0
Opuntia ficus-indica,Invasive,82,1,0,1,0,0,1,1,0,0,0,1,1,0
Opuntia monacantha,Invasive,110,1,0,0,0,0,0,0,0,0,0,1,1,0
Opuntia stricta,Alien,112,0,0,0,0,0,0,0,0,0,0,1,1,0
Orobanche brassicae,Invasive,45,0,0,0,0,0,0,0,0,0,0,0,0,0
Oxalis bowiei,Alien,42,0,0,0,0,0,0,0,0,0,0,0,1,0
Oxalis debilis,Invasive,169,0,0,0,0,0,0,0,0,0,0,0,0,0
Oxalis latifolia,Invasive,99,0,0,0,0,0,0,0,0,1,0,0,1,0
Oxalis pes-caprae,Naturalized,65,0,0,0,1,0,0,0,0,1,0,0,1,0
Oxalis triangularis,Invasive,13,0,0,0,0,0,0,0,0,0,0,0,0,0
Oxybaphus nyctagineus,Alien,12,0,0,0,0,0,0,0,0,0,0,0,0,0
Pachyrhizus erosus,Naturalized,115,1,0,1,0,0,1,0,0,1,0,0,1,0
Panicum acuminatum,Alien,87,0,0,0,0,0,0,0,0,0,0,0,0,0
Panicum dichotomiflorum,Invasive,114,0,0,0,0,0,0,0,0,0,0,0,0,0
Panicum maximum,Invasive,101,0,0,2,0,0,0,0,0,1,0,0,0,0
Papaver nudicaule,Naturalized,161,0,0,0,0,0,0,0,0,1,0,0,1,0
Parapholis incurva,Invasive,68,0,0,0,0,0,0,0,0,0,0,0,0,0
Parthenium argentatum,Alien,69,0,0,0,0,0,1,0,0,1,0,0,0,0
Parthenium hysterophorus,Invasive,96,0,0,0,0,0,0,0,0,1,0,0,0,0
Parthenocissus quinquefolia,Alien,122,0,0,0,0,0,0,0,0,1,0,1,1,0
Paspalidium flavidum,Naturalized,86,0,0,1,0,0,0,0,0,0,0,0,0,0
Paspalum conjugatum,Invasive,105,0,0,1,0,0,0,0,0,0,0,0,0,0
Paspalum dilatatum,Invasive,103,0,0,2,0,0,0,0,0,1,0,0,1,0
Paspalum distichum,Invasive,101,0,0,2,0,0,0,0,0,1,0,0,1,0
Paspalum fimbriatum,Alien,51,0,0,0,0,0,0,0,0,0,0,0,0,0
Paspalum notatum,Alien,110,0,0,2,0,0,0,0,0,0,0,0,2,0
Paspalum urvillei,Alien,31,0,0,2,0,0,0,0,0,0,0,0,0,0
Paspalum virgatum,Alien,107,0,0,0,0,0,0,0,0,0,0,0,0,0
Passiflora caerulea,Invasive,111,1,0,0,0,0,0,0,0,0,0,1,1,0
Passiflora edulis,Invasive,100,1,0,0,0,0,1,0,0,0,0,1,1,0
Passiflora foetida,Invasive,169,1,0,0,0,0,0,0,0,0,0,1,0,0
Passiflora morifolia,Alien,18,1,0,0,0,0,0,0,0,0,0,0,1,0
Passiflora quadrangularis,Invasive,71,1,0,0,0,0,0,0,0,0,0,1,0,0
Passiflora suberosa,Invasive,96,0,0,0,0,0,0,0,0,0,0,0,1,0
Pennisetum clandestinum,Alien,12,0,0,1,0,0,0,0,0,1,0,0,3,0
Pennisetum glaucum,Naturalized,92,1,0,2,0,0,0,0,0,0,0,0,3,0
Pennisetum polystachion,Invasive,61,0,0,0,0,0,0,0,0,0,0,0,0,0
Pennisetum purpureum,Alien,113,0,0,2,0,0,0,0,0,0,0,0,2,0
Peperomia pellucida,Invasive,106,1,0,0,0,0,0,0,0,0,1,1,0,0
Pereskia aculeata,Alien,65,1,0,0,0,0,0,0,0,0,0,0,1,0
Petiveria alliacea,Invasive,87,0,0,0,0,0,0,0,0,0,0,1,0,0
Petunia hybrida,Naturalized,109,0,0,0,0,0,0,0,0,0,0,0,1,0
Phalaris canariensis,Naturalized,123,1,0,2,0,0,0,0,0,0,0,1,0,0
Phalaris minor,Alien,97,0,0,2,0,0,0,0,0,1,0,0,0,0
Phalaris paradoxa,Alien,64,0,0,0,0,0,0,0,0,0,0,0,0,0
Phaseolus coccineus,Naturalized,116,1,0,0,0,0,0,0,0,1,0,0,1,0
Phaseolus vulgaris,Naturalized,152,0,0,0,0,0,0,0,0,0,0,0,0,0
Phleum pratense,Alien,114,0,0,2,0,0,0,0,0,1,0,0,2,0
Phyllanthus amarus,Alien,94,0,0,0,0,0,0,0,0,0,0,1,0,0
Phyllanthus debilis,Alien,121,0,0,0,0,0,0,0,0,0,0,0,0,0
Phyllanthus niruri,Alien,108,0,0,0,0,0,0,0,0,0,0,1,0,0
Phyllanthus tenellus,Alien,20,0,0,0,0,0,0,0,0,0,0,0,0,0
Physalis angulata,Invasive,146,1,0,0,0,0,0,0,0,0,0,0,0,0
Physalis ixocarpa,Alien,65,1,0,0,0,0,0,0,0,0,0,1,0,0
Physalis lagascae,Invasive,179,0,0,0,0,0,0,0,0,0,0,0,0,0
Physalis peruviana,Alien,97,1,0,0,0,0,0,0,0,1,0,1,1,0
Physalis philadelphica,Invasive,112,1,0,0,0,0,0,0,0,0,0,1,0,0
Physalis pubescens,Alien,147,1,0,0,0,0,0,0,0,0,0,0,0,0
Phytolacca americana,Invasive,166,1,0,0,0,0,1,0,0,1,0,1,1,0
Pilea microphylla,Invasive,105,0,0,0,0,0,0,0,0,0,0,0,1,0
Piper betle,Naturalized,98,0,1,0,0,0,0,0,1,0,0,1,0,0
Pistia stratiotes,Invasive,109,0,0,1,0,0,0,1,0,0,0,0,1,0
Pithecellobium dulce,Naturalized,100,1,0,1,0,0,2,1,0,0,0,1,3,0
Plantago aristata,Alien,123,0,0,0,0,0,0,0,0,0,0,0,0,0
Plantago lanceolata,Naturalized,123,0,0,1,0,0,0,0,0,0,0,1,0,0
Plantago virginica,Invasive,88,0,0,0,0,0,0,0,0,0,0,0,0,0
Pleioblastus gramineus,Naturalized,105,0,0,0,0,0,0,0,0,0,0,0,2,0
Pluchea sagittalis,Invasive,15,0,0,0,0,0,0,0,0,0,0,0,0,0
Plumeria rubra,Naturalized,105,0,0,0,0,0,0,0,0,0,0,1,1,0
Poa annua,Naturalized,166,0,0,0,0,0,0,0,0,0,0,0,1,0
Poa compressa,Naturalized,119,0,0,1,0,0,0,0,0,0,0,0,2,0
Poa pratensis,Naturalized,120,0,0,2,0,0,0,0,0,0,0,0,4,0
Poa trivialis,Naturalized,71,0,0,2,0,0,0,0,0,0,0,0,1,0
Polygala paniculata,Naturalized,91,0,0,0,0,0,0,0,0,0,0,0,0,0
Portulaca grandiflora,Naturalized,105,0,0,0,0,0,0,0,0,0,0,1,1,0
Portulaca oleracea,Naturalized,169,1,0,1,0,0,1,0,0,1,0,1,0,0
Portulaca pilosa,Invasive,112,0,0,0,0,0,0,0,0,0,0,1,0,0
Potamogeton vaseyi,Naturalized,41,0,0,0,0,0,0,0,0,0,0,0,0,0
Praxelis clematidea,Invasive,31,0,0,0,0,0,0,0,0,0,0,0,0,0
Prunella grandiflora,Naturalized,62,0,0,0,0,0,0,0,0,0,0,0,0,0
Pseudelephantopus spicatus,Invasive,97,0,0,0,0,0,0,0,0,0,0,1,0,0
Psidium guajava,Alien,169,1,0,0,0,0,0,0,0,0,0,1,0,0
Punica granatum,Naturalized,131,1,0,0,0,0,0,0,0,0,0,1,2,0
Pyrostegia venusta,Naturalized,101,0,0,0,0,0,0,0,0,0,0,1,1,0
Ranunculus arvensis,Invasive,94,0,0,0,0,0,0,0,0,0,0,1,0,0
Ranunculus muricatus,Invasive,96,0,0,0,0,0,0,0,0,0,0,0,0,0
Ranunculus sardous,Alien,12,0,0,0,0,0,0,0,0,0,0,0,0,0
Raphanus raphanistrum,Alien,63,0,0,0,0,0,0,0,0,1,0,1,0,0
Rauvolfia tetraphylla,Naturalized,62,0,0,0,0,0,1,0,0,0,0,1,0,0
Reseda lutea,Invasive,98,0,0,0,0,0,0,0,0,0,0,0,0,0
Rhus typhina,Alien,97,0,0,0,0,0,0,0,0,0,0,0,1,0
Rhynchospora submarginata,Naturalized,86,0,0,0,0,0,0,0,0,0,0,0,0,0
Ribes nigrum,Naturalized,94,1,1,0,0,0,1,0,0,0,0,0,0,0
Ribes uva-crispa,Naturalized,176,1,0,0,0,0,0,0,0,0,0,1,1,0
Richardia brasiliensis,Invasive,64,0,0,0,0,0,0,0,0,0,0,0,0,0
Richardia scabra,Invasive,54,0,0,0,0,0,0,0,0,0,0,0,0,0
Ricinus communis,Invasive,145,0,1,0,0,0,2,1,0,1,1,1,1,0
Rivina humilis,Alien,123,0,0,0,0,0,0,0,0,1,0,0,1,0
Robinia pseudoacacia,Invasive,108,0,0,0,1,0,1,1,0,1,0,1,6,0
Rorippa amphibia,Invasive,7,0,0,0,0,0,0,0,0,0,0,0,0,0
Rosmarinus officinalis,Naturalized,12,0,1,0,1,0,1,0,0,0,0,1,1,0
Rotala ramosior,Naturalized,86,0,0,0,0,0,0,0,0,0,0,0,0,0
Rudbeckia hirta,Invasive,121,0,0,0,0,0,0,0,0,1,0,0,1,0
Rudbeckia laciniata,Invasive,106,0,0,0,0,0,0,0,0,1,0,0,1,0
Ruellia simplex,Naturalized,28,0,0,0,0,0,0,0,0,0,0,0,1,0
Ruellia tuberosa,Invasive,92,0,0,0,0,0,0,0,0,0,0,0,0,0
Sagittaria graminea,Alien,64,0,0,0,0,0,0,0,0,0,0,0,0,0
Salicornia bigelovii,Alien,21,1,0,0,0,0,0,1,0,0,0,0,0,0
Salix fragilis,Naturalized,166,0,0,0,1,0,1,1,0,0,0,1,2,0
Salvia coccinea,Alien,105,0,0,0,0,0,0,0,0,0,0,1,1,0
Salvia sclarea,Alien,85,0,1,0,0,0,1,0,0,0,0,1,0,0
Salvia tiliifolia,Invasive,42,0,0,0,0,0,0,0,0,0,0,0,0,0
Sansevieria trifasciata,Alien,104,0,0,0,0,0,1,0,0,0,0,0,1,0
Sanvitalia procumbens,Naturalized,101,0,0,0,0,0,0,0,0,0,0,1,1,0
Saponaria officinalis,Naturalized,110,0,0,0,0,0,1,0,0,1,0,1,1,0
Saussurea costus,Naturalized,67,0,1,0,0,0,1,0,0,0,0,1,0,0
Sclerocarpus africanus,Naturalized,46,0,0,0,0,0,0,0,0,0,0,0,0,0
Scoparia dulcis,Invasive,169,0,0,0,0,0,0,0,0,0,0,1,0,0
Secale cereale,Invasive,112,0,0,0,0,0,0,0,0,1,0,1,0,0
Sechium edule,Naturalized,89,1,0,1,0,0,0,0,0,0,0,1,0,0
Securigera varia,Invasive,98,0,0,2,0,0,0,0,0,1,0,0,2,0
Sedum mexicanum,Naturalized,19,0,0,0,0,0,0,0,0,0,0,0,3,0
Senna alata,Alien,86,0,0,0,0,0,0,0,0,0,0,1,2,0
Senna bicapsularis,Invasive,70,0,0,0,0,0,0,0,0,1,0,0,1,0
Senna corymbosa,Invasive,40,0,0,0,0,0,0,0,0,0,0,0,1,0
Senna didymobotrya,Invasive,57,0,0,0,0,0,0,0,0,1,0,0,2,0
Senna fruticosa,Invasive,79,0,0,0,0,0,0,0,0,0,0,0,0,0
Senna hirsuta,Alien,64,0,0,0,0,0,0,0,0,0,0,0,0,0
Senna obtusifolia,Invasive,105,0,0,0,0,0,0,0,0,0,0,1,0,0
Senna occidentalis,Invasive,169,1,0,0,0,0,0,0,1,1,0,1,1,0
Senna siamea,Naturalized,86,0,0,0,0,0,0,1,0,0,0,0,4,0
Senna sophera,Invasive,94,0,0,0,0,0,0,0,0,0,0,1,0,0
Senna surattensis,Naturalized,169,0,0,0,0,0,0,0,0,0,0,0,0,0
Senna tora,Naturalized,90,1,0,0,0,0,0,0,0,0,0,1,0,0
Sesbania cannabina,Invasive,112,0,0,1,0,0,1,1,0,0,0,0,2,0
Sesbania grandiflora,Alien,97,1,0,1,0,0,1,1,0,0,0,1,3,0
Sesbania herbacea,Invasive,112,0,0,0,0,0,0,0,0,0,0,0,0,0
Sesbania sesban,Alien,104,0,0,1,0,0,0,1,0,0,0,1,4,0
Setaria parviflora,Alien,169,0,0,0,0,0,0,0,0,0,0,0,0,0
Setaria sphacelata,Alien,112,0,0,0,0,0,0,0,0,0,0,0,0,0
Sherardia arvensis,Alien,94,0,0,0,0,0,0,0,0,0,0,0,0,0
Sicyos angulatus,Alien,35,0,0,0,0,0,0,0,0,0,0,0,0,0
Sida acuta,Invasive,118,0,0,0,0,0,1,0,0,0,0,1,0,0
Silene armeria,Naturalized,105,0,0,0,0,0,0,0,0,0,0,0,1,0
Silene gallica,Alien,115,0,0,0,0,0,0,0,0,0,0,0,1,0
Silene vulgaris,Invasive,166,1,0,0,0,0,0,0,0,0,0,0,0,0
Silphium perfoliatum,Invasive,76,0,0,0,1,0,0,1,0,0,0,1,0,0
Silybum marianum,Alien,83,0,1,0,1,0,0,0,0,1,0,1,1,0
Sinapis alba,Naturalized,65,0,0,1,0,0,0,0,0,0,0,1,0,0
Sinapis arvensis,Naturalized,57,0,0,0,0,0,0,0,0,1,0,0,0,0
Sisymbrium altissimum,Naturalized,120,0,0,0,0,0,0,0,0,0,0,0,0,0
Sisymbrium irio,Naturalized,114,0,0,0,0,0,0,0,0,0,0,0,0,0
Sisymbrium officinale,Naturalized,96,0,0,0,0,0,0,0,0,0,0,1,0,0
Sisymbrium orientale,Naturalized,25,0,0,0,0,0,0,0,0,0,0,0,0,0
Sisyrinchium atlanticum,Naturalized,35,0,0,0,0,0,0,0,0,0,0,0,0,0
Sisyrinchium micranthum,Naturalized,7,0,0,0,0,0,0,0,0,1,0,0,0,0
Smallanthus uvedalia,Invasive,41,0,0,0,0,0,0,0,0,0,0,0,0,0
Solanum aculeatissimum,Invasive,133,0,0,0,0,0,0,0,0,1,0,1,1,0
Solanum betaceum,Naturalized,67,1,0,0,0,0,0,0,0,0,0,0,0,0
Solanum capsicoides,Invasive,145,1,0,0,0,0,0,0,0,0,0,1,1,0
Solanum carolinense,Alien,65,0,0,0,0,0,0,0,0,1,0,1,0,0
Solanum chrysotrichum,Invasive,139,0,0,0,0,0,0,0,0,0,0,0,1,0
Solanum donianum,Naturalized,108,0,0,0,0,0,0,0,0,0,0,0,0,0
Solanum elaeagnifolium,Invasive,5,0,0,0,0,0,0,0,0,1,0,0,0,0
Solanum erianthum,Invasive,165,0,0,0,0,0,0,0,0,0,0,1,0,0
Solanum lycopersicum,Naturalized,167,1,0,0,0,0,0,0,0,1,0,1,0,0
Solanum pseudocapsicum,Alien,123,0,0,0,0,0,0,0,0,1,0,0,1,0
Solanum rostratum,Invasive,42,0,0,0,0,0,0,0,0,0,0,1,0,0
Solanum sarrachoides,Alien,43,0,0,0,0,0,0,0,0,0,0,0,0,0
Solanum scabrum,Alien,106,1,0,0,0,0,0,0,0,0,0,0,0,0
Solanum seaforthianum,Naturalized,87,0,0,0,0,0,0,0,0,1,0,0,1,0
Solanum sisymbriifolium,Alien,121,0,0,0,0,0,0,0,0,0,0,0,1,0
Solanum torvum,Invasive,128,1,0,0,0,0,0,0,0,0,0,1,0,0
Solanum viarum,Alien,118,0,0,0,0,0,0,0,0,0,0,1,0,0
Solanum wrightii,Naturalized,169,0,0,0,0,0,0,0,0,0,0,0,2,0
Solidago altissima,Naturalized,89,0,0,0,0,0,0,0,0,0,0,0,0,0
Solidago canadensis,Invasive,108,0,0,0,1,0,0,0,0,0,0,1,1,0
Soliva anthemifolia,Invasive,96,0,0,0,0,0,0,0,0,0,0,0,0,0
Sonchus arvensis,Invasive,143,0,0,0,0,0,0,0,0,0,0,0,0,0
Sonchus asper,Alien,111,0,0,0,0,0,0,0,0,0,0,0,0,0
Sonchus oleraceus,Invasive,166,0,0,0,0,0,0,0,0,0,0,1,0,0
Sonneratia apetala,Alien,27,0,0,0,0,0,0,0,0,0,0,0,0,0
Sorghum halepense,Invasive,111,0,0,1,0,0,0,0,0,1,0,0,1,0
Spartina alterniflora,Invasive,90,0,0,2,0,0,0,0,0,0,0,0,1,0
Spartina anglica,Invasive,43,0,0,1,0,0,1,1,0,0,0,0,1,0
Spergula arvensis,Naturalized,65,0,0,1,0,0,0,0,0,0,0,0,0,0
Spermacoce alata,Invasive,62,0,0,0,0,0,0,0,0,0,0,0,0,0
Spermacoce remota,Invasive,41,0,0,0,0,0,0,0,0,0,0,0,0,0
Sphagneticola trilobata,Invasive,31,0,0,0,0,0,0,0,0,1,0,0,1,0
Spilanthes acmella,Naturalized,86,0,0,0,0,0,0,0,0,0,0,0,0,0
Stachys arvensis,Alien,50,0,0,0,0,0,0,0,0,0,0,0,0,0
Stachytarpheta jamaicensis,Invasive,40,0,0,0,0,0,0,0,0,0,0,1,0,0
Stachytarpheta urticifolia,Invasive,169,0,0,0,0,0,0,0,0,0,0,0,0,0
Stellaria media,Invasive,148,1,0,0,0,0,0,0,0,1,0,1,0,0
Stellaria pallida,Invasive,73,0,0,0,0,0,0,0,0,0,0,0,0,0
Stemodia verticillata,Invasive,2,0,0,0,0,0,0,0,0,0,0,0,0,0
Stylosanthes guianensis,Alien,36,0,0,1,0,0,0,0,0,0,0,0,2,0
Symphytum officinale,Alien,42,0,0,1,0,0,2,0,0,1,0,1,2,0
Synedrella nodiflora,Invasive,114,0,0,0,0,0,0,0,0,0,0,0,0,0
Syzygium jambos,Naturalized,169,1,0,0,0,0,0,0,0,0,0,1,0,0
Tagetes erecta,Alien,166,0,1,1,0,0,1,0,1,0,1,1,1,0
Talinum fruticosum,Alien,104,1,0,0,0,0,0,0,0,0,0,0,1,0
Talinum paniculatum,Invasive,98,0,0,0,0,0,0,0,0,0,0,1,1,0
Tanacetum parthenifolium,Invasive,89,0,0,0,0,0,0,0,0,0,0,0,1,0
Tanacetum vulgare,Alien,146,0,1,0,0,0,2,0,0,1,1,1,1,0
Tephrosia candida,Alien,94,0,0,0,0,0,0,0,0,0,0,0,3,0
Tetragonia tetragonioides,Invasive,48,0,0,0,0,0,0,0,0,0,0,0,0,0
Thunbergia alata,Alien,169,0,0,0,0,0,0,0,0,0,0,0,1,0
Tinantia erecta,Invasive,8,0,0,0,0,0,0,0,0,0,0,0,0,0
Tithonia diversifolia,Invasive,101,0,0,0,0,0,0,0,0,0,0,0,1,0
Tithonia rotundifolia,Invasive,96,0,0,0,1,0,0,0,0,0,0,0,1,0
Torenia fournieri,Invasive,54,0,0,0,0,0,0,0,0,0,0,0,1,0
Tradescantia fluminensis,Invasive,19,0,0,0,0,0,0,0,0,0,0,0,1,0
Tradescantia pallida,Invasive,17,0,0,0,0,0,0,0,0,0,0,0,1,0
Tradescantia zebrina,Invasive,90,0,0,0,0,0,0,0,0,0,0,0,1,0
Tribulus cistoides,Naturalized,90,0,0,0,0,0,0,0,0,0,0,0,0,0
Tridax procumbens,Invasive,94,0,0,0,0,0,0,0,0,0,0,0,0,0
Trifolium dubium,Naturalized,62,0,0,1,1,0,0,0,0,0,0,0,2,0
Trifolium fragiferum,Naturalized,91,0,0,1,0,0,0,0,0,0,0,0,0,0
Trifolium hybridum,Alien,96,0,0,2,1,0,0,0,0,1,0,0,1,0
Trifolium incarnatum,Alien,12,1,0,2,1,0,0,0,0,1,0,0,2,0
Trifolium pratense,Invasive,109,0,1,2,1,0,0,0,0,1,0,1,1,0
Trifolium repens,Invasive,166,0,0,1,1,0,0,0,0,1,0,1,3,0
Trigonella foenum-graecum,Naturalized,108,1,1,1,0,0,1,0,0,0,0,1,0,0
Triodanis perfoliata,Alien,16,0,0,0,0,0,0,0,0,0,0,0,0,0
Tropaeolum majus,Naturalized,121,1,0,0,0,0,0,0,0,0,0,1,1,0
Ulex europaeus,Invasive,160,0,0,1,0,0,0,0,0,0,0,0,4,0
Ulmus laevis,Naturalized,63,0,0,0,0,0,0,0,0,0,0,0,2,0
Vaccaria hispanica,Invasive,166,0,0,0,0,0,0,0,0,1,0,1,1,0
Verbena bonariensis,Alien,26,0,0,0,0,0,0,0,0,0,0,0,1,0
Veronica arvensis,Invasive,73,0,0,0,0,0,0,0,0,0,0,0,0,0
Veronica hederifolia,Invasive,37,0,0,0,0,0,0,0,0,0,0,0,0,0
Veronica peregrina,Invasive,119,1,0,0,0,0,0,0,0,0,0,1,0,0
Veronica persica,Invasive,116,0,0,0,0,0,0,0,0,0,0,0,0,0
Veronica polita,Invasive,137,0,0,0,0,0,0,0,0,0,0,0,0,0
Vicia sativa,Alien,137,0,0,0,0,0,0,0,0,0,0,0,0,0
Vicia villosa,Invasive,93,0,0,1,0,0,0,0,0,0,0,0,1,0
Voacanga africana,Invasive,50,0,0,0,0,0,0,0,0,0,0,1,0,0
Vulpia myuros,Naturalized,89,0,0,0,0,0,0,0,0,0,0,0,3,0
Waltheria indica,Invasive,179,0,0,0,0,0,1,0,0,0,0,0,1,0
Xanthium spinosum,Invasive,5,0,0,0,0,0,0,0,0,1,0,0,0,0
Xanthium strumarium,Invasive,169,0,0,0,0,0,0,0,0,0,0,0,0,0
Zephyranthes candida,Invasive,93,0,0,0,0,0,0,0,0,0,0,0,1,0
Zephyranthes carinata,Invasive,26,0,0,0,0,0,0,0,0,0,0,0,1,0
Zephyranthes minuta,Invasive,95,0,0,0,0,0,0,0,0,0,0,0,0,0
Zinnia elegans,Invasive,119,0,0,0,0,0,0,0,0,0,0,0,1,0
Zinnia peruviana,Invasive,98,0,0,0,0,0,0,0,0,0,0,0,0,0
